label,x1,y1,z1,x2,y2,z2,x3,y3,z3,x4,y4,z4,x5,y5,z5,x6,y6,z6,x7,y7,z7,x8,y8,z8,x9,y9,z9,x10,y10,z10,x11,y11,z11,x12,y12,z12,x13,y13,z13,x14,y14,z14,x15,y15,z15,x16,y16,z16,x17,y17,z17,x18,y18,z18,x19,y19,z19,x20,y20,z20,x21,y21,z21
GOOD_MORNING,0.0,0.0,0.0,0.10593118593892853,-0.7406241681505511,-0.014108627172141692,0.2967195485481916,-1.2938092615929782,-0.06961271360295923,0.4568324299089327,-1.657791763024505,-0.13066765893218227,0.5224394134954532,-1.9316062862528147,-0.1886762099630918,0.7243025207688213,-0.9599744011966137,-0.10099028027167542,0.8986337885076748,-1.3978491325986153,-0.158468171610251,0.7567307195203578,-1.3145214775695506,-0.20259762997223238,0.6408412182177039,-1.1441816358260086,-0.22871977220632417,0.8141910541532007,-0.5672693823068301,-0.12368660086738363,0.9327904052127616,-1.0167390487281318,-0.13413523839008767,0.7915470239942299,-0.9958684356883857,-0.13329653831535415,0.6787633651064171,-0.8505580298762097,-0.14695793345809355,0.8298903630736547,-0.22024661642629492,-0.14149880342535726,0.8922434569902657,-0.6506168369687915,-0.13568814553526892,0.7679994105885191,-0.6263802863366068,-0.11304026232273734,0.6601031110845933,-0.4890860318976528,-0.11499610887205351,0.8140619065477154,0.06699655782254323,-0.16291366731169485,0.8653731051911635,-0.29063161142411387,-0.1414357624066954,0.7466320067597285,-0.2968189967043318,-0.09817475278663006,0.6449991411260103,-0.20492530049750504,-0.0707474027210352
GOOD_MORNING,0.0,0.0,0.0,0.12316461714419272,-0.7834746880890403,-0.009550856962389703,0.3277802363444931,-1.3056188602610106,-0.052844511859583304,0.5103143566321162,-1.6312247706185985,-0.09390848203594966,0.6085195926637909,-1.827347834505833,-0.12643003098687558,0.808528130059196,-0.8752030264791453,-0.11399402320738401,1.0182539141363018,-1.386631861757816,-0.11287347276619993,0.8475733621303603,-1.377077558885053,-0.0999771145818926,0.7085438136646287,-1.2322713436068315,-0.09322484101249015,0.886738308020336,-0.4479073528637631,-0.11434236458901864,1.0375587175293242,-1.0075846575621479,-0.08849348040871335,0.8848566158127479,-1.0557105628340313,-0.06449945526046282,0.7626748871253842,-0.9282124954707982,-0.06903999969731336,0.8828495091283096,-0.10008930351344561,-0.0999874024881967,1.0008455296508008,-0.6203399071069138,-0.07303496592257774,0.872427756124,-0.6577438247177859,-0.04428380473430148,0.7474061496237199,-0.5425344758665172,-0.046450875000851426,0.8477866617519728,0.16434237037664545,-0.08350222769568272,0.9556792160106453,-0.26221221769371333,-0.05668876693795111,0.8398912503684545,-0.3094098658149714,-0.012164102071659971,0.7264890101154351,-0.2237707803198085,0.015515886543189448
GOOD_MORNING,0.0,0.0,0.0,0.13578228365434117,-0.7904015048749723,-0.032649287619269864,0.35230890268495335,-1.3129972107244137,-0.09424576067337138,0.5418991137194256,-1.6903397582786719,-0.1473103913869482,0.6330513916355116,-2.01089522775973,-0.1898614268250283,0.8276804896766303,-0.8328997288552787,-0.1540479972517587,1.0532729066443025,-1.35019651612733,-0.15691887103733107,0.8690469799215172,-1.3216178536972467,-0.14378475691343826,0.728252050978678,-1.1730868662442506,-0.13759900245323553,0.9116201120790837,-0.3852017035786385,-0.1434169404674135,1.0689735651735814,-0.960058506803898,-0.12047412685668547,0.9000570568185896,-0.9915247124746049,-0.09206190550597186,0.7772143258221647,-0.8642523794547252,-0.09507315757357121,0.9054962493075367,-0.03340332159220912,-0.11672535577354469,1.0348302271295866,-0.5642933188651466,-0.08248628764354306,0.8989391596254666,-0.5911610212719525,-0.04017828629967851,0.7711858874802483,-0.4801967232759508,-0.0377059809735861,0.8640410143430933,0.21925384922945615,-0.09051110196876894,0.9786452772073561,-0.1995487045107269,-0.06134513572195988,0.8602302397457933,-0.24897760481510742,-0.010893301373885115,0.74526956663686,-0.1722830822323612,0.01990260265953903
GOOD_MORNING,0.0,0.0,0.0,0.12189071595951703,-0.7981285991401137,-0.035069308131465485,0.3379573821504106,-1.329800790946579,-0.09602578382528017,0.5296009661789001,-1.6941444545155628,-0.1499649489533583,0.6082278405701457,-2.014790730679073,-0.19401058637361987,0.8191409286696428,-0.8610815672176153,-0.13562914429696823,1.0455430779584953,-1.3489709107559023,-0.1435052120024832,0.8649513118996216,-1.3313419671784945,-0.14049111120024638,0.7291583221172542,-1.1856484804869893,-0.14120500047488402,0.9026414728210678,-0.41130392750782185,-0.12675744853874987,1.065061762859523,-0.9484513759338403,-0.11105748836473793,0.8980083417811968,-0.9928698993830329,-0.09101440294706499,0.7748505965145067,-0.8702162771828574,-0.09602173283635282,0.89709467873779,-0.05773313381164896,-0.10418516569344373,1.0121240397034421,-0.5567496737209258,-0.0796774628734461,0.8779000729509503,-0.5861424490847501,-0.04714377950121191,0.7575111636124401,-0.4673326452374457,-0.0464650475591817,0.8605880067296373,0.20151191308481167,-0.08164348281820175,0.9725153304260037,-0.20260658031495735,-0.057195700876087816,0.853892772289119,-0.24210966380703086,-0.008800334725122134,0.7425372681853419,-0.1544834725026927,0.022278173409757747
GOOD_MORNING,0.0,0.0,0.0,0.09244115937157366,-0.772545406124686,-0.06824171747629708,0.304348344217584,-1.313818534263818,-0.13949309174005178,0.4928095814232863,-1.7158220654438037,-0.1983502064091676,0.5743183639474366,-2.053459456606123,-0.24505724537438098,0.7964102699641841,-0.884590698517118,-0.1540422887078582,1.017496872527978,-1.4374369830657598,-0.17113082219929177,0.8471186922121349,-1.4763522940433504,-0.17148130070791068,0.7138270007878974,-1.338071778269763,-0.17320209859603364,0.8805904782278152,-0.4549601688386229,-0.13255811715937846,1.0398554511273366,-1.0563033988889226,-0.13366522726837074,0.8835095321078194,-1.1253625454387433,-0.11936634972717662,0.7657377793250948,-0.9982496293898008,-0.12435098431812788,0.8782053277952979,-0.11872791230798256,-0.10223354793436938,1.0041197045590868,-0.6717316482754542,-0.09873116338591044,0.873623014381836,-0.7342179137773936,-0.07329026452054516,0.755564986292148,-0.6181514075731481,-0.07184118961128169,0.8461038462489493,0.13575270481310003,-0.07381549024778969,0.9737869272842608,-0.32108829279227286,-0.06842727456979501,0.8629797755944458,-0.39130685433529566,-0.028678604245495853,0.7529116913221082,-0.30959911047280564,-0.0004850789008862603
GOOD_MORNING,0.0,0.0,0.0,0.08682766459679594,-0.8071579368746653,-0.06273557370622296,0.2882475807637427,-1.3736306840821224,-0.13625222306830795,0.4819496760445823,-1.7781178308903256,-0.19702518865581173,0.5582909077190599,-2.121435894978264,-0.24526968225409476,0.7475039378579111,-0.935375285816863,-0.1751235439275919,0.9867098865946453,-1.518021842176378,-0.20349208465388186,0.8202231120084582,-1.5003474801747432,-0.20735275090845245,0.6961116980261909,-1.3249426361675063,-0.21104411757838662,0.8472059390401676,-0.5074997608784064,-0.15711807522824375,1.0467925458024505,-1.1341699610397467,-0.17039517378487923,0.892198306437588,-1.182352335237462,-0.15263143189524445,0.7733494833883918,-1.0366146513453292,-0.15443094192820586,0.8657613551519965,-0.17261104515754025,-0.12859376677504333,1.0229943975912603,-0.7537415490899488,-0.1254473752410093,0.8956464780761093,-0.7941528226037994,-0.09036782773871234,0.7826802290611651,-0.654494847997622,-0.08398719354956874,0.8503877116899002,0.08237347350424909,-0.10286903167234769,0.9893869542510728,-0.3828618456219331,-0.09432417058465416,0.8762361633911677,-0.4320923787500826,-0.052178204484986536,0.7699487792060548,-0.32788290667752146,-0.024725050795385912
GOOD_MORNING,0.0,0.0,0.0,0.018345082334387083,-0.8749083647132195,-0.07359188777567618,0.22427702705568417,-1.470892562771606,-0.14230417277126062,0.49691978318418634,-1.859226362769818,-0.18869169953949458,0.6245710035542157,-2.206921005263428,-0.21367193612782795,0.6209961031328113,-1.0234791131975858,-0.25012492404970554,1.0127964569021406,-1.7531997322980817,-0.27856379728763364,0.8204444980548545,-1.7522273076358057,-0.2428026647172145,0.6635838832283927,-1.5570621091474899,-0.21389474414140755,0.7897635296915411,-0.5698322274846751,-0.2270788402493984,1.143827984953507,-1.3955404322064497,-0.2594880993962051,0.9557581444638258,-1.4428582712884337,-0.21592279062170658,0.8159510767772871,-1.2626427543874563,-0.18832884269965802,0.8801133162314765,-0.22970028898869826,-0.18815245933909314,1.187555830548375,-1.0126692439197142,-0.1984654365942405,1.026277259772904,-1.06443953738662,-0.1355782748287112,0.8952980184134671,-0.8960181732631348,-0.10374379870446161,0.9216257153951065,0.005198483061523492,-0.15102718988535177,1.1312301264268723,-0.6033582387346248,-0.17538424794020235,1.0195851022439932,-0.6605588016293393,-0.13897115725731796,0.9112826530781724,-0.5198720238270389,-0.10736115679564957
GOOD_MORNING,0.0,0.0,0.0,-0.060344717450184396,-0.7640660643582652,-0.14996490519259906,0.13878487250902427,-1.4373157480687708,-0.24465776121888227,0.4473778274131543,-1.8836805891081336,-0.30165596483207946,0.6087428262134448,-2.330935021580571,-0.3381905164816602,0.5484979725757475,-0.9521532419482097,-0.36924120326442456,0.9635428819413515,-1.7075185281610463,-0.42284292526376877,0.9963131346160006,-2.06707301965127,-0.3635016884724661,0.9548581738347139,-2.1844026685844002,-0.30708089426645463,0.7600175624428396,-0.5716617856331022,-0.3091538575292528,1.2096859443136723,-1.4194745614309878,-0.38014655398587516,1.1297030655308937,-1.8216950059113939,-0.301437046424174,1.0044945061505048,-1.8888115229221265,-0.23009276406306442,0.8833097696973983,-0.3190717680557946,-0.2407032403338863,1.3278718967423815,-1.0861004588511773,-0.299098228044189,1.2596706521132544,-1.4826596582374865,-0.22549728896347582,1.1376347775341802,-1.5964435678973674,-0.16133369538652817,0.9316880475478342,-0.1731684422923013,-0.1784083626963526,1.285091157760835,-0.7065812398829272,-0.22026078790804993,1.3013368191186516,-1.0732019570015494,-0.1906290353316622,1.2404095627622924,-1.248642014062954,-0.15580000622533519
GOOD_MORNING,0.0,0.0,0.0,-0.09147927849674496,-0.8042586225037517,-0.2632821822668742,0.10761064216494398,-1.5810521238533615,-0.42467596077940895,0.429661531793182,-2.112481954171081,-0.523499393012651,0.6441487488274912,-2.5953653778753405,-0.5903989498146753,0.4998347418836076,-0.8417416821615419,-0.5616308004989174,1.0075261510102975,-1.525312662935875,-0.7383351494261624,1.0675385009024145,-2.1081151260544204,-0.7621615546886114,0.9972706806760872,-2.4257300751972184,-0.7456331303968669,0.7337653483365517,-0.49307850459002184,-0.4673991890149218,1.2960897494863868,-1.264118904484154,-0.6669217329753533,1.3767432128580237,-1.9842348954837188,-0.6656366538998036,1.3168261440956803,-2.3858851171112407,-0.6373652497346474,0.8836915480228676,-0.35568177346891866,-0.3718430775654174,1.4077961382438473,-1.0587451262145169,-0.5454649645205627,1.4878618109839237,-1.7451919867227172,-0.5523841275136071,1.458235418569216,-2.195404718816619,-0.5275349179051874,0.9602237670348657,-0.343768948271747,-0.2840615204839529,1.3504550149547458,-0.9490819137962132,-0.40572113877356497,1.4350995498749228,-1.4842035523957193,-0.42480797882365495,1.4425643566969648,-1.8896462313857745,-0.41839407421595864
GOOD_MORNING,0.0,0.0,0.0,-0.09613852898019236,-0.7677884049600661,-0.35732730402019874,0.10563171416160283,-1.553878206838138,-0.5646219728527789,0.47728828131658746,-2.089773484359872,-0.6848784775764323,0.7693170652088605,-2.4896810294461287,-0.7549050993144023,0.4536096150385649,-0.42405627628926873,-0.72712551524773,0.9583560668846652,-1.0806542025466612,-0.9879810304679669,0.9935873950429212,-1.8804525860497892,-1.0554656280422143,0.9113571683263504,-2.3327674342109597,-1.0643372491830694,0.7671801303156128,-0.19719033754791576,-0.6103692476089031,1.3464292148933201,-0.7995265204285781,-0.9450914030329949,1.4116771121792948,-1.7182095632805718,-0.9917966059374492,1.316557690031632,-2.200496176319745,-0.9787967288216768,0.9828472848100848,-0.21132114227199272,-0.49521501667020684,1.4982275317202032,-0.7847304865053238,-0.7763732169371963,1.5884458245853428,-1.6104135760394538,-0.8121433351831421,1.5404733828382775,-2.1032891798929287,-0.7863177195026663,1.1165355720228347,-0.32403648425314574,-0.3913928199053816,1.5220444077176896,-0.8502069614042579,-0.5839356420567476,1.6094111758763099,-1.4410747751456785,-0.622182618963386,1.5937676581787612,-1.862666058306489,-0.617565597984678
GOOD_MORNING,0.0,0.0,0.0,0.1097706007828595,-0.5517405445726836,-0.2540732337842728,0.3507247918473299,-0.9052830172237613,-0.4044705655506534,0.6619189758582968,-1.1152993625723888,-0.5121191732488722,0.8712146947784474,-1.3486803677732235,-0.6026147478321385,0.5785195261493339,0.2741036361424687,-0.3968651639094565,0.903771904512169,-0.3164298969004862,-0.6219056655752419,0.9567363735850734,-0.9138524927260685,-0.7649914319133471,0.926759572896553,-1.2866687328406197,-0.8394917745986799,0.8237880352637688,0.4537328328275828,-0.33985259947588525,1.1748935947872807,-0.1080675308130267,-0.5333079110408143,1.2094270202287907,-0.7818488358625314,-0.5874296699691892,1.1308189495591245,-1.1616951172051064,-0.6071611453541562,0.9935569225559152,0.4267807750344861,-0.30137752054682304,1.3296514244850142,-0.05335027169356493,-0.48403905187958224,1.328224017725376,-0.6389520766198865,-0.5129292879483528,1.2305895212397395,-0.9669434647789937,-0.5049819034376591,1.0801793660991406,0.29899891911612214,-0.27881097806545624,1.338299570994797,-0.10663760658114935,-0.4171063094163544,1.3498963068647671,-0.5141911873885874,-0.4343627949061375,1.270422855112869,-0.7631352059722845,-0.42036588526909285
GOOD_MORNING,0.0,0.0,0.0,0.16637084086806175,-0.16371808659162287,-0.1522630779944134,0.3489185816597652,-0.11399929248540722,-0.23656575564751933,0.511266530732495,0.006735597793293826,-0.30213639209968496,0.615041647877302,0.14813939107179047,-0.35799290779824017,0.31006855330147304,0.8327626698430944,-0.1610738887650862,0.5618946655491097,0.6994151626466235,-0.271768930631656,0.6724548297173719,0.3059970874835932,-0.3588405190216516,0.6707039768866178,0.005307258968104698,-0.40465698118129123,0.31196819142651777,0.9419833287589351,-0.12386789688334757,0.5764152350642524,0.7443973331487193,-0.21520439932403848,0.669120288710037,0.31738091291204606,-0.261975001883792,0.6534435699374956,-0.007322862101934698,-0.28144424139765645,0.3162855905837837,0.9395178689117796,-0.0997105394123163,0.5615857172615536,0.7651099965291887,-0.19535443082319404,0.6407320545594032,0.34948702900471634,-0.20724903561994149,0.6260740774489452,0.03900975374775109,-0.19517967647799747,0.3183865264599274,0.8485286597922103,-0.086014559057815,0.538056198177119,0.7282374997735404,-0.16550676062685477,0.6060856483686253,0.4192612055736825,-0.1581993377342265,0.5982696067764982,0.1738512403404217,-0.12782551733588096
GOOD_MORNING,0.0,0.0,0.0,0.21451793887133355,-0.07108787480240825,-0.07449644024452803,0.4193812843829162,0.043893261045623036,-0.13040985397149782,0.5382346116818965,0.18593204293515173,-0.1984171908447727,0.6147294501020946,0.3397484177713922,-0.2623145918037043,0.4632545709700598,0.7811024217657462,-0.03026429493123909,0.6160787451544834,0.919475686703287,-0.15758614931546833,0.6400721462084259,0.5873436522427201,-0.25159085536278947,0.601031455647285,0.2918586344618358,-0.29380761221029433,0.36266442099347274,0.9307632939542372,-0.04641345034499618,0.5312504811282479,1.0701589250523191,-0.17924921386522305,0.5632348885000082,0.6525109344950092,-0.23667793485306662,0.5228000622654022,0.2971734709854143,-0.23967558132727274,0.23376149522725992,1.001150024499815,-0.08158355136089852,0.3971529732313432,1.098712617269728,-0.21432623556065675,0.4381531989335212,0.6796240198498374,-0.22922234083747597,0.40453088596644415,0.32594158289997005,-0.19857669351991392,0.0827847546311826,1.0141847854047041,-0.12225260614656454,0.24120911474603413,1.0619645053716185,-0.21464699886710642,0.30303250959205585,0.7423283290790048,-0.2101326820790563,0.2917962652343387,0.45630875876533106,-0.1765901522965819
GOOD_MORNING,0.0,0.0,0.0,0.21952621657902704,-0.05249776721907722,-0.03268942890361371,0.40496944819472847,0.16533069085126792,-0.051592086196500096,0.5032105258209277,0.4111140106404566,-0.09333936391277338,0.5709108553722857,0.6387394106933626,-0.12952022213135772,0.45177966276271664,0.7796019944100662,0.046863779868479075,0.6153353308594465,1.053178249785825,-0.06426058097530457,0.6329413044138942,0.7732852313312861,-0.14288683391948234,0.564420247740329,0.5005144968165817,-0.17155853471453378,0.3769229379289384,0.9260662359513484,0.018177609686627787,0.569539004028306,1.1539275385421348,-0.09958046171488096,0.5823406210186067,0.8022700090081922,-0.16101675564114284,0.49145403104984214,0.5034439624786211,-0.1642103530319521,0.26185633782744583,1.0478470168217435,-0.02872943402424647,0.4696975701608075,1.2174214874746694,-0.14163283109943497,0.48278851709303805,0.8488661029799511,-0.16055683045690775,0.3893559058312973,0.5400417342525554,-0.1325259374323014,0.11162382038054651,1.1313392540700518,-0.07989803081773525,0.3014328928671576,1.2391689068030187,-0.15406748145129642,0.35631639916706226,0.9756813892319374,-0.15016749928882162,0.3077167775434457,0.7046597857298087,-0.11717615434698699
GOOD_MORNING,0.0,0.0,0.0,-0.04424365293323566,0.14341925104628123,-0.10155895642069426,0.0011624122626560274,0.4132751263356674,-0.14096556189237033,0.14493215715869243,0.5649205585111069,-0.1843235638751479,0.28538814202067997,0.6295695621383378,-0.22011767452427114,0.08642800698491318,0.9806259328869398,-0.009206165725657788,0.2518705449811302,1.2371716960547592,-0.11921007476415577,0.3116559055574376,1.0030284297932885,-0.20438151851856518,0.29551627350176446,0.7378528865178048,-0.24171875111493046,0.18786942392465883,0.9821939109847221,-0.0004480834214104711,0.3514564293851911,1.2355297641480498,-0.12211391729280563,0.38623045443385196,0.9318651970392949,-0.19692568137049402,0.3317776355267713,0.6402857837489218,-0.20921199544972724,0.2620026101754555,0.9540017749305657,-0.013004314910502234,0.4045887007573356,1.1837290547079158,-0.12801180731185846,0.42353110349707784,0.9052174368034761,-0.16536011576956738,0.36728372460954484,0.6289260066521432,-0.14679925862847484,0.3069960288523874,0.892166163013154,-0.03437538759529342,0.43512493653168394,1.072501739339035,-0.11529225618342062,0.453810074425478,0.9084485888594681,-0.1254275175197541,0.40734544699648734,0.7153056289641946,-0.10013710347695369
GOOD_MORNING,0.0,0.0,0.0,0.044752632735303985,-0.06556325407109787,-0.15878481284329665,0.13424066854849165,0.055447441716833044,-0.24768596345060467,0.27687498508863106,0.2067230324878239,-0.3255349399435523,0.37081548493099525,0.3819414360377397,-0.38864604813438064,0.10646205320015457,0.883111300044676,-0.13967632138474737,0.2936726990043203,1.057847273186823,-0.26934797528540816,0.3932084299215064,0.7152599774559227,-0.35389906312689967,0.37485804338945117,0.41404950367506643,-0.39626263356775066,0.2094152666321757,0.9712894812042119,-0.11288042258703639,0.42430836225489066,1.1543862457819958,-0.2521093273897777,0.5121090937100093,0.733021750807735,-0.30590645341716066,0.4636713177352942,0.42518787616274184,-0.3092591243718158,0.2855655441534988,0.9846276401857839,-0.10634642561387421,0.49085130266070204,1.1684961331401151,-0.25090292580996804,0.5576178279232701,0.7692577238112043,-0.2619724297541756,0.5049972520924918,0.45943242132018813,-0.22882609995552766,0.329727159570315,0.9347385660906874,-0.11083540249264207,0.5000992211086317,1.0136760412170278,-0.22802497097169624,0.5400792387385072,0.7238163054687949,-0.23345707124937284,0.48379475622281254,0.4654884455585767,-0.20234369076768233
GOOD_MORNING,0.0,0.0,0.0,0.009113507835405352,-0.09818478959792447,-0.1808399211163001,0.1513224807206469,-0.17133278819492614,-0.28946420496191405,0.37394649670197744,-0.36413926111592154,-0.3822656136059205,0.5339414436387774,-0.4813299887713521,-0.4647089917507344,0.22630535154702178,0.7816126826172811,-0.22129183390983537,0.44170289190357204,0.3859293830615858,-0.3905216693050789,0.487975170382847,-0.15874832338487896,-0.49817095994558314,0.44833184596534414,-0.5205763177759931,-0.5461198558222246,0.41057497420311917,0.8913178734077135,-0.19230350777367358,0.6331740693045182,0.5100029100208812,-0.36071133446437514,0.6840497559069489,-0.08761949561767395,-0.44122482952507713,0.6375798490542639,-0.5057663604325305,-0.46722176262533655,0.5476954511395621,0.8787252948228049,-0.1797576196164273,0.735509054744054,0.5209796882976746,-0.3409993168828804,0.7509426136411507,-0.031679654391028766,-0.39104736222723807,0.6924979342037187,-0.4252023716122,-0.3844364830478581,0.6394970181429457,0.7771350380044771,-0.17765714803807514,0.7913040071338883,0.6196883959295073,-0.2768828371507537,0.7907522704433124,0.30613272552100573,-0.2828985673218283,0.7461612820263911,0.043212805801176084,-0.25658235355855147
GOOD_MORNING,0.0,0.0,0.0,0.39134480170191177,-0.5469530170424354,-0.052000166697496096,0.7766388753748108,-0.9295858265500705,-0.1528391540371554,0.9803117450505315,-1.2398002877986607,-0.26326268231375555,1.1050486012269525,-1.539223774507682,-0.38202856587303574,1.1405816891860308,-0.23825610173038214,-0.2384275245327244,1.420243031215085,-0.9732778084591563,-0.47128058253175614,1.336720332401188,-1.6123744915474547,-0.643005166986419,1.202809410748532,-1.959996738070497,-0.7419437856696519,0.9407429854800036,-0.06502934482995422,-0.33282701149569693,1.1970817865933698,-0.8193386157100071,-0.5050955308992817,1.1813323835725154,-1.538045313926928,-0.5906911321468663,1.0818705884956967,-1.957067262947585,-0.6567712159859355,0.6461320093737548,-0.01578970414920588,-0.4372448030891593,0.8390152942039876,-0.7926981801757458,-0.5861433148385992,0.8712499432616274,-1.4141457484343563,-0.6062203120838101,0.8484353355325733,-1.7628450078702338,-0.622716632245304,0.3079965094951901,-0.08809548718768342,-0.5449131759941427,0.422038974870677,-0.8152153933714492,-0.6692408541195664,0.46521051634639915,-1.2128624577310487,-0.6629733772418456,0.4721450898109773,-1.400312733551308,-0.6498396824771596
GOOD_MORNING,0.0,0.0,0.0,-0.12821398043364532,-0.6137713610078032,-0.2546281905249454,-0.08440623428016307,-1.5097577276367868,-0.4280483757254765,-0.04159699181342112,-2.296656803107367,-0.5426917139273307,-0.1409368105901353,-2.902894499601636,-0.6540472420921652,0.35967690630995275,-0.8361433230426326,-0.5512582724877642,0.6879549939348493,-1.6196767998479982,-0.7277329209252811,0.8258895757029567,-2.1966018480510363,-0.8111588963490656,0.8999449604500546,-2.6487505777486624,-0.8551661905634912,0.5879763770808688,-0.6410173814850098,-0.49333608891804936,0.9855414599812616,-1.4826698799148499,-0.6655472105852077,1.1240904116018833,-2.11947339263013,-0.7278555200782555,1.1765689561311081,-2.636044847349499,-0.7624804675328326,0.7365286867374577,-0.5846119998268917,-0.43168226500285084,1.0760278794022116,-1.4631126431783532,-0.5998519277302873,1.193816504217298,-2.067397303103695,-0.6519584761994597,1.2171637800240762,-2.5552515475101654,-0.6639673914875708,0.8092435726512864,-0.6414583109417843,-0.37527184502337774,1.0643487451482532,-1.4025819450652317,-0.5057628795258253,1.1571912668465392,-1.8992639391914763,-0.5342688620328215,1.1676764716157406,-2.323127838154315,-0.5358476123956256
GOOD_MORNING,0.0,0.0,0.0,-0.15196326258440215,-0.40782038500770373,-0.0640729525677787,-0.18092555619856887,-0.9967686256517838,-0.10580468755309493,-0.2350337427017893,-1.462831964808831,-0.1389022036232718,-0.3453153164438333,-1.7790725586343923,-0.17277477259240032,0.1182767677103568,-1.0218213734759478,-0.06851620639011322,0.19123154824154967,-1.4533828345932542,-0.11447154476276139,0.22573670091247788,-1.7140835003908244,-0.15880361548203345,0.2490709950590073,-1.92365298328255,-0.19068079703323745,0.28342005697666317,-0.956344031337528,-0.07126826101730106,0.455609261014808,-1.3990108583554826,-0.09979984398320638,0.5493801443093186,-1.7098490384174365,-0.13055521420724295,0.6088721883327504,-1.961362180646523,-0.15766797793429643,0.4042117414390441,-0.860896900722911,-0.08090314127591638,0.5719641840659936,-1.2852949241935376,-0.11859197452719177,0.6516261369650702,-1.6015635343081478,-0.15067675405138864,0.6939860383111571,-1.862050621382709,-0.17340172802184645,0.48279925146070074,-0.7483620168759356,-0.09363160427623303,0.6067706028061747,-1.0981930497273749,-0.11830471660246332,0.6517196458778697,-1.360321090874799,-0.12054225617455748,0.6665948399711861,-1.5871420585582594,-0.12300738261418508
GOOD_MORNING,0.0,0.0,0.0,-0.20599445811535205,-0.34290234437818556,-0.07311062113861495,-0.28246847983944545,-0.871720549640911,-0.11881337211779792,-0.346808139091075,-1.3032350215808672,-0.15151408823953347,-0.46584096819384424,-1.5496573357382895,-0.18528956723728932,-0.03681257902075956,-0.9991267984615206,-0.11229112787559725,-0.05023400810667154,-1.3864554011949506,-0.17403896446525846,-0.024014827130438555,-1.620853049756169,-0.22409548823430162,0.023976742458265202,-1.812633787400396,-0.2577092803025181,0.16282955108208833,-0.9806930033545712,-0.10829483120535568,0.2838613372089307,-1.4001370755407139,-0.15869587681249694,0.3919921847695636,-1.6606811535890136,-0.19393952806028603,0.5011441572584684,-1.8731171294619597,-0.22071518875765025,0.2928841494138297,-0.9491561279598768,-0.10706881806476658,0.409327871828848,-1.3818203012854424,-0.16836668791468734,0.5213654906324261,-1.6404057855519725,-0.21001650856649062,0.6168024239986637,-1.8449035486019136,-0.2324272630141406,0.36470565644242103,-0.9241758381143428,-0.1069410757268518,0.4654689102426122,-1.3111815349093459,-0.14566805037217143,0.5394846803064222,-1.5521567644159229,-0.15447999311816185,0.6034102908144234,-1.747586469368383,-0.15959480324535788
GOOD_MORNING,0.0,0.0,0.0,-0.19542130571713734,-0.3764831572831881,-0.05280976534179696,-0.2844712198703924,-0.8688689018584883,-0.09236623495112353,-0.3563462761470222,-1.2562965128413324,-0.12110152219860826,-0.47149631938882586,-1.459672005446246,-0.15550790833095499,-0.026552334598680578,-0.9939097445277052,-0.11085604818924007,-0.04072535043705745,-1.3663833977331732,-0.16396188455526003,-0.03047649067397645,-1.59585215145899,-0.20974823263335826,-0.005146808652519733,-1.8077744053735747,-0.24373369530483402,0.16895231274831043,-0.9789693683492682,-0.11434199513228789,0.2595455904173745,-1.3918492044167243,-0.1570064757207176,0.32526849104728656,-1.6026211123348006,-0.17939052307396725,0.3927792239739118,-1.7598839126461983,-0.2003049121653098,0.2974413381845478,-0.9518202150790243,-0.11885719191198478,0.41418783664710423,-1.3715728032187293,-0.17645031911613143,0.502704673041999,-1.6022764020935447,-0.20827937499127497,0.5720202152640111,-1.7734763922981036,-0.2276251086971932,0.3699917703356956,-0.9324232224123372,-0.12305760041058848,0.4782747719502588,-1.2960163619478404,-0.1622019485540952,0.5491586801770361,-1.5303399971171616,-0.16914299446191863,0.6080926333736076,-1.7172531256125232,-0.17597195359440646
GOOD_MORNING,0.0,0.0,0.0,-0.20176967500878035,-0.36203062195967584,-0.07741836751041148,-0.31056474498554215,-0.829649836972384,-0.1363544274072746,-0.394152754069515,-1.2184043295082418,-0.18334601954642651,-0.518484396597677,-1.4363963171453005,-0.2310644323451065,-0.03838329733745537,-1.002318234845561,-0.1268931097817557,-0.05792512096806949,-1.3748035094552156,-0.19012200886573577,-0.05069832175464525,-1.6109766057194754,-0.23781964107955636,-0.01931883123064252,-1.8135048393578144,-0.2707635770772219,0.15407975141154498,-0.9802999652723658,-0.12357753959338494,0.25348730271308884,-1.3899093222050154,-0.1885775173671739,0.3418679567299684,-1.6438760585780432,-0.22574542923085306,0.44137762317191304,-1.837025385661439,-0.2535216317000734,0.27497331249573115,-0.9218490436039496,-0.12271282889204682,0.3891343485551198,-1.3278762198658831,-0.19491467302212526,0.4870326257785111,-1.5836923321739855,-0.23487979386165497,0.5717737362521301,-1.7774161338160666,-0.2549999559709885,0.3410688749987599,-0.8651869823468916,-0.12340811342811342,0.43812470231384465,-1.221186659508439,-0.16798772557410707,0.5040071148400729,-1.4461536187348163,-0.17766321202101248,0.5606013556499672,-1.6333809597203457,-0.18296554837571635
GOOD_MORNING,0.0,0.0,0.0,-0.19422376927887952,-0.3701128072995038,-0.09642839733164106,-0.30199166013697465,-0.8384007603858559,-0.16464392016847604,-0.3801834950049947,-1.2313993265938843,-0.21458054607934696,-0.49718091252826835,-1.462360943027246,-0.26570987281010283,-0.041571261369006726,-1.0034947734172115,-0.17193170178019854,-0.07346009781258471,-1.3944259790402467,-0.24153168548465148,-0.06565615090301496,-1.6375642600892628,-0.2922699563127964,-0.031850445067874655,-1.846383950518352,-0.3273154148980049,0.14904581812211862,-0.9766632508909905,-0.1546422919493577,0.24079670706373563,-1.4029136973463763,-0.22939170637790887,0.32848650829423487,-1.674278187617086,-0.27181155211963937,0.42819790897446175,-1.8831339449440525,-0.3038946699195598,0.26454747165607584,-0.9187518102045655,-0.13761812565880702,0.3715973238154696,-1.316719810071505,-0.21268868357020076,0.47163475125655213,-1.5868625248037183,-0.26122528023575764,0.555675572199499,-1.790693960801823,-0.2886406965951854,0.32136160884241777,-0.8655200682635406,-0.12245716893904195,0.41562353370113064,-1.2094007683832537,-0.16700476482476379,0.48103553944928223,-1.436839976095835,-0.18263286660435651,0.5391228906189104,-1.6291863921061907,-0.19387869032551652
GOOD_MORNING,0.0,0.0,0.0,-0.18667664501333678,-0.3842713303711543,-0.08484434293654042,-0.2899161214964274,-0.8574586417832738,-0.1437148852591827,-0.36886819951749733,-1.2418935888191849,-0.18843712182459457,-0.48284157429225993,-1.463709551567513,-0.2341898061751707,-0.03741631631952369,-1.0071975052385262,-0.14126110260693334,-0.063450718524593,-1.4118836797859604,-0.2086407927450509,-0.050393053085613114,-1.650227931177978,-0.2581462510810933,-0.016632308378138335,-1.8495710130730334,-0.29081497183924804,0.14053088115532683,-0.9812018080509263,-0.13226520071167827,0.23657650234604494,-1.4175866588561896,-0.19972877921033844,0.3246829034382761,-1.6873717729711122,-0.23444091230649888,0.42194069540337537,-1.8887368988091122,-0.25870472489849916,0.2552575376715953,-0.9222913053634204,-0.12655363579832216,0.35629141459859126,-1.3480676093540431,-0.19233566271770822,0.4572516933484296,-1.612554754287976,-0.2330260166726262,0.5475760092295866,-1.8106166121388467,-0.2541974779659704,0.31341798403571774,-0.8555620959272754,-0.12440036681864027,0.4094536357522392,-1.1844403886833663,-0.16046046812263262,0.48060020191698904,-1.37917999256316,-0.17019204940651508,0.5450293950120005,-1.531059653992229,-0.17579982366341396
GOOD_MORNING,0.0,0.0,0.0,-0.17496321991518554,-0.37456649441154416,-0.10241070647721257,-0.2622795908479736,-0.8530674241806296,-0.17245272701471673,-0.31897389000380916,-1.2723164948878949,-0.22364515895355977,-0.4207744942046352,-1.5332986252681233,-0.2755032740730987,0.0026799704335514103,-1.0139857826097258,-0.17837786735866765,-0.006705241677507353,-1.4614778172597838,-0.25235145281815674,0.015312250881305695,-1.7358717219249082,-0.30109368085805444,0.05517312813336866,-1.9562576006430512,-0.33292222153038425,0.1821192239324175,-0.9702909954843446,-0.15927326315566348,0.28995925374021425,-1.4181959758223106,-0.2325746158637354,0.3700327486684649,-1.7073384506329297,-0.2700813685716941,0.45163561582078127,-1.9231392501609494,-0.2963392810265899,0.2988344726111129,-0.9023408508824139,-0.1423433917039221,0.4118142258356753,-1.3434136227921956,-0.21402302324075895,0.5092441970807752,-1.6301094057925167,-0.2616922227696259,0.587381600935303,-1.8454761491322167,-0.28900679930088086,0.3637837367984147,-0.834396477496423,-0.1290373882401083,0.4746998247021624,-1.1535529201728565,-0.17468227682527682,0.5506672513632989,-1.3459599440145078,-0.19545195276398544,0.6125395462100277,-1.5082763035679856,-0.20855940931363104
GOOD_MORNING,0.0,0.0,0.0,-0.16924204733350695,-0.4401761516094706,-0.09690238581089133,-0.231753462376462,-0.9647273546181641,-0.1705889761007025,-0.25952420724429376,-1.4204724513532543,-0.22337137981511188,-0.3424665809465121,-1.7376496701067832,-0.27609688500799606,0.023976963129801313,-1.0380228239787384,-0.20953529618697286,0.056238219720943644,-1.5909839059326698,-0.3001956241011337,0.09858056519001147,-1.9231872570960136,-0.35326319729815464,0.15465272491446347,-2.1877461015066677,-0.3847535137919483,0.22844604608270155,-0.9537286693959883,-0.19548408938156056,0.38762275726522294,-1.4910157880447004,-0.28413038603145374,0.4968068767766672,-1.8262814036888022,-0.3229701700972476,0.6009163209407788,-2.094262692118059,-0.3454399172361647,0.3681838922213632,-0.8585236182255712,-0.17897824671891657,0.5113587864692284,-1.3506750719187757,-0.2549012217057977,0.6166674069716414,-1.6709805196971232,-0.2847625257340076,0.6993334515887887,-1.9245117988862117,-0.2948611518274717,0.44974527686184873,-0.7833010652693468,-0.16491883536822308,0.5702158970439335,-1.1954527874708907,-0.20657964977214419,0.64238931279185,-1.4387546396033695,-0.20429669402492176,0.7013977151815406,-1.6396563862680005,-0.19590395698632637
GOOD_MORNING,0.0,0.0,0.0,-0.1462291875481513,-0.5268532957837434,-0.1361546483668276,-0.1885407237377348,-1.211589582356849,-0.2338052493436839,-0.18661074895326407,-1.7480677029464604,-0.3047557535253405,-0.23786243409810606,-2.1538204486724832,-0.37378761466569843,0.08274319582766769,-1.110714007033713,-0.2850183171006104,0.22427189678702356,-1.7455476823069929,-0.39469291644594706,0.3249765019500191,-2.1163064146974495,-0.4474240650332265,0.405849761351777,-2.3937047043155077,-0.4734717665356688,0.30536622458189355,-0.9147718657819849,-0.26446909546929415,0.5349310394428508,-1.5899071838506373,-0.34410165324527603,0.650387586190814,-1.960523971247675,-0.35536754308535395,0.73096542506005,-2.223954992794806,-0.35891527330952705,0.4813183756679744,-0.7688476412869215,-0.24628589708174906,0.671793845450463,-1.431532753252127,-0.3141200227891919,0.7675442920196173,-1.7701661925521668,-0.304623773507825,0.8384758354117118,-2.024833800577022,-0.2895904766680445,0.607424772972602,-0.676857743030813,-0.23710233930111602,0.765409948253025,-1.2338920433396534,-0.27973623376356926,0.8159479323805359,-1.5198698541565805,-0.2558559020949906,0.846745224692186,-1.7473567851642944,-0.22921350772883833
GOOD_MORNING,0.0,0.0,0.0,-0.1466181130721132,-0.6515110413590981,-0.17610010908748946,-0.0994267075858609,-1.4679555006223757,-0.2942471970962654,0.007834563112781216,-2.1041708388575486,-0.37544234547211836,0.010487087471339043,-2.607976691004212,-0.4495596921760489,0.2726305929554518,-1.0407253029152415,-0.3637675345718709,0.5194164021994198,-1.8077251265783354,-0.4956286622593326,0.634762649149588,-2.2702342887621074,-0.5582111402008596,0.7169752839521325,-2.6036654846857017,-0.591637389145126,0.5222773601062117,-0.7866267466312377,-0.3293094602419449,0.8329971094286615,-1.5785717216184723,-0.43442498200206975,0.941063802503384,-2.048990619670126,-0.4535130957056698,1.0080417510286759,-2.377483356091415,-0.46778331919598937,0.7157217538540874,-0.618796248847036,-0.296225546315936,0.9815057684780832,-1.4232760366799473,-0.38807069714374426,1.0534421900313895,-1.8815394026048424,-0.37651511316189534,1.0983574230693616,-2.2082729013028626,-0.3631473288338657,0.853216628011691,-0.5366514647779916,-0.2738910312851123,1.06481280144255,-1.1993681279948472,-0.3379546016543503,1.0939739728043911,-1.5903914170211442,-0.31771500852876544,1.1008908425432142,-1.889209464298994,-0.29571648276414525
GOOD_MORNING,0.0,0.0,0.0,-0.05328899949675379,-0.6923662910362043,-0.2602688747520736,0.05972743810758287,-1.444579198472622,-0.44645530295432734,0.19156336487412376,-2.024445678559807,-0.5800481960243101,0.2774723625226254,-2.4979168622247343,-0.7067633913400484,0.5088811906200927,-0.9514565262441087,-0.5238771688714265,0.9013769082220099,-1.61325358522062,-0.7137637808979088,1.0743130432550596,-2.138020904951288,-0.8149180432532186,1.1572049187500364,-2.545816979112267,-0.8596510813383628,0.6933984200233241,-0.5627790113004253,-0.44997601663741327,1.1260926384324144,-1.1315124399383083,-0.614216528197177,1.2920585298318596,-1.6654919043922503,-0.6673472088889212,1.3450445241412183,-2.0843299597977856,-0.6873566539517167,0.8071597219566006,-0.2948650851438112,-0.3765300748866899,1.162766947180626,-0.8143733816312848,-0.4907409305505695,1.2977273689964106,-1.331477874442874,-0.5137710112778754,1.3479981220161241,-1.7456201926864208,-0.5158783800319078,0.863019487171273,-0.12871255604081258,-0.316411231655315,1.1462596293278027,-0.544373835353639,-0.3894430710012796,1.2677933797229077,-0.9581608673663253,-0.38878330390841015,1.3250349385379834,-1.3290403410615281,-0.3731798718917334
GOOD_MORNING,0.0,0.0,0.0,-0.010904387655537227,-0.8616400177472254,-0.25380082102503015,0.22793733447646855,-1.6614155403370372,-0.4081176883963104,0.4949860927721969,-2.160188026406112,-0.5061650854105338,0.7198418910762763,-2.54433445085351,-0.5770660525686436,0.6398615052208146,-0.7136894447182992,-0.5355449648674545,1.1600063927429891,-1.365144609938498,-0.7228642434210679,1.3449835709807518,-1.8779972369184716,-0.7849697271041469,1.3938191895214798,-2.2774025784125964,-0.7921633430688755,0.8608310259520832,-0.21755362017419708,-0.46004387519820866,1.4132378262013723,-0.8618752062550951,-0.6130684011997207,1.5536439486013456,-1.4260683510644327,-0.6123952892108007,1.5480915162980844,-1.8285594791256676,-0.5915807963397168,1.0040006133195256,0.09522442652066687,-0.38858043913874785,1.5184322619381785,-0.4783096690861707,-0.5137565117561376,1.6196454946200818,-1.045928632040261,-0.4872531754762302,1.6098568355786853,-1.4714073115483992,-0.4446839227269787,1.066996421871722,0.21180425291555094,-0.33325296251162995,1.4862227707459503,-0.11886937235101323,-0.43424570596740536,1.6060187291460406,-0.5812882323753369,-0.43080310761849555,1.625792982184218,-0.9808706736494842,-0.4000516346402466
GOOD_MORNING,0.0,0.0,0.0,0.0832869504722925,-0.688452831013118,-0.3541774627180438,0.3416228718874579,-1.1174332521699242,-0.5478406052897427,0.663057372024567,-1.1786885907674256,-0.6571551409930476,0.9063313506438049,-1.1697196540643464,-0.7316645529028727,0.4894774396600697,0.02344379297443554,-0.7030473078557051,1.0679652622735285,-0.26525071641571873,-0.8700916879084523,1.1976584935258994,-0.6967593119756338,-0.8692175041729631,1.1614230901039349,-1.0295064669797922,-0.8347623679120789,0.6594502277925163,0.5042689788652881,-0.5575286486079061,1.2410671951366012,0.13721560791517762,-0.7280291452148249,1.3314335628443776,-0.4349398782879839,-0.6955736897865775,1.2498192800603345,-0.780396663188943,-0.6490710074818774,0.7869352732430086,0.7519771796920708,-0.4098301083350677,1.3204984151907633,0.5007795163915411,-0.5698851092672692,1.3910453236264688,-0.03333567200668327,-0.5465095783239846,1.3079527463954195,-0.3828491719017522,-0.5021232255891726,0.8700780966180527,0.8136080421025863,-0.2784189837327679,1.2435133889889818,0.6844014050867971,-0.418436619932079,1.3392389046338922,0.3047878204049233,-0.43138884449285464,1.305148218200339,0.040872593605909585,-0.4091408766888227
GOOD_MORNING,0.0,0.0,0.0,0.18226150535745023,-0.3672086632790272,-0.23286279253921216,0.39955674714843387,-0.46754510720957226,-0.3708089538491823,0.6230666480445048,-0.4028816398751139,-0.4636845631844809,0.7687131941900925,-0.2760378262336733,-0.540147800017045,0.40590484500032487,0.6016874401327068,-0.40426717029667836,0.8728713660231636,0.5759089729834026,-0.5399078542072664,0.9546782840536893,0.1753838719253583,-0.5894223977266111,0.8820390826118617,-0.08686598703977608,-0.6101839899368003,0.46025924614891905,0.82504702465392,-0.32780914179464665,0.9361677454852307,0.7006040536031912,-0.4596053525617763,0.9972225649713476,0.2210884886961681,-0.4678174393901391,0.9155232418196676,-0.011200415917477351,-0.4623513953887845,0.5048188213414259,0.8573972182268335,-0.25827544039685296,0.9495907340470974,0.718153622224313,-0.37655970893159985,0.9710622414873169,0.27608107515556224,-0.347336722273958,0.868538562446121,0.05420777675487319,-0.3154039862824479,0.5355603659904221,0.7522749118911655,-0.20262693393155506,0.859746900507506,0.5725355570760667,-0.3138836152646424,0.8931013129496451,0.24671822174824448,-0.30776761776261413,0.8055454528631532,0.06820038526356947,-0.2801197225574848
GOOD_MORNING,0.0,0.0,0.0,0.15861625043440186,-0.21526143660731373,-0.26690371493823445,0.31265541415962844,-0.12996071306689694,-0.3930145603876695,0.43426819732467914,0.08899939557755503,-0.46607093401978117,0.534013519098965,0.290223741801577,-0.5130707542758788,0.2850740706761307,0.7297524587668301,-0.3524742828405673,0.6727420307239292,0.8389518031802436,-0.4872224655223742,0.7095509149883081,0.49780154212647876,-0.5321977552766861,0.6132837644279029,0.26981246306277734,-0.5414788263207179,0.3057800150720504,0.9175330332784598,-0.2542276838296052,0.69400979367314,1.0068761390000438,-0.39870725964815007,0.7326249505041679,0.615395069778986,-0.410118899960125,0.6375607854478642,0.40113286475048515,-0.3900551193541807,0.34756113309053804,0.9745115624680866,-0.17343605010683355,0.6943543012885008,1.0443748359664762,-0.3138458929696265,0.7324084370375695,0.6833499943802493,-0.30772258411092396,0.6411294696579102,0.5016979870539168,-0.2736048665398025,0.3888884899212009,0.9600310780242841,-0.11015454425953546,0.6566689960304146,0.9839464457952496,-0.23407047447293833,0.7007280909083429,0.7251295174560733,-0.252700924964771,0.6295430086774054,0.5581039318272725,-0.2351984727508665
GOOD_MORNING,0.0,0.0,0.0,0.24669403948082802,-0.044473353008871126,-0.16325105929198555,0.48431604842106296,0.2891195918492965,-0.2040942782205973,0.6567045344093703,0.6053129494435422,-0.20890452584579103,0.8172844514071272,0.7772465897975049,-0.20006707173943122,0.309013365458224,0.8534844907716013,-0.11471190914817281,0.49958423103301774,1.2572341400484046,-0.1507775615956204,0.6412741202035465,1.4670165107806088,-0.18751662600563657,0.7420144659240596,1.6045630249494383,-0.21209545894119125,0.24007538856531033,0.9697876237162487,-0.04331019154895149,0.42607988265132285,1.3465092903972928,-0.06140817400546027,0.5705167607732543,1.5373374373648176,-0.08528678835364456,0.6716054565419527,1.6596063137060986,-0.10472921538005074,0.20006041853028303,1.019832586924378,0.012372263172515833,0.3788127622560069,1.3850885605908714,-0.02558214440254219,0.5130429839661137,1.5400804451728125,-0.04936567396134631,0.6196455633546569,1.681377196431818,-0.06088809826945885,0.1872670141892207,1.0382155166100342,0.05647558173148583,0.33454145227508314,1.3649897580964405,0.018203633259546714,0.43613525561364996,1.5353010825117124,0.0037487559170041682,0.5209331125575072,1.6867139191700145,-0.0011401755426120406
GOOD_MORNING,0.0,0.0,0.0,0.27496630974427677,-0.15633237899050892,-0.16066713204067676,0.5586643517623476,0.08511346414344347,-0.22097355201229724,0.7301730798257108,0.3803788698268949,-0.2549740396161112,0.809850359436061,0.5958191815457793,-0.2751343369862284,0.3723283302095818,0.7966392289159564,-0.1322603269452699,0.6380143917632118,1.0559189629309558,-0.2107071188403591,0.8083481738001349,0.9929019638470882,-0.2766957095821354,0.8656622991997772,0.9099603021731311,-0.31642579822093253,0.29669368414226904,0.9519342360831968,-0.07611877536316386,0.5539391898909537,1.1923783253105595,-0.12414042978317416,0.7320924403107366,1.1783751413683115,-0.15997003654092867,0.8139090210416039,1.148580754066542,-0.1876519335524309,0.2448731771663645,1.0126040144579354,-0.03713749429123033,0.4983917131585771,1.2495824803924562,-0.09212591929917421,0.6665839679551908,1.251976004393268,-0.10754990332906235,0.7470212448626736,1.2680753027320602,-0.11454417693136885,0.2164545318963117,1.008018207685547,-0.011319719558670336,0.43872814093001317,1.2296382279481937,-0.06367868925966183,0.5712089820166012,1.2848602459669183,-0.07333188208178268,0.640349591425462,1.3319756261495606,-0.07122305793254874
GOOD_MORNING,0.0,0.0,0.0,0.22697176949611864,-0.21618145938314162,-0.17340890378067905,0.46220086352090517,-0.1823315990248617,-0.26205758795798645,0.6442018193246382,-0.13090552890181373,-0.31930201978247336,0.6973578247874883,-0.12225543525044306,-0.36064024028030806,0.5092643611059077,0.7295290349461916,-0.16922739280477125,0.8280340298915457,0.35295517579336133,-0.2676657014321187,0.7917162285170476,0.05264023539407813,-0.34679095918144076,0.6825489278331005,-0.02576181848759217,-0.3953497782254272,0.515935181906461,0.8478784604923042,-0.1221188122458916,0.8457636781246308,0.48765997459545896,-0.20256076645741108,0.7974497404133166,0.16626892632528575,-0.2299640872952957,0.6741936194999366,0.06599438556597148,-0.241339590044911,0.5322426056410969,0.8468635984491423,-0.09117097288453188,0.8420865752656971,0.5207976803236154,-0.16474914204647118,0.7928861968379647,0.23026277447010246,-0.1622077392364035,0.6845177768749289,0.16030734148833897,-0.1511062653953458,0.5404957606461693,0.7687025430312959,-0.07755227295538021,0.7954437826114876,0.5231501255362363,-0.13297643410541463,0.762892728853228,0.2903264296737344,-0.12486798762863105,0.6770201395453739,0.19768545271319068,-0.10261020419635328
GOOD_MORNING,0.0,0.0,0.0,0.2193283246662716,-0.5850918064795724,-0.2422430905303065,0.5295331693249172,-0.9311315952870537,-0.39999855581947846,0.7912884707628354,-1.0038106515104765,-0.5098102004088256,0.8589790831594112,-0.9258831235228593,-0.5933402137236117,0.7810096312817035,0.10233621571105668,-0.36041476119819216,1.168169768953009,-0.42814573117412424,-0.4949200449514382,1.0006134557971416,-0.5878517959105343,-0.5794462497498047,0.850252924893419,-0.48398436002331285,-0.6360435013720606,0.8114703319960731,0.5081924119870332,-0.2885418040578946,1.1661893642401597,-0.06724591970525806,-0.3706120612085676,1.0121145763119852,-0.262363696938161,-0.37641281159928974,0.8621448359551781,-0.1935566114209592,-0.39130630474733175,0.8087008597804479,0.7266627941882373,-0.22672225190938033,1.1365641467640233,0.23969784521705756,-0.27571721121510284,1.004765418197896,0.05602828454245539,-0.2350614876064118,0.8673259300388698,0.11011609188643344,-0.21965497268874598,0.7866304271174164,0.8354193542103054,-0.1888321169416744,1.070185652308496,0.5316049082268923,-0.2453178522640242,0.9744090281148231,0.37916465291832013,-0.22654800574119147,0.8585488641920533,0.3912986245359593,-0.2017290004208388
GOOD_MORNING,0.0,0.0,0.0,0.21087017294663216,-0.8100078563142904,-0.11634054723277615,0.5163004460622003,-1.288362044876914,-0.2075514593636768,0.8100601094917892,-1.4537824040351521,-0.2686476621038941,0.8919529393681386,-1.4096884226944881,-0.30741608209890475,0.8991352761237007,-0.36920555126948995,-0.29350216099788806,1.2912486204086333,-0.9222806835884007,-0.3315994026787637,1.07296509665855,-1.0509313067909545,-0.31759654804472776,0.9006511683046111,-0.9098015247348096,-0.3128245609867468,0.9535506351039819,0.15768468875463681,-0.25666461623127207,1.3302679931639996,-0.48930205429877827,-0.2835709289578978,1.1502332453095383,-0.6752804635853582,-0.2375867061097626,0.9983393086886552,-0.5769498841348034,-0.217653940879792,0.9510831850591471,0.4999738032443607,-0.20828333043101838,1.2787238087789117,-0.11823188964275469,-0.21291517927974038,1.1313181450884457,-0.2787096482430604,-0.143810884882574,0.9984141132374955,-0.18993094963927323,-0.11416117720599364,0.9191575936743187,0.6842559093792977,-0.1687359771318269,1.1907019561986851,0.21941494255129265,-0.1756076309323595,1.080418599903658,0.07627313814472303,-0.12571046154546797,0.9653923051920885,0.12195561608134829,-0.08817189915019799
GOOD_MORNING,0.0,0.0,0.0,0.2184908805831468,-0.765650036993338,-0.06789058629239211,0.5001173818045825,-1.2857436160667166,-0.14871405027540788,0.7289638748862336,-1.6549191947367474,-0.21946840264894726,0.8274124351796693,-2.015037626273881,-0.279437257919628,0.887413275445349,-0.646269492521724,-0.1751514673967105,1.21809698225139,-1.1905111156625934,-0.2412176504861077,1.0338654179587166,-1.2047571070038015,-0.2780432765787592,0.890890734274183,-1.026385695520359,-0.30239464486936146,0.9699481091289224,-0.17512825842189533,-0.16891050499996174,1.2853633082046105,-0.7658115925759212,-0.1879151423667435,1.1187182230445714,-0.8501967895780257,-0.16887971160281562,0.9850931924079849,-0.7210055064050672,-0.17207019917504815,0.9882239589773001,0.18237016301508385,-0.1574839752889978,1.2330905444561044,-0.4082830676142371,-0.14523115086164023,1.0880101192184592,-0.4764655441693117,-0.09525792010653374,0.9660783010281004,-0.35118069505223276,-0.08514529949650725,0.9689215789364833,0.44265125831906,-0.15541692930826742,1.1679038703345845,-0.02512741207122538,-0.14248249523012937,1.040039149150291,-0.11811719988482931,-0.09002084754301871,0.919862366450231,-0.05897079799535854,-0.055597188742089104
GOOD_MORNING,0.0,0.0,0.0,0.1488583334543886,-0.7694129887314656,-0.0647444020577764,0.3546225649642015,-1.3612178220834972,-0.15302583446557005,0.5363223716579818,-1.7838856941453252,-0.23413359455988791,0.65256449601748,-2.1228344381930966,-0.30951368607918855,0.7850601080790433,-0.8816294874741436,-0.17712019234714027,1.0483715607798112,-1.3494215544475232,-0.23164987834487927,0.9205229926647268,-1.3444482658779735,-0.2594972175854011,0.7824117979319432,-1.2275759844935556,-0.2733929264150966,0.884323918512898,-0.43307323070212067,-0.17440981622380397,1.122764559018287,-0.9081698759474102,-0.1801230416774873,0.9900441682952925,-0.9527313959807786,-0.18041301161241813,0.8460843590176665,-0.8556143916826666,-0.1994627452558338,0.9160740258108266,-0.05048538445406798,-0.16405690492642216,1.093763742346028,-0.5274006492797492,-0.13927919928107052,0.9653893960660841,-0.559162893654429,-0.11974065245717541,0.8328029986704223,-0.4598738381009318,-0.13386041930937,0.9069556827892254,0.26514852063782135,-0.16064596156166377,1.06540570525851,-0.12557990572876013,-0.13711329242079065,0.948605760851529,-0.1905365695347548,-0.09766962871242392,0.8273238367418848,-0.13714993825409283,-0.07558014902533773
GOOD_MORNING,0.0,0.0,0.0,0.125278392695074,-0.8054344327276666,-0.024159907574057553,0.3272183822731966,-1.3689848419368704,-0.09146159239689487,0.5157704502553538,-1.7772393735347698,-0.15918454971823973,0.6128758247701402,-2.1531391495529038,-0.21807961989979063,0.7465299267211615,-0.9912224921864473,-0.12607063078911954,1.0122828864505247,-1.2744575121991994,-0.16267248635483708,0.8574494713134749,-1.224684804890677,-0.17507463187183456,0.7083432501829895,-1.1394767057320887,-0.17857413007028827,0.8485222327363795,-0.5110283747256941,-0.1373317908471488,1.0725938656326999,-0.8428014006474503,-0.13180891227233188,0.9270640209697845,-0.8455996656504013,-0.1222432950225243,0.7862625492446992,-0.7537355325105021,-0.13265893175791482,0.88436674482822,-0.08956209771249782,-0.1386232295409622,1.042379650648056,-0.44853281090322983,-0.11132070826864601,0.9224800146244467,-0.4500772887537568,-0.08265040529089346,0.7877854944509223,-0.3660148241477933,-0.08680586154744808,0.8875173621925079,0.2480159333622848,-0.14115080718299025,1.0089433690702978,-0.07699682100459837,-0.10409624612246816,0.8961480375321447,-0.10087848105076962,-0.052567592197599454,0.778758912083061,-0.03694414508617951,-0.02231822608871386
GOOD_MORNING,0.0,0.0,0.0,0.1468095761144845,-0.800713285791606,-0.0335166990371674,0.35052280592830604,-1.3527625834544421,-0.10993717060899465,0.5449324858883248,-1.7382193501650203,-0.18219669926697502,0.6566103304159627,-2.0848812196188753,-0.24448631834989198,0.7907792191152987,-0.9528979199116026,-0.16281095350568484,1.0778210234970855,-1.2414778328774805,-0.20162368807352607,0.9211018572910182,-1.1772865208422547,-0.20522153185791914,0.7693504587206463,-1.058745441957852,-0.20150592510527007,0.8775002483260872,-0.4502125087895521,-0.16523320222362303,1.1417440721637302,-0.7877299261903138,-0.16650387352386734,0.9891497000154447,-0.8040577663283691,-0.14913958770351624,0.8381605022933953,-0.709659411552877,-0.1524516061697883,0.9012102264170679,-0.02193885242031203,-0.15578129367065846,1.0869047736200619,-0.3776844719971434,-0.1286394689333135,0.9570187977158284,-0.3761571331103312,-0.09783093707023946,0.8167772683463307,-0.28476254481223645,-0.1011643954949437,0.8924740437971802,0.3181153182213024,-0.14802498522662186,1.0397961595957967,0.008136995825830653,-0.11555879960987563,0.9146826281811568,-0.012427251596350436,-0.06995173227126912,0.7887275917836866,0.05512714318002897,-0.04345790216770854
GOOD_MORNING,0.0,0.0,0.0,0.17557982659683793,-0.7954372537681248,-0.07208837335400349,0.41153923942965054,-1.34590212670448,-0.16496294676416948,0.6222587666700999,-1.7187085942305085,-0.24445187420424375,0.7273407078234955,-2.0545703840496117,-0.3141728529538336,0.8403114166811182,-0.7922146124638864,-0.2174732550757614,1.1487713208710857,-1.242377381719049,-0.2644493659172483,0.976478687715551,-1.228819446715825,-0.27260807327925946,0.8236663998614919,-1.0794706292927463,-0.27772441980059454,0.9334248950677868,-0.29505788742549993,-0.20410489542314333,1.2327645754002894,-0.7962098931933012,-0.20781814848641536,1.0687281605753514,-0.868993917398641,-0.17983121256310727,0.9200372783954337,-0.7604609196867775,-0.18085079494723807,0.9548204526204869,0.10396767195667579,-0.17976068624989577,1.1727052670751366,-0.3972766930226183,-0.15602619994243905,1.0280141346187384,-0.4449300737137046,-0.11271399702098704,0.8936895788200573,-0.33408809571452086,-0.1122946796835266,0.9368153719283938,0.4173255936851652,-0.16202467624451058,1.122831292869019,0.0157010659537778,-0.14509376794092194,0.9906771785404189,-0.05062079277646819,-0.09926715841807916,0.8641142723914375,0.01762174030890786,-0.0726032852684803
GOOD_MORNING,0.0,0.0,0.0,0.17540942009228125,-0.802914516697526,-0.08705338875943308,0.417786253917693,-1.3686077543668473,-0.18287464778829637,0.6389480470054619,-1.7041596960766576,-0.26234488282145524,0.7952217853052684,-1.9007383253246566,-0.3282151096554965,0.8617393520984165,-0.7672485789111457,-0.23663777104681827,1.1986941387506305,-1.2252645002023494,-0.29205094022919387,1.0164074905227376,-1.2374806094628688,-0.3038411458150163,0.853163366415363,-1.111415861684141,-0.30812985477501065,0.942579786412533,-0.2547249579686501,-0.21600588425867728,1.2559935795444044,-0.7435406986522716,-0.23778250198503764,1.0836723113690125,-0.8262696930433242,-0.21793759825718154,0.9285966704010529,-0.730666009486263,-0.21998845257378122,0.9529227788465474,0.14389024413138676,-0.18507699229637478,1.1917217602655874,-0.3407279214511363,-0.17888309685676218,1.0450577090889934,-0.3979068052576725,-0.13656815477682946,0.9058089089662623,-0.29429255825109046,-0.1315885160379626,0.926815714907767,0.44183039850047423,-0.1605114823336097,1.1359845786122174,0.05222209858746084,-0.15768552318261134,1.0030914232960153,-0.026778596247857153,-0.11207297231791857,0.872602931522776,0.03619499365599415,-0.08168309182870856
GOOD_MORNING,0.0,0.0,0.0,0.17692760847956251,-0.8099643772868412,-0.08101948610037296,0.42769431322040286,-1.3759808230142425,-0.17448920652303332,0.6547014847865097,-1.758804961784442,-0.2509409755066105,0.7813791596155372,-2.0973431242992233,-0.31573189790470235,0.8516854123556867,-0.7834448409754589,-0.23361069346566066,1.1714255288157758,-1.252565374114845,-0.2710366310606827,0.9952559458890413,-1.2759688575022243,-0.26860554805092673,0.8366839138255171,-1.1618452710145613,-0.26631245902515666,0.9403818094523945,-0.26686351315776746,-0.21086943305309744,1.239672519956386,-0.8053944955501177,-0.21603579694918404,1.0788367816165334,-0.898880033891989,-0.18979249551963434,0.9316790835126624,-0.8101243774686759,-0.19208842405480425,0.954193183173238,0.13339274418886848,-0.17489558044165346,1.171924294814705,-0.4043570027477331,-0.156237148743159,1.0323799386964692,-0.4588913857118421,-0.1166265790357479,0.8969071921437493,-0.35407743943389547,-0.11809704366984344,0.932955628173288,0.42811900506107525,-0.14417563812208586,1.1180042335364058,-0.0058834634764777845,-0.13371704598934125,0.9880638389500265,-0.08481491120405066,-0.09016184216935923,0.8623545602832764,-0.020132368558758294,-0.06421846006213902
GOOD_MORNING,0.0,0.0,0.0,0.1526251985862609,-0.7980942741174829,-0.08033582304779582,0.3798699162736188,-1.370349544170574,-0.17221046471485751,0.5950865682773668,-1.7445941747630802,-0.2514371786097663,0.7101591315072433,-2.056050425609043,-0.317436566750019,0.8224883407901201,-0.8188400982051613,-0.20483825520729762,1.119317098408932,-1.3149602457801974,-0.25188612809420247,0.9386831409766919,-1.347815337272356,-0.26251290188029025,0.7855969889090848,-1.2051249504275157,-0.27007204665854617,0.9161644936896585,-0.35196618480313635,-0.19173529997758948,1.2104740530101001,-0.8994719483155901,-0.2183775025424216,1.0407430068776775,-0.9970229306379642,-0.20019258684364255,0.8889463575870011,-0.8821861927651056,-0.19993150750831518,0.93650090550804,0.01451030990541654,-0.16981363121030593,1.163816613921428,-0.5289518996504176,-0.17285544402731481,1.018355643810015,-0.6012399082630596,-0.12978647065797608,0.8811860015086401,-0.4856407494421516,-0.1197655568298583,0.9172230334880666,0.2964144829710196,-0.15422712499457064,1.1051734118420544,-0.15071331136194288,-0.15258981020590423,0.9798422024629764,-0.23835379383537256,-0.10568437461904356,0.8563504308686375,-0.16112658114729242,-0.07426490797506323
GOOD_MORNING,0.0,0.0,0.0,0.14159435569000184,-0.7887519121611454,-0.07051909845959557,0.3649090996839315,-1.3540512270260814,-0.15011254251779244,0.5795723605692633,-1.7159698607629694,-0.21877152354416618,0.6922189488491397,-1.9958738606989945,-0.2743228391913372,0.8145813428024575,-0.8435081945391335,-0.17625711947460743,1.0942776120726332,-1.3265195457797203,-0.21757350704392203,0.911894841019096,-1.309497039729232,-0.22960068774697953,0.7722565761528238,-1.140469876885539,-0.23949790123587786,0.9090564890607752,-0.38199245132990883,-0.16642736200355962,1.1812630458112219,-0.8903992329877337,-0.18351349151241703,1.0074414401854785,-0.9492521352245072,-0.1657435620886301,0.8673173612677235,-0.8188505169672001,-0.16741917789077074,0.9270054643738271,-0.012903069093394467,-0.14912952072055435,1.1431594423486404,-0.5038604748198782,-0.1414226743948529,0.9981063948400585,-0.5502181635955197,-0.10097298004409605,0.8702531612500697,-0.42072447570840066,-0.09519990508235321,0.900773407018615,0.2789532875065088,-0.13847230177354805,1.084754325666169,-0.1262470049403211,-0.13017573149879402,0.9597270847729172,-0.1939976248049372,-0.08708555964155035,0.8367376959723335,-0.10819582804109618,-0.06018459439032405
GOOD_MORNING,0.0,0.0,0.0,0.13648960277462388,-0.771655468632563,-0.092289980120495,0.347991221983602,-1.3275930025479759,-0.18602406067827534,0.5611501378411252,-1.6815605222155103,-0.26376306442040776,0.6896240606006098,-1.9429009202637788,-0.32890458380340765,0.802277725669486,-0.8469339898305737,-0.2158006695630917,1.093851130965466,-1.30798914138481,-0.27417012320190615,0.9344984761545718,-1.3029599385867752,-0.2911989955179277,0.791211569085396,-1.1534469453186267,-0.3005037072545031,0.9071588127388163,-0.3741879716010957,-0.19247402520693258,1.1849327159983651,-0.8870940607209398,-0.2110646429003899,1.0243077158642075,-0.9575630783884461,-0.18801169726488115,0.8820223508907088,-0.8433223249152139,-0.18725230197059098,0.9372509258910462,0.0015904316540793816,-0.16295065256343344,1.1414914843081416,-0.5042403858370763,-0.15612245305938507,1.0027490088271238,-0.5557302524325689,-0.11438102504990288,0.8745611727225322,-0.44121630769623343,-0.10813954348445895,0.9262869772270683,0.29717287097538747,-0.14213053506120105,1.0967034005865357,-0.10544514105835967,-0.14068719146972444,0.9718917690953638,-0.17480802067456044,-0.10256066714877153,0.8524035463778761,-0.10410019945539045,-0.07692678496515984
GOOD_MORNING,0.0,0.0,0.0,0.12096242622229561,-0.7692939780085182,-0.09424249431190991,0.32928751859045274,-1.3218293191697699,-0.18254410255715875,0.5653774147985223,-1.6508470620953202,-0.2519541587508297,0.7128229754562202,-1.8565077672782304,-0.3056735023952735,0.79761290294411,-0.8464009389560602,-0.21412041296144887,1.0754122789113507,-1.32741940934111,-0.25853934043177723,0.9064664437473365,-1.3103727832679213,-0.2591322359043807,0.759203240159294,-1.158255967673873,-0.2584676078344676,0.902997429491858,-0.38713089908964105,-0.18634728144285612,1.181814809100525,-0.9304750679463082,-0.20261938933698545,1.0158576559105776,-0.9975063308029479,-0.17465689492381586,0.8703752537063595,-0.8811568804535045,-0.16900118205698444,0.9321703307046757,-0.014925080164879567,-0.151331639743604,1.139066176039787,-0.5366044771585826,-0.14733018279409008,0.9947361953169989,-0.589490847313301,-0.10542636115785078,0.863065931161826,-0.4741998199557743,-0.09707021855994975,0.9167837179562872,0.28748122038708324,-0.1241238210158482,1.083311911970026,-0.13145500761418805,-0.12771601735438076,0.9571560692021354,-0.20204317331400107,-0.09403755557387551,0.8381069822338776,-0.1251176294512193,-0.07051853866352291
GOOD_MORNING,0.0,0.0,0.0,0.11216246876379567,-0.802533874737743,-0.09167897380559822,0.33333674449397216,-1.3793400928731008,-0.1723441325514466,0.5985766364209902,-1.6868222646041242,-0.22969862714020275,0.7628673799957616,-1.8255198332067586,-0.26403013619488463,0.7807188154631673,-0.8698247094487777,-0.24188119952383788,1.1187552640708842,-1.411450852230948,-0.27347933152532033,0.928652108667166,-1.4201737014704532,-0.2414351461423035,0.7622845670845584,-1.2633925642579082,-0.21509505612356702,0.9015480842247953,-0.37914782335849373,-0.2084657762634384,1.230362696538819,-1.0066354522520786,-0.2337822391055008,1.054212826245787,-1.09260606078091,-0.19058554115802687,0.9044160197589031,-0.9668345385322794,-0.1673933383752397,0.9447908181921169,0.017096506743277107,-0.1629701448871055,1.1878337223836009,-0.5744035409082361,-0.17027643324517616,1.032458280311779,-0.6368919972309568,-0.11630079650912034,0.8975770202528016,-0.5116512067397622,-0.09249478012836389,0.9395569102440183,0.3267105337018334,-0.12244348183959615,1.1384558285025157,-0.15257099594421103,-0.1328138238264288,1.0120598284196682,-0.23364002388707678,-0.09340423952585003,0.8884682744644316,-0.146842069029831,-0.06117496841758189
GOOD_MORNING,0.0,0.0,0.0,0.09531834184122802,-0.8569682454994993,-0.06896818407884582,0.329863647871631,-1.4452172281218743,-0.1355381005192338,0.6326532085699552,-1.744211115049854,-0.17848902112718962,0.8275435223146124,-1.8010894927850825,-0.192838946801574,0.7624456542870269,-0.8811852630141502,-0.2627398602892241,1.191629088671639,-1.5448020929389255,-0.29212071533551187,0.9823647233879821,-1.5882078916556108,-0.2331417112999779,0.7926429208561497,-1.4084332298414963,-0.18402955736258003,0.8972529276865482,-0.37315805181462147,-0.23598782198205506,1.3031765144638137,-1.133063286401551,-0.28565727211076797,1.0994885921799846,-1.2254693769138205,-0.22457914057613687,0.9366696589285578,-1.0675631594689563,-0.17694414386856427,0.9546284561710444,0.017340453105171058,-0.19271657693515834,1.2758693234122194,-0.704039724145853,-0.2189107872183254,1.1041950213685936,-0.7804988276572273,-0.14112376195230153,0.9643935489484182,-0.6354391093454171,-0.09040156513598963,0.9561266127339317,0.30257089688329347,-0.15013671438124634,1.2075080010886095,-0.2810778941587185,-0.16747666788601456,1.0819181294957954,-0.3644156249457522,-0.11601913985740858,0.9474300846375572,-0.25741372478018293,-0.07062321516822993
GOOD_MORNING,0.0,0.0,0.0,0.06768728086392767,-0.9300740229330002,-0.11818929725092552,0.3483937049363394,-1.4934647333977147,-0.21330774975014816,0.726127199331607,-1.8013572121926507,-0.2685650333554237,0.9126025311788271,-2.1593840056551863,-0.29597217529802716,0.7578494138576763,-0.8008802809548041,-0.3821071662536339,1.2690672629228124,-1.6000973595042454,-0.41413585813172193,1.057628161999423,-1.7228967625050668,-0.3354533905892669,0.8679534130926975,-1.5649801892574995,-0.27274126576343355,0.9034571655201493,-0.27030522821914427,-0.3327164463438709,1.4013143298573403,-1.1998645574348092,-0.4046097399291476,1.1683294531793431,-1.3524622543414424,-0.3280752126045813,0.9835510372997568,-1.1977406030117446,-0.26368805050829625,0.9776258787306515,0.10630560455250329,-0.26092861299557263,1.3880547858162076,-0.7691041247291014,-0.29637442023787147,1.1952649037556538,-0.9105493752365311,-0.19814540874261824,1.0309714102045517,-0.7758771793893189,-0.13178477411319628,1.0038797534563861,0.365838225840696,-0.19172636404539184,1.30646234619366,-0.3253134002057027,-0.2282623133710368,1.1822115743370778,-0.456728865937549,-0.17783558622817822,1.0405752803101131,-0.35183248828796804,-0.12972789563173295
GOOD_MORNING,0.0,0.0,0.0,0.026146681575021608,-0.8170652357252293,-0.17311241504791855,0.30844521846827605,-1.4701115582635917,-0.2908314176039055,0.6384844215600125,-1.85520196361186,-0.3608199240007113,0.8350283169057969,-2.279761838275919,-0.40838797145726546,0.7138690311622596,-0.7408133628785143,-0.46581863659874456,1.250500200942542,-1.4710745395250078,-0.5659094078777711,1.2895572126216661,-1.9193399962773183,-0.529378191627686,1.1790661349488745,-2.140159721048687,-0.4720977022537063,0.8763709588077996,-0.27766230421781135,-0.3935448988041308,1.4178332779525828,-1.2224084132412991,-0.49720569831754413,1.3629450863794594,-1.7193612743960862,-0.42731852974549955,1.2073110714772342,-1.9041666602088887,-0.35551279504284194,0.97419361191023,0.008712079869845459,-0.3105710831899467,1.4726472155489223,-0.907114425633098,-0.3889417686095488,1.406608165055958,-1.3573592149540537,-0.3115012882819228,1.2534987853643846,-1.5408616755179767,-0.2409225932942538,1.0126374481716935,0.15216264148757916,-0.23342778192516686,1.3624369107258447,-0.5526445039610798,-0.3000248974623974,1.359736502429525,-0.9350014347889916,-0.26970090396932617,1.2784974308452242,-1.1213116238500547,-0.22517435088653037
GOOD_MORNING,0.0,0.0,0.0,0.11217615831014124,-0.4893634026064657,-0.35723084141954725,0.3581407537567654,-0.9724495988899179,-0.5676628986815718,0.5945533312048796,-1.4413532156391873,-0.7059874620903946,0.7628019944407788,-1.8594954036283435,-0.8361582565290089,0.7123135106486217,-0.06721309431417083,-0.5793254887219511,1.138338370429949,-0.6648369244235623,-0.7632942906816871,1.2171492501523586,-1.2293525827138774,-0.8545529391748294,1.205206719939332,-1.6205518819319091,-0.8947079218179601,0.8705946671243446,0.20977061446371126,-0.4450406890186206,1.3387137650682315,-0.4582086087011948,-0.5932039088370552,1.357209614212088,-1.075070571561689,-0.6283481471687888,1.2681123519835729,-1.4762679980585458,-0.6445706867729568,0.9784190162065128,0.27690662954128326,-0.3183024283235432,1.4127758247001865,-0.3180679977650064,-0.4636059952656622,1.4005856906380856,-0.8781014456531023,-0.5064104776781317,1.3025472369641073,-1.250873527924249,-0.5169539999491407,1.0362490333147192,0.2496005180661863,-0.21032896919420466,1.3681854863277694,-0.17575755352456357,-0.34862353901310106,1.384935437968665,-0.5955838700394064,-0.38183875066245443,1.3238438076843797,-0.9012822341502323,-0.3802931733844042
GOOD_MORNING,0.0,0.0,0.0,-0.18050093735412104,0.023234656148757013,-0.26441146792058756,-0.30839755795496504,0.1845767728513683,-0.4378052495664221,-0.34768591544317334,0.3623424107989105,-0.5794015114776003,-0.3678081242764608,0.4643960945702108,-0.7169536925729795,-0.05625024271707382,0.8487918873680109,-0.36565888811658287,0.11634329042292231,0.8371569720854458,-0.5884108642046677,0.18222008695436234,0.5356194023903807,-0.7341512341782065,0.17800159965737922,0.26699043041383075,-0.809072496786392,0.19545836938327354,0.9308850669146284,-0.3086243963677849,0.36770357809446264,0.9620701182308553,-0.5090822044782307,0.4197670881960014,0.5663276449513263,-0.5906260585691445,0.3876787383259676,0.24026569050715277,-0.6196188765982494,0.3896616960490081,0.9157571366727779,-0.27296385856827843,0.5546336171079117,0.9458400562759772,-0.46057143256377775,0.5923537818661472,0.5638683670065651,-0.49031164587411846,0.5540615443082861,0.24298877657471316,-0.4754889880410349,0.5263846524917274,0.8373572708453488,-0.2553506207028836,0.7049749350897974,0.8181745120493629,-0.39896338121938185,0.7210515975066034,0.5460105112273038,-0.4151124076698724,0.664221953986493,0.32328317555068886,-0.39587963525060577
GOOD_MORNING,0.0,0.0,0.0,-0.2965787458236585,-0.24649570796755255,-0.3240622563240957,-0.4203560705331736,-0.4409145625738242,-0.5811004166752224,-0.3621003112768022,-0.5262676899623137,-0.7949263720007541,-0.29797930947606666,-0.358172092823136,-1.0149113016191802,-0.0857917318510652,0.5397281289074163,-0.6208931232637542,0.20254352173274895,-0.37930898357738246,-0.8577401337330633,0.3616503485313311,-1.0579838608581378,-0.9937015649544412,0.40037248234984335,-1.4388917411815632,-1.0792339129413089,0.3082192383632925,0.763068666621619,-0.5680907595825305,0.6603391138313249,0.0008003220870903508,-0.774847658198175,0.7305682506875721,-0.8279262093824169,-0.8318779242586893,0.6794848102226032,-1.33228289792546,-0.8752745375599464,0.6230489973717004,0.8007554492685133,-0.5176374853897384,0.9415728194633156,0.20189784703584962,-0.7138565186206702,0.9335538717391723,-0.5113568856628771,-0.7066674900477006,0.8428378873959224,-0.96164640019574,-0.6967168151244019,0.8513094190077434,0.6820736250086826,-0.4862342905048118,1.0437169838274627,0.19808146398299958,-0.6514550407146119,1.0379382389759173,-0.29552155180031864,-0.6297359833548475,0.9738880080147607,-0.626692385038913,-0.5962304139916883
GOOD_MORNING,0.0,0.0,0.0,0.20690899647432479,-0.31491776262056376,0.037413993796617175,0.3357996384741019,-0.7238081120236488,0.03342959456243546,0.3960703568369323,-1.048742548065202,0.0223906744513889,0.4040147382969085,-1.2854056660400408,0.0019471535009478419,0.30802889635960273,-0.8788702133580522,-0.09306186641096777,0.46135305703993984,-1.2188430250065918,-0.16655395257551892,0.5862054671366594,-1.4163361511993449,-0.2101440214631771,0.6916677885706483,-1.54357819395884,-0.23923172748999022,0.1985343467655627,-0.967812092340067,-0.15467342071187534,0.3503750111382916,-1.2936951197766182,-0.23462088859770533,0.4606854979961424,-1.471919089844339,-0.2794838403441162,0.5612647751183278,-1.6051650185564121,-0.3092985174548935,0.031615424778734066,-0.9760046285109709,-0.20728338086692974,0.044072905624314915,-1.3430757630573023,-0.3015487930672709,0.07469885637710334,-1.5846603778884374,-0.359570752308581,0.11549743492278336,-1.7687681590486097,-0.3976187946163616,-0.16611584988660288,-0.9115838942681559,-0.24920658912932853,-0.2509112866451845,-1.2414539788459487,-0.3354172296188215,-0.3175614107910114,-1.3829614867734983,-0.3709749693587741,-0.3733158849504719,-1.4720920548214258,-0.3928157644747436
GOOD_MORNING,0.0,0.0,0.0,-0.18275201078761458,-0.34085302239817256,-0.05043088923496472,-0.26063592654221535,-0.8134222417668243,-0.0807687843296416,-0.32773837355867463,-1.1644008940398853,-0.10650954626301842,-0.4364628919204401,-1.341763589408804,-0.13421305356551885,-0.01646209466879298,-0.9986701862637899,-0.05617553643284117,-0.01794830329140484,-1.3398841896373228,-0.1032046068658898,-0.005881265513654422,-1.5465809170529152,-0.1470132186597521,0.021935837634792135,-1.7159926658914317,-0.1785233086590878,0.14104905927094225,-0.9879145424224706,-0.06426522970458365,0.2574733699467625,-1.3167328791114392,-0.10277012426111248,0.3624944278301845,-1.498780806723056,-0.1319442139952218,0.474133754051955,-1.6183236865327089,-0.155423275452375,0.2447394254928353,-0.9436962175763118,-0.07871707077201526,0.37098457550302755,-1.2742806508493303,-0.12676260630608355,0.4763325595528137,-1.4566115881132098,-0.1604027093184175,0.578708977727601,-1.5828841238656366,-0.1806126598754069,0.3075750887321379,-0.8806174881377984,-0.09643654171015693,0.41782242463618624,-1.1634323185140167,-0.12371806203961853,0.49644419458570604,-1.3374062056502136,-0.1292517822642744,0.5699427023118132,-1.4675583645700208,-0.13494205705747478
GOOD_MORNING,0.0,0.0,0.0,-0.1899927951991485,-0.3314893549910689,-0.07466836374381483,-0.2738087581262411,-0.7989286251685889,-0.11449684376267356,-0.34820217150935656,-1.1624228997061696,-0.14304703766353546,-0.4700320972567153,-1.3219819609633179,-0.17021174709070228,-0.023371528494706268,-0.9935335689600658,-0.07815037583154562,-0.03524670219038832,-1.3548699592743843,-0.12809263221301484,-0.021015891108711975,-1.5836107502198717,-0.1729632117142529,0.007995988322451684,-1.7551801961343103,-0.20333570493194877,0.14262017999819693,-0.9874000831082491,-0.06856063108741516,0.2565881873639392,-1.3356846220546614,-0.10676444906724965,0.35507881845343076,-1.5153439052501363,-0.13140883971965953,0.4591324963220045,-1.623094918306233,-0.14871724233881317,0.2516940640130668,-0.9515819434519498,-0.0660919969879882,0.3666912721161144,-1.293079476898772,-0.11066737302109465,0.47499667864032447,-1.4795096843323166,-0.142461471151333,0.575400516311054,-1.6056750254776362,-0.15956170879320045,0.3131967952124717,-0.8979431987343126,-0.06864380080470191,0.4086816923305147,-1.1689801321475837,-0.09111961016410196,0.4770764742544301,-1.32197211965915,-0.09363245881848523,0.5367039378133014,-1.4328257464817085,-0.09505371607626091
GOOD_MORNING,0.0,0.0,0.0,-0.18954190378246707,-0.3337480271318701,-0.07979629376264591,-0.2743640994148544,-0.7778468964063457,-0.127201208928063,-0.3422093408675046,-1.1319990823881525,-0.159647115589475,-0.460615966355178,-1.3144944067652535,-0.19277463933839828,-0.008911286786924516,-1.0007445458890818,-0.10980790701413908,-0.023268612772995016,-1.362970078955474,-0.16002080725789972,-0.020670601489504163,-1.6005085630455658,-0.20331931834634936,0.006512947489530724,-1.787476987893261,-0.2340833636209501,0.16566574206032203,-0.9815822927503934,-0.09513708249932733,0.2804489751962995,-1.3476989763108065,-0.1340342502371863,0.38109190474704996,-1.5441048534942603,-0.15483550426068443,0.49457158131282397,-1.664770303878785,-0.1718107162881212,0.2708621599663828,-0.9226740081655015,-0.08481295463948105,0.38689803616043933,-1.2533911169443084,-0.1299415522767859,0.4853605021137252,-1.437176913972296,-0.15492255854450898,0.5798977922719406,-1.5645011193276523,-0.16942624310087304,0.31948712394250456,-0.8512125562951283,-0.07879565836793156,0.4220115779776311,-1.1069268797806253,-0.10505540442411032,0.4943861309781583,-1.2639073170952682,-0.10510563351925965,0.5620999643715823,-1.3887622526667165,-0.10532271813982805
GOOD_MORNING,0.0,0.0,0.0,-0.179072845875835,-0.33653760292692025,-0.07520151854480889,-0.26715919342038913,-0.7814914084073643,-0.1179642405301893,-0.3353861688137413,-1.1425397077753054,-0.14798180949660322,-0.4452075413761766,-1.3343082203222336,-0.17689388194392502,-0.01467600777447315,-1.0022038980630599,-0.08576956229972543,-0.024256278092637192,-1.3533265378260424,-0.13326522991201362,-0.01808636016326994,-1.5768073966615097,-0.17569861730921993,0.006923618637401185,-1.7551867341531504,-0.20540383622781758,0.14791478763063642,-0.9864343964054983,-0.07119267650751641,0.2612172146765374,-1.3386299199815017,-0.11369607928141129,0.36224122660231584,-1.5197459608498962,-0.13845582828684563,0.4720393957746088,-1.63191708613583,-0.15575132819522142,0.24959313515842765,-0.9250362469762896,-0.062289403484715546,0.3622335831326219,-1.2602336493866968,-0.10959421468242518,0.4664389163374396,-1.4459126369265742,-0.14092147853184156,0.5630908635982881,-1.5740146639220887,-0.1578327746588832,0.3038803326974687,-0.8434106104357979,-0.057421869664324304,0.39965874056472483,-1.0885291082958137,-0.08263402506292648,0.46378390254303975,-1.2265133226624025,-0.08640465273697315,0.5210596967324088,-1.3314501086188235,-0.08868552892664475
GOOD_MORNING,0.0,0.0,0.0,-0.18586920366904142,-0.3823315947574914,-0.08454287298281717,-0.2696463726782474,-0.8869098293728351,-0.13907356341347016,-0.3247516237700495,-1.294240030662166,-0.18010742457291626,-0.43837345654798743,-1.5235726405875811,-0.22020810765754448,-0.00859396853386145,-1.0106117549039484,-0.12005463356454672,0.0035032588316154397,-1.3772512289275043,-0.18436582394472595,0.022236060206371977,-1.6348039720706478,-0.23603008069789572,0.055701756682597775,-1.8597607391613682,-0.2720114499246685,0.15681165707575626,-0.9813979596773282,-0.11076167634309576,0.30126234379217326,-1.3520295569125487,-0.16206937158566695,0.42269132162896444,-1.5857866170952468,-0.18992120445339128,0.5503661329930137,-1.7569603724687404,-0.21254944652668073,0.2649721301979356,-0.9161452115816924,-0.1067457542177661,0.3956608954628934,-1.2907589462136648,-0.1604129561807977,0.5088398279794233,-1.519422947090608,-0.1898910818021574,0.6134330155743724,-1.6828035816011915,-0.2062179626090161,0.32984292087317274,-0.8388479553493082,-0.1080689114062119,0.43614838202515727,-1.15869375384321,-0.13564173803540536,0.5075501893535326,-1.3450130534344054,-0.13672877842749454,0.5714300347489348,-1.4873027657487166,-0.138160641490777
GOOD_MORNING,0.0,0.0,0.0,-0.18633101320319964,-0.43334361161696494,-0.09296852566707624,-0.23999383209346886,-0.9528355272720999,-0.14777365917495686,-0.26750313014029864,-1.3758541214255986,-0.18854799397025168,-0.3513092391435921,-1.6503727339967738,-0.2273981063941661,0.04213730528027173,-1.075423275695509,-0.11524099743708514,0.07952297894552413,-1.4916385892249366,-0.17946041640929172,0.12344390530790308,-1.7136901877817738,-0.22889943026792037,0.16606660071958468,-1.874676142441595,-0.2572805227679105,0.23468237552018686,-0.9666284883387478,-0.10273046360330094,0.39623003164651055,-1.4092336063741664,-0.1560350257954194,0.5164169441525437,-1.691533003986759,-0.19449202929001747,0.627619135205521,-1.9122274179590262,-0.21986212749022338,0.35131799618204534,-0.849250083165228,-0.096552431615401,0.48733169193549847,-1.2679802304876109,-0.15755211429308563,0.5892157685714492,-1.5489681052161397,-0.20589510073735584,0.6659577623053132,-1.774414619930486,-0.22979475926192394,0.4127767685553388,-0.7592136540538058,-0.09406734829683379,0.5130604964139543,-1.1379077161976419,-0.12915693820781513,0.5690836499187534,-1.3718584098799207,-0.1381425979149908,0.6069121795286425,-1.5638228571952466,-0.1399052255611632
GOOD_MORNING,0.0,0.0,0.0,-0.115173452845986,-0.4976921090678554,-0.12098206147280356,-0.09817043658908088,-1.1450408134535983,-0.20004314056915676,-0.0629039913506693,-1.6659169023356022,-0.2625884261334756,-0.11574898192106907,-2.0640562519901273,-0.3183297941128745,0.28237740719130067,-1.0447808944589203,-0.16910682005889313,0.45696360534487646,-1.618184035611577,-0.2705312387035116,0.48220385617534905,-1.961574815066645,-0.3396539867548574,0.46738874144103276,-2.2013934469724754,-0.3766027711175662,0.44147940262179364,-0.8844893642687378,-0.15091223130080716,0.5981602067709026,-1.4722090442996747,-0.22408500955110522,0.5764176822545872,-1.7560882543132188,-0.25250907325185284,0.5356308560919095,-1.9055601619053937,-0.2678851111377686,0.5578893721927821,-0.7483421090630216,-0.14214484220647955,0.6961524359053484,-1.2944718143345957,-0.20526059413410203,0.6706189528086125,-1.5718837138126531,-0.19800936064991256,0.648559300026435,-1.7264248134553133,-0.18549297019903632,0.6442434394887255,-0.6444135466045136,-0.14331112646232225,0.7841026749711034,-1.0958916024821663,-0.18385520825195684,0.7655581642316042,-1.3334725157814984,-0.1605117530167571,0.7333293460608372,-1.4674772313621691,-0.1342950696221696
GOOD_MORNING,0.0,0.0,0.0,0.04786453342168044,-0.5925712591781465,-0.16632494559063146,0.18444249042007,-1.1725261155526232,-0.3135653746057991,0.25712359288361186,-1.6858489248650634,-0.44842425188009577,0.28841079710895795,-2.1195465875484323,-0.592121510545269,0.7229564282511366,-0.8603828880299864,-0.2659876884224988,1.0074800353551523,-1.278434009831606,-0.44973374066423494,1.1727409128559891,-1.627371694827828,-0.6024039295908163,1.295257661308666,-1.9353258406131801,-0.7036666318138932,0.7677774655534836,-0.5773708768742843,-0.27777802995501505,1.1012791323981213,-1.0371728237764093,-0.43102807475488525,1.312003836146452,-1.4255274169052208,-0.5460489917529288,1.4788537862348765,-1.7690192956429724,-0.6294403379282837,0.7230616896162189,-0.2703261465375112,-0.3036526393519588,1.0452143646113756,-0.6206017729457436,-0.4338207068594668,1.223654819935155,-0.9663538322636885,-0.5019731661770447,1.354502711557187,-1.2867448487782551,-0.5450112389230011,0.6130459304907762,0.041717697158195156,-0.343416155259989,0.8691420228411229,-0.033584252999400564,-0.4486115316184782,1.0401644906956768,-0.16142284508770968,-0.4855442448190433,1.1819328482037583,-0.3068876397716249,-0.5043959475144034
GOOD_MORNING,0.0,0.0,0.0,0.23433577146619647,-0.5262526104280649,-0.06556025282572893,0.5889363182522798,-0.783423333644619,-0.12814261468533564,0.8641643452021481,-0.9862172308302851,-0.22014493817318243,1.1208762941315855,-1.1294944637413487,-0.3110169161318296,0.9860606080295625,-0.15295260642570455,-0.03149449031384665,1.4297573401967247,-0.3909853285839583,-0.23777385407420756,1.539410920767653,-0.9520447460926175,-0.40445634558747884,1.520420406180033,-1.4178357346817199,-0.4936337790464326,0.9954821220880322,0.017612233941260685,-0.09330141380872323,1.4851293736072044,-0.3185929648999488,-0.2850585631226859,1.5646258864939917,-0.9494761321607662,-0.41559805928669785,1.526653341053791,-1.4171766137286788,-0.4779681136375906,0.9618891417130383,0.14413604793502602,-0.18056984373511906,1.4571004182278824,-0.1549456315649001,-0.3544755626456237,1.51804430777407,-0.7780446456298024,-0.4219058794370514,1.4597447331800828,-1.2485734739407646,-0.4312872181156482,0.8741764577383427,0.2264778750349411,-0.2758395166639004,1.271091917114662,-0.053824730658340696,-0.4047939003527863,1.381039165436945,-0.5226280977813418,-0.4322362951859646,1.3660980028430083,-0.9248419759871073,-0.42304233284760734
GOOD_MORNING,0.0,0.0,0.0,0.42111457968020455,-0.1313149198976134,-0.15806686039363718,0.8884848478099092,0.4262229980421056,-0.3097340718274426,1.0748640417561257,1.1538246895139852,-0.4252168480886079,1.05291273845569,1.7858855011563666,-0.5115624939120332,0.73184731315595,0.45207091853224324,-0.5269094268542166,0.8494092971847574,1.8525043425577017,-0.7112970014674278,0.9106599457448781,1.7917358239176364,-0.7346914563419996,0.8631068240926018,1.451802568015129,-0.7063399233276337,0.4692908722440749,0.7285141403355069,-0.4990322880932784,0.6518310167522378,2.1287302460984927,-0.6442237796013239,0.7339873943234797,2.059015698852264,-0.6097218069454147,0.6910253008651644,1.6933957121642342,-0.5665065952790702,0.21656916210443564,1.02461243174533,-0.4628142567405747,0.42802270987801416,2.330227451224478,-0.5673996150265163,0.49744150280014904,2.197041579398291,-0.4919540631792701,0.47051994374176853,1.8185753489299181,-0.423363076535917,0.0030417360777230435,1.3327265521179683,-0.4280964050159839,0.21036048008915426,2.3547282863260426,-0.4964100320308872,0.2745010297820253,2.266710072443201,-0.44481025723617523,0.25453437471966867,1.9270560201361882,-0.3929525069543888
HELLO,0.0,0.0,0.0,0.20811969057231564,-0.03298221236308469,0.013430472011322667,0.37965617180658384,-0.32644271506821465,0.03835619387282261,0.4817424721360992,-0.5164792348877874,0.04602908635827438,0.5555099215894517,-0.6451179781309582,0.04955113609253026,0.4597318505768498,-0.8257103108852011,0.07450002162043466,0.613432317364436,-1.1092886373889232,0.03562162194885301,0.7362219417302878,-1.2568435459515912,-0.011418504192711147,0.8441410567730042,-1.376099613294059,-0.0477302211175141,0.4166636599608828,-0.9087240741393608,0.02473765444748976,0.5946402860217462,-1.2259749461368896,-0.011602874847594629,0.7401082615773149,-1.407924600553953,-0.057979400231928754,0.8707246258181577,-1.5560838748365389,-0.09261482936131842,0.3503234983616313,-0.9449682309735915,-0.03606486381316928,0.5280744599691347,-1.2643408676015624,-0.08145685231768006,0.6740167384808623,-1.4335447417194085,-0.12451537970569505,0.8019692246343407,-1.564695437884299,-0.1518363068890157,0.2538632463003665,-0.9365037759520775,-0.09917509581183241,0.3975744481722247,-1.2158986021628042,-0.1467914881759761,0.513828696571065,-1.3745010641121298,-0.17344585527469283,0.6186125949637341,-1.4946338508251227,-0.1907992178289027
HELLO,0.0,0.0,0.0,0.21358486995411113,-0.10896209274269454,-0.006808048800290725,0.38000549700553155,-0.3908071229684191,-0.0023240591246834414,0.4728080078326699,-0.5900658313885543,-0.011286521047121084,0.5417737371031153,-0.7622868842572954,-0.024899212334681974,0.4241297038747934,-0.8593046072505326,0.029179956314373864,0.5682640140784925,-1.1631629269205843,-0.023340753300603288,0.6756670376122296,-1.3555459779674865,-0.07701887158313554,0.7699005429754605,-1.516736061854489,-0.11750450740163003,0.36462528422330054,-0.931015172016434,-0.016098185620961457,0.5173551589704624,-1.2722967787206867,-0.06427554505254891,0.6427879193974289,-1.491412687454103,-0.11763027582029201,0.7529741677342507,-1.6657729513962258,-0.15688556638932089,0.2851991305086335,-0.9409050519231387,-0.07115091802223672,0.4313763475743353,-1.297614527101851,-0.12406232571469208,0.5537108261218154,-1.4964780904072559,-0.16669139729195792,0.6631891888636553,-1.6502365338450227,-0.19468001556293157,0.183147113139115,-0.893101759425352,-0.1294713812279732,0.29562977014521213,-1.183305730444931,-0.18181808758302204,0.3905360812188678,-1.3387413894953057,-0.2062932568501967,0.4768799219797752,-1.4575562966063047,-0.22158010253402455
HELLO,0.0,0.0,0.0,0.23042902467510118,-0.1852524999247159,-0.013057481633624142,0.38064835474220116,-0.5579540275453188,-0.01303583646058415,0.46598094354406194,-0.823189405053504,-0.024450561843441687,0.5510598875012851,-1.0264723341205335,-0.04012508490865152,0.36708201389319184,-0.9308863353911507,0.011789837292493683,0.453580088561699,-1.2964786431144846,-0.054046241779718486,0.5352052555418788,-1.518512541696786,-0.11542130141926253,0.6103109573747314,-1.7001003004227166,-0.15978722777699475,0.29424753092157796,-0.9552517884175636,-0.03020614625537598,0.3905289189425695,-1.3540386457364824,-0.09081415031185291,0.4881074930380001,-1.6060918080017201,-0.14894920763889785,0.5791760526954589,-1.809702920572659,-0.19107211483266184,0.20607088832689902,-0.9139235315444153,-0.08208950694567838,0.3049009192579517,-1.314559526850293,-0.1452186449169906,0.3988479820681373,-1.541318780110339,-0.19092717219946181,0.48806633672306493,-1.7254807901200682,-0.22051155082124976,0.10149696013885343,-0.8157587086073522,-0.13681815516555448,0.16937927140819076,-1.110458349270033,-0.19731322229254086,0.2482058089727772,-1.295843463987318,-0.22931728737092624,0.32449528836780284,-1.4594539919187588,-0.25012182362451774
HELLO,0.0,0.0,0.0,0.22855685839170697,-0.25143196498531906,-0.0235744145291299,0.36481192564046383,-0.662142198150528,-0.033280258485338145,0.440232440293421,-0.9723634767669606,-0.05135940219496702,0.5243683510491107,-1.2024163540053616,-0.07712452378294345,0.317083278519052,-0.9892335205527103,-0.034808208787947034,0.36787668031395215,-1.381868854603356,-0.11434730853379274,0.4193960695199333,-1.6314882158408133,-0.18393003160292898,0.4692598172399761,-1.8435359549699504,-0.2349841873249463,0.22593727352322182,-0.9711497535137446,-0.07629223212808807,0.2812494739961328,-1.4055759203046583,-0.14704814926469467,0.3372409574782719,-1.682211561032934,-0.2069371224713976,0.3907642020017277,-1.9125357967580503,-0.25310069178483113,0.12394313660586878,-0.8789771384695902,-0.12613459059922058,0.17636084655381856,-1.3099230883287607,-0.1976883207158574,0.23470735515976948,-1.559990870943502,-0.24144180987481384,0.29682154924684334,-1.7715375723439004,-0.2730398872565855,0.010617861484539137,-0.7260104676844074,-0.1789721967676266,0.058222062066836486,-1.0177441931040825,-0.2509260734980817,0.12135045110807109,-1.2011257754073243,-0.2857961378617216,0.18493021750139066,-1.3669799051291145,-0.3099379166071693
HELLO,0.0,0.0,0.0,0.25145556467266134,-0.2604929539181757,-0.03478718635957642,0.3838388682880318,-0.6921255973073306,-0.045404772637762346,0.43893889051349805,-1.0432020045793227,-0.062314463115540446,0.501293826501961,-1.3061172892311517,-0.08800254998916468,0.32731660999232026,-0.9964110417901495,-0.04322701611845765,0.35808824247096577,-1.384347218196474,-0.12479669923474673,0.3909292133337708,-1.6372059953995877,-0.19770034845523246,0.42879209674100255,-1.866020981050404,-0.25348461419135176,0.2315496949863105,-0.9695147761322106,-0.08016132242581887,0.2751727854585104,-1.3998498933230972,-0.15357528565027798,0.3147954972770776,-1.6758305753009157,-0.2162254073390422,0.3573233753869039,-1.9146480173905596,-0.2653496412544446,0.12144718392193625,-0.8526875947314535,-0.12691213384504177,0.14404201585999296,-1.2693185162085365,-0.20577559575412818,0.17853048566106944,-1.5349429944956612,-0.2595569922600079,0.22145755614560153,-1.7642337196217794,-0.29699378989550496,-0.00015400008403930305,-0.6627580832419846,-0.17707862372136998,0.032963868969087366,-0.93557255368805,-0.25827377146170294,0.07882569791789,-1.129672447845493,-0.3031485278130272,0.12569396271003186,-1.3119786532140671,-0.33407336772822066
HELLO,0.0,0.0,0.0,0.21038656281146947,-0.29843738086927457,-0.038061020178373636,0.32659993641542867,-0.7410112128770137,-0.05061345700650173,0.3803816561894052,-1.1055242997682149,-0.06848278155319043,0.4214197455662649,-1.3886969359463803,-0.09456020487318603,0.25415857068851105,-1.0127443039381425,-0.05059180285948759,0.27499022651454613,-1.3867928366028421,-0.12811950696497604,0.30364639402106325,-1.6372569386759042,-0.19461208279680697,0.3366216661807573,-1.861523699803913,-0.2491821820653747,0.17257248647025908,-0.9809966130670476,-0.08868135127778337,0.1987509212564977,-1.3975743301456416,-0.16176788967424174,0.23267384630684124,-1.6590274538303496,-0.2267246332211455,0.2713801760965939,-1.8945161194099738,-0.28010140945400475,0.07757709919337921,-0.8474540594769453,-0.13560148191635743,0.07558330551500059,-1.2590804147773607,-0.2192665566071414,0.09881325888241965,-1.5169275917064946,-0.2822938460393837,0.138683270075166,-1.7458109730101083,-0.329148528759,-0.0294341046459492,-0.6494693506102274,-0.18523387690809925,-0.02869779036778291,-0.900498878735273,-0.27434560161022686,-0.0007541945213860929,-1.085331056560749,-0.3292744965380772,0.0343344637631403,-1.2623662758674261,-0.3702123026655668
HELLO,0.0,0.0,0.0,0.22601395983776085,-0.3544132438819631,-0.02579291526298997,0.3229453317226543,-0.8019440224448091,-0.04083195200385081,0.3508529948957805,-1.1699329245431949,-0.0632024834904362,0.3761378902643106,-1.4448281486919914,-0.09362935121950128,0.23708790107133798,-1.0479172305491682,-0.053755245510005066,0.24299671271601006,-1.4195485548193043,-0.13682077591295347,0.26637071336065266,-1.6801895292837625,-0.2079004893893413,0.29940934092725063,-1.9071587892196937,-0.2653710605488254,0.15515298828881552,-0.9827226744738469,-0.10091429680684659,0.1531448994744713,-1.4118926057667869,-0.1814362873152985,0.18697021011867465,-1.6862358852928083,-0.2510474680351784,0.2301526609259341,-1.920265706845323,-0.3081960837700248,0.06448297752215967,-0.8162654244098265,-0.15500258725032517,0.04213893970881098,-1.2289948280382468,-0.24743875085956918,0.06786886620061397,-1.4788248743684547,-0.3135947921115444,0.11338839309203615,-1.68596462542217,-0.3608208116093483,-0.030744847031820486,-0.5846981476764276,-0.21028568391146876,-0.03372222600280991,-0.8300510807671448,-0.30654183298726356,-0.0010382096026053742,-1.028557345840386,-0.3647090170189355,0.03631878085573728,-1.2052994978400036,-0.406947727934238
HELLO,0.0,0.0,0.0,0.23660487851444176,-0.34721319055551947,-0.024815051636886295,0.32635322080401397,-0.8197094731214187,-0.04014047456131855,0.3463328316826929,-1.2040788669756037,-0.06394226357340892,0.3632564808334063,-1.4733102290929918,-0.0968122686722722,0.24922791060873167,-1.0502881962999702,-0.05338159134186504,0.23971230111443187,-1.4267677953285627,-0.14184318469067542,0.2572813917108767,-1.6808373889984505,-0.21567704333772308,0.28795032700116086,-1.9059403265063233,-0.27465501863233566,0.1670687386155238,-0.9805781942458507,-0.10273481175806222,0.15475011066253155,-1.41181623146001,-0.19054502167485862,0.1911602766865362,-1.681887539675019,-0.2628569413858713,0.23625540976769885,-1.9146001446062488,-0.3205647489705562,0.07362160980676424,-0.8122633466049192,-0.15993141772472796,0.04906401649363131,-1.225909906289606,-0.2620980388932043,0.07949280104780096,-1.4598109084773347,-0.33221576659933183,0.12690774372152733,-1.6630435568535593,-0.37937791137348004,-0.02606536778951287,-0.5767394371423827,-0.21777888924386932,-0.030261900144327364,-0.8356271639828389,-0.3227631748678078,0.0052577311282018336,-1.0240512922703755,-0.3845318848818866,0.04623512222923163,-1.1961239465266582,-0.42764541096586717
HELLO,0.0,0.0,0.0,0.23138347929708655,-0.31666740544431454,-0.03176811665665671,0.3176408055914845,-0.7886700807448713,-0.04721710086824032,0.342833362500594,-1.1639866328172455,-0.0691488843826805,0.37628280117526564,-1.4431954381226701,-0.10048235140239967,0.23626306587086623,-1.0459534982510825,-0.06471657328149868,0.2250181917640354,-1.4135286158294782,-0.1562612297556229,0.2435070737248419,-1.6561815688257133,-0.23140240074020046,0.2706555842649676,-1.8775574476970103,-0.2907107306298389,0.1524273692108911,-0.9822322589372698,-0.10947916065824877,0.14781408752603742,-1.3922084924179847,-0.19966613774329484,0.18520346555631262,-1.6448219919686575,-0.2722404950169882,0.22489977047078583,-1.866470039585189,-0.3300706325438475,0.05712168357020242,-0.8163394733502325,-0.16262317417547392,0.037106768760394544,-1.217114887220642,-0.26518824241533673,0.06704819115387536,-1.4437597985371182,-0.33705909783053606,0.1106984514707377,-1.6458903579838442,-0.386438953599325,-0.04560707207319196,-0.5833484392993713,-0.21675193118385558,-0.05030588024761479,-0.8289110091915841,-0.3237006253215726,-0.01306209747884692,-1.0122520567760416,-0.3897189945889218,0.028677975890380698,-1.1867152259098042,-0.43632227864053164
HELLO,0.0,0.0,0.0,0.23676684153702854,-0.3001910671397591,-0.03452035087658562,0.3203200296677578,-0.7699787485958952,-0.049755631725724114,0.3455974478254004,-1.1486121686500297,-0.07083508383804804,0.3814336619798081,-1.421905806811784,-0.10204400538471335,0.24616932017956575,-1.043842817210328,-0.06645557742627113,0.24025766593302028,-1.4202986277602963,-0.1590897391268512,0.2608754022026799,-1.6693670528120887,-0.23622775367133536,0.29165764920733517,-1.891335365263887,-0.29696919177825754,0.16133003885031322,-0.9808472893404384,-0.10913850630309507,0.16388297759404855,-1.3882145394771357,-0.19753929611881377,0.1981758799102283,-1.6449178670090505,-0.26897929443234053,0.23927632724525819,-1.8651273522317573,-0.3267824397365254,0.06156099443598112,-0.8155522339080112,-0.16075068766438852,0.04562277096983726,-1.2112530730892153,-0.2605403102989748,0.06986023258645177,-1.4497682431353476,-0.33216952252256204,0.11070112823289077,-1.6569797297507565,-0.3823861761110134,-0.04901414915705432,-0.5808408084397337,-0.21385818931924275,-0.052342243393232936,-0.8301582864601292,-0.32109450300583414,-0.01919749276017928,-1.0168809377568417,-0.3880758261744804,0.020436050087646034,-1.191796320271556,-0.43540912297068696
HELLO,0.0,0.0,0.0,0.22084059767166023,-0.30239360594285614,-0.035793830280983395,0.3048265042623626,-0.7599429398327082,-0.04745132922808029,0.33554054094848185,-1.1230907415726956,-0.06449469429309276,0.37353127073005715,-1.3916090944274953,-0.09036219478522858,0.2332894210380113,-1.0297455809250398,-0.05155298423839255,0.23315205043144904,-1.3877161750411173,-0.13611980259939546,0.25707597368601365,-1.6285130266615826,-0.20871970979541168,0.2895239264266264,-1.841199677466927,-0.266645484999137,0.1531180169371276,-0.9841272565396646,-0.0897129635278797,0.16363575370691738,-1.3722595841639376,-0.16876439699113702,0.19721172504227868,-1.6211367610320064,-0.23596078413043553,0.23820147800449076,-1.8327639375082998,-0.2904573715231185,0.05818110611938771,-0.8332517371839951,-0.1376776508602881,0.04711388692334883,-1.2157388944815108,-0.2280461780437258,0.07060736347234046,-1.4535711360917716,-0.29708130742163213,0.11156467779029246,-1.6563902333883653,-0.34602656736983844,-0.048989122636749274,-0.608963334740239,-0.18780903688774364,-0.05020458453341632,-0.8558764222171514,-0.2868378358631218,-0.02005103120507782,-1.0460732199193947,-0.3512183723836652,0.01659307172695266,-1.2219160585741335,-0.39702032770306916
HELLO,0.0,0.0,0.0,0.222218719027942,-0.3000154866671466,-0.047104596111879816,0.3176564797442584,-0.7726585786498735,-0.07160247747731485,0.35948773338065104,-1.1521215334854207,-0.10017384357401242,0.4185151398153684,-1.4456986669686331,-0.13858834528184902,0.2355420403033692,-1.0307162214949088,-0.07856217407724357,0.23261479014435613,-1.441259433096083,-0.1792135168392363,0.2576624921718575,-1.702693750836579,-0.2596766457222894,0.2930488856521528,-1.930373742023872,-0.32164895617515554,0.1501501572925068,-0.9816645949291611,-0.1174289288361326,0.15536224199515694,-1.4199124236006189,-0.21222786016604928,0.19196129846948617,-1.6894603440855875,-0.288306380468433,0.23669436591916335,-1.922736035561692,-0.3490097389209111,0.049382003288756436,-0.8396611667848666,-0.16621970345814838,0.048327282255408895,-1.2458615660100896,-0.27003513537731827,0.07385354250836071,-1.5042889231825745,-0.3416552706049901,0.11282705227930073,-1.7290574879840692,-0.3912283792296051,-0.06487037166572708,-0.6296879778249713,-0.2173008213672802,-0.05745626842878855,-0.9030281321094535,-0.3250634528463141,-0.03483980781859419,-1.1116706452619929,-0.38907309258630635,-0.010837953680581588,-1.3102868016255678,-0.434043368748475
HELLO,0.0,0.0,0.0,0.21473661072906355,-0.3029488657984514,-0.040177253083013106,0.29690403922154285,-0.7531434633670745,-0.05770445874616892,0.32839199717072354,-1.1002267980556248,-0.08112653281584824,0.3748111495955214,-1.374917481070081,-0.1128087412044136,0.20463284631778747,-1.0381578055302196,-0.0491191331874323,0.1992992595845572,-1.415284970812144,-0.1370774420573781,0.23283947347034264,-1.6548283853961478,-0.21132119191343024,0.27733312275406513,-1.8596900988402452,-0.269476478248559,0.12089738605139991,-0.9887942853584843,-0.08757672800660536,0.12001410421109299,-1.3923432844968133,-0.17111864102678573,0.1670624632096535,-1.6389156400589706,-0.24069584963726035,0.22239532795646522,-1.8398843336538597,-0.2950206736124351,0.025602355670476435,-0.8420085665428744,-0.1370238747593798,0.017165176892104506,-1.2306522914401774,-0.23069859673941856,0.055082492370923344,-1.47277519662264,-0.297747603347491,0.10799566049296648,-1.6742227024631129,-0.34277206556721057,-0.07898094866419371,-0.6190053948433537,-0.18899753229045876,-0.08293819942439495,-0.8774611810335681,-0.2892422415344453,-0.05228339187279495,-1.0782293488575523,-0.35011906348987637,-0.01676754340320787,-1.2650045777305792,-0.3912052700663652
HELLO,0.0,0.0,0.0,0.21848441610594213,-0.3004190369347165,-0.040001633749615746,0.2989380886502533,-0.7568082497651837,-0.05490603503867624,0.3245830800269706,-1.1125768610885771,-0.07619462143287992,0.3738040738978339,-1.3884115780057809,-0.10517288536250471,0.20482961012685244,-1.0308262018045136,-0.0428149021896272,0.21022263371353536,-1.3957307021054013,-0.12966433878654487,0.25289448089361427,-1.6216696102400907,-0.20385757001242122,0.30700954604828956,-1.819543391393355,-0.26109853518861875,0.11886605792028747,-0.9898568666561437,-0.07780902138037911,0.1270135874665296,-1.383230572991854,-0.15779720396647928,0.18402575770268606,-1.6218712158952218,-0.22361951602268682,0.248349531597956,-1.8203246494629517,-0.27530010973293784,0.024942119437020915,-0.8542997695259051,-0.12430765194365799,0.020955418225154426,-1.2435840917120566,-0.21381293391343495,0.06486698109804766,-1.4750756881703477,-0.2742171843779061,0.12071897876213733,-1.6670754267921903,-0.3139759093844624,-0.07344086177149659,-0.6414519235799893,-0.17402278937418336,-0.07421141767575634,-0.9118753943046659,-0.26739600021416515,-0.04165369523451046,-1.1143913119847564,-0.3222748962638006,-0.007640767555152376,-1.2965071670463661,-0.3589961225807564
HELLO,0.0,0.0,0.0,0.21511006143714043,-0.3073076027091704,-0.0319723780268862,0.29476009948016507,-0.7591528633491983,-0.04183065309528217,0.306204940692381,-1.117210238342955,-0.06019911971902687,0.3406135757719075,-1.3898993688676644,-0.08493173847770213,0.21481245313318886,-1.0232165844552799,-0.02519237532393101,0.23011108937509028,-1.3872348445213478,-0.10568396878186805,0.273604043552873,-1.6132477164218082,-0.17305731916007283,0.327075304273204,-1.8104434436330978,-0.2252347902650929,0.13172509730614537,-0.9892029197713298,-0.06423458768889614,0.1522751832004892,-1.3895200926599918,-0.1411807433050021,0.21799081681679672,-1.6304427337020728,-0.2066565955238296,0.28876579160028104,-1.8299859045374025,-0.2563486449361564,0.0396144553338044,-0.8622299644358018,-0.11468498516516328,0.04721102354541212,-1.262593347988847,-0.20508101894445607,0.0940680559636631,-1.4934978657524018,-0.26949923003158605,0.15202727315823267,-1.6899853200762598,-0.31026833437961077,-0.058922375318881594,-0.6566576097474689,-0.16717588591402394,-0.05474801196960767,-0.9327241876356756,-0.26096885763970834,-0.024081278172675528,-1.130737465783504,-0.31718740048423694,0.009989350600702775,-1.3145992365719477,-0.3541611270575511
HELLO,0.0,0.0,0.0,0.2135400662094744,-0.3249273207873588,-0.030783277765558354,0.30319325878761044,-0.7521924888201803,-0.040961088936664364,0.31670325001374583,-1.0972985561000503,-0.05901562508728333,0.34043384329791415,-1.3591215583165304,-0.08163167025137981,0.22975773528772478,-1.0183152523774444,-0.008080632024768965,0.25075882907226166,-1.360652959689503,-0.0813717721875083,0.2864713004030543,-1.5847780195778678,-0.1485060147232458,0.32988472082042064,-1.7789613876601784,-0.1998188715415825,0.14673234502103635,-0.988270729794052,-0.04231528750888167,0.17659601696405233,-1.366322701996973,-0.10796012319921962,0.2314090062586988,-1.6048530385130062,-0.16883078689811054,0.2950534853372804,-1.8101331627474706,-0.2160328414021888,0.057549961961235616,-0.873340895151538,-0.08796780419792698,0.07531098947959079,-1.2567941735048085,-0.16211310107107918,0.11384712221368191,-1.478252807422665,-0.21380456721041052,0.16252284787598442,-1.6634301125409086,-0.24783688377993757,-0.04332553597394379,-0.6913103911758441,-0.13713248049135457,-0.033353341985584956,-0.9514964709019089,-0.21152013216894508,-0.004527543469654765,-1.1460292842711617,-0.25408635701415144,0.023437047286069736,-1.3203447896064013,-0.28260015080959755
HELLO,0.0,0.0,0.0,0.23185119201637833,-0.3664136141781362,-0.020473538983840557,0.32210628025394766,-0.8176013096740575,-0.02970917952500163,0.33246157666979437,-1.1730326860985012,-0.04990276542300713,0.3687191403882794,-1.4456246269256405,-0.07504676846155943,0.24617070179270462,-1.0290912606656275,-0.009270544312699795,0.2678549782318227,-1.4069910794897416,-0.09721088886313671,0.31871127221841145,-1.6305710168215415,-0.17100918491595918,0.3769978974926135,-1.8143365910863276,-0.22397542233028261,0.1630791196531763,-0.9851812287963276,-0.053133296156956236,0.1853237942288289,-1.3896118872217424,-0.13569913807729975,0.25725634246216067,-1.629292017349276,-0.20255534115642032,0.3367643774957704,-1.8178304353473411,-0.25223879083288486,0.0726309256549385,-0.8622061308511678,-0.10908207161633399,0.08654139045849749,-1.2665738341890673,-0.19556051718082135,0.13828851524303484,-1.4796396195214978,-0.2480771700525834,0.20277996784736468,-1.6491884345413943,-0.2819422161883775,-0.027762867402052097,-0.6743507592430349,-0.16809545303034912,-0.024988929245422585,-0.9463871948160892,-0.25025411538935916,0.007792078396703408,-1.1439285165209951,-0.2963316534097094,0.04612226712074159,-1.3250392127687531,-0.328019183372442
HELLO,0.0,0.0,0.0,0.22076671820751553,-0.23896423635667002,-0.04090825688216069,0.37257218945383314,-0.658915422356429,-0.050106541987119085,0.41464650406824866,-1.0271589424771495,-0.06330355877432699,0.4400098486734009,-1.303512174754049,-0.07988419807154379,0.3556752577327469,-0.9330436055680456,-0.022663586031243594,0.4210043326141489,-1.3157459351716798,-0.09300293528806643,0.46106208911739927,-1.5721184024940582,-0.155575722048189,0.49489528327069654,-1.768681077445692,-0.19998775580508413,0.24998790916697597,-0.9671334039725648,-0.046465300932670546,0.3319309637603043,-1.3369039484989942,-0.10415172414999356,0.3856586244145867,-1.576804866742937,-0.15032255427927754,0.42894417219102,-1.7431348259412311,-0.1831740438592965,0.12765641461569757,-0.9243060780733136,-0.08205454690023811,0.20140798945126903,-1.2844856568587595,-0.14063830936084784,0.25726714553757635,-1.4798363349452468,-0.16814706311439992,0.3152719255637884,-1.6117645230109736,-0.18608434942247146,-0.0167441910953589,-0.8269278195471095,-0.12356146588866074,0.00905446429311631,-1.0770646508241697,-0.18099665464238507,0.05777146872041354,-1.2458365507762794,-0.20249889522207118,0.10973993921788139,-1.3754679016826314,-0.21533808129492862
HELLO,0.0,0.0,0.0,0.6657432798561098,-0.6452408685989284,-0.21413536618701634,1.28273083885059,-0.9267783966172738,-0.44433297007082667,1.7138768639729132,-0.9072466099607365,-0.6620949715620024,1.9808235725755423,-0.6352396394736319,-0.8945392291020139,0.7876656591613789,-0.9694923860261788,-0.6790920859461174,1.2293226268864315,-0.9774070433842804,-1.0877484272786972,1.5641544947090835,-0.7173447202172815,-1.376824021155062,1.8217387427783485,-0.38479246458519273,-1.5686910190285361,0.4409379463728437,-0.44978418644821155,-0.7767032335902947,0.8416660063567682,-0.4533239838744713,-1.1647059441486514,1.217806355786722,-0.22427176107710192,-1.34744771515512,1.5236387802337044,0.022733221093522233,-1.489254884812468,0.13906827308871464,0.15764895608629675,-0.876357979817532,0.46999920606386153,0.1963177725785508,-1.2357191987122305,0.7951996581565463,0.3301164759080142,-1.2956804823516874,1.0774909114234366,0.42762791763127334,-1.3317535558476938,-0.11943454373669067,0.8163115565931266,-0.9917918150047521,0.0701062085855191,0.990232302073909,-1.2700806651959835,0.3097084158689959,0.9953923376603501,-1.3013019713097198,0.5315346367511788,0.9269584230795163,-1.3218638943266334
HELLO,0.0,0.0,0.0,0.37762495872170343,-0.3105949579105143,-0.06724867651195436,0.9609915951467699,-0.38778390712698585,-0.1964598382236122,1.414227717999287,-0.272839745170534,-0.3204183864941827,1.6655692905445318,0.044789220969138656,-0.43234668509072127,0.9279180070052172,-0.7755160835954256,-0.3595987873854417,1.4005789921418181,-0.277579907093106,-0.5844992718313197,1.5830752261608394,0.0038444047298516024,-0.7055054501695099,1.6872069998145836,0.13345556971725997,-0.7759950238542936,0.7516464686757308,-0.4892141152048127,-0.4423766897245782,1.2188491886691517,0.410885730167206,-0.668025737219616,1.0708008085759553,0.5557506327601339,-0.6831720996753242,0.9410181156154729,0.36224665913573717,-0.6776937123269697,0.5507313975480366,-0.052111831819659823,-0.5199757405433401,0.9962719042752523,0.7614181178084768,-0.6966151791484081,0.8315376641346794,0.7920767009957955,-0.5825940010470694,0.7017148118471678,0.5210774782030091,-0.4926394057511727,0.35426788572155155,0.40456369915961715,-0.6020354120368887,0.7318492817834266,1.0097348081618909,-0.6988069680126818,0.5884552996262652,0.9654901204406066,-0.5964574346625009,0.4616865981926565,0.6902680423107098,-0.5181515116213681
HELLO,0.0,0.0,0.0,0.271233333690252,-0.307831096562178,-0.021465283443247888,0.6372783476969379,-0.24833569684127016,-0.07765124320413273,0.8580825073633687,-0.05285213983291643,-0.1431754840527329,1.0128694171197976,0.016883499946185872,-0.20555141420079168,0.9100377257843352,0.3595411719547489,-0.11466064268301848,1.2004648291457243,0.8573592773388365,-0.22509009778925076,1.172131058505922,0.7447921546932266,-0.28795566954967633,1.0962854320617361,0.6168728046674282,-0.31876069394699896,0.720661831810464,0.6743931183775655,-0.16074963781162802,0.978997853850385,1.1221276897897168,-0.2347534057839499,0.8980536009601605,0.8527724305326473,-0.2493711480538832,0.784085329062204,0.6283747761419148,-0.25568663080023424,0.48011959200463383,0.8938112323905556,-0.20931413458495005,0.7127783340892387,1.2335178935359674,-0.2764059365743226,0.6341757199370777,0.9218167902079799,-0.2281244689002094,0.5273113676937423,0.6706834421232185,-0.19236132509474652,0.2177177973207768,1.0497686710621912,-0.25639807929148517,0.4289759015710338,1.2419131708970423,-0.2761255397129039,0.3878011673229725,0.9993214889012128,-0.2075784914462574,0.31154600098537705,0.8167410526196923,-0.15704887485903912
HELLO,0.0,0.0,0.0,-0.1207010455890903,-0.4078699005878349,-0.04024190534084006,-0.15148554811255754,-0.8493756155498192,-0.052021856585192545,-0.12757144746992277,-1.2171282951921152,-0.05997335322981165,-0.09354822228860923,-1.5048802470294544,-0.0630558910028807,0.0387917847893314,-1.029463014296811,0.005090710271114828,0.07540091768962988,-1.4928031706605187,-0.024628475200954156,0.07276826715342066,-1.753826153556953,-0.05745341898656744,0.06417868030010125,-1.929621927881843,-0.0779850033895557,0.12032076504218076,-0.9926970156709125,0.008691868483165468,0.1346676409254828,-1.4918754445762872,-0.009515009687819164,0.11683169102428566,-1.7675820100902666,-0.03239209227312368,0.0916460273029221,-1.9504597173502072,-0.049887869341343156,0.167321856137922,-0.9519618388366454,0.0029560903481939157,0.17832305545955945,-1.4206631586606382,-0.016935116259613203,0.1564196882087089,-1.6756048218110775,-0.025106289290477646,0.12445631598982208,-1.853671187901473,-0.02845364164898595,0.18971800359747615,-0.8983375282155629,-0.007429547826257713,0.1934907035232746,-1.2917306237332349,-0.02458875742312996,0.180749720699526,-1.5225870599949303,-0.021475080466605487,0.15987469542761004,-1.694751947347973,-0.015095249156533153
HELLO,0.0,0.0,0.0,0.29573303148870106,-0.5942693341114463,0.0592687048071575,0.6656348910602367,-0.7880411394119063,0.08202309925100905,0.8978677372951551,-0.7613307257762026,0.08194485731481159,1.0230663334520038,-0.7205407161452692,0.09022554906471644,0.9379856747448546,-0.6878420186432398,0.10757292716078393,1.0403412905963347,-1.054904962533908,0.0859681367244913,0.9357728382815782,-0.9508320844024052,0.04805362604482295,0.8610848646216227,-0.7621551496495044,0.02923748466316627,0.9316932624064392,-0.35889689319584384,0.05604181332555883,1.0331663882680184,-0.6438359510295657,0.08998101381934706,0.9335985209253528,-0.5959101330894122,0.08415437905082547,0.8635391641440251,-0.47220055913050757,0.07134629985731104,0.8561268231409014,-0.029397552536549087,0.003678532270418646,0.9272181470439701,-0.21392592196884633,0.04053444572273662,0.8159617429034679,-0.17806175874408384,0.06661845675282359,0.7510984411897142,-0.09451209081420289,0.0694678915275243,0.7164076734498952,0.26642803979148366,-0.0477743486116097,0.72892753306558,0.11572174599819728,0.012762581634081602,0.6355158239065372,0.13271154676794145,0.07536542912066203,0.5732045567629276,0.19710284569230824,0.11686282310862678
HELLO,0.0,0.0,0.0,0.3164666263095781,-0.10603544079417919,-0.04765185159815866,0.5461989844839901,-0.5356072770761913,-0.07263148499545766,0.6466489958578722,-1.0029941086444183,-0.09115641275890951,0.6988027449113302,-1.3331955014149577,-0.11014224908806801,0.5358799432617043,-0.7242225256363432,-0.09848510087222684,0.7396212956209103,-1.2458657007389518,-0.1854919939098717,0.892204447557485,-1.5871201140567335,-0.24723937521859723,1.0097098345197784,-1.8709180551202358,-0.28464474372441995,0.4201986719435799,-0.9010687407008607,-0.1072762817617049,0.6546133849044868,-1.3980969230639921,-0.18497179465017977,0.8463637661751989,-1.7162032454465297,-0.2281219781154572,1.004245942352714,-1.97242068479168,-0.2557758315293064,0.31322263849394866,-1.0287695179408467,-0.11918620599709194,0.5374150116123158,-1.4604830519939527,-0.1747600397776566,0.729020076601989,-1.7078330276586864,-0.19072557628470313,0.8915872496801995,-1.9069998234907863,-0.19679383556196578,0.21902756827882286,-1.1069021190841875,-0.13516370632750355,0.41972044927325175,-1.418807927860503,-0.1680085462813046,0.581215452408815,-1.5877499940821822,-0.16538119489369293,0.7161064792346079,-1.725602830926969,-0.15956065033596042
HELLO,0.0,0.0,0.0,0.24728672775812965,-0.1801252820317069,-0.02439273503884924,0.3886911074139148,-0.531102986414847,-0.03426460910233345,0.4659299626573834,-0.8184884642316071,-0.05736307237093329,0.523603518867278,-1.0470451613409713,-0.08239940629001993,0.3646474582593123,-0.9324187267672481,0.026027894779284157,0.4788217434181184,-1.2912831594945502,-0.05933694401640194,0.5935541397249555,-1.4856818666441771,-0.13841588127407414,0.7042720705013354,-1.6323411889275277,-0.19285597593692563,0.31254983624635146,-0.949803354042467,-0.01364509113413933,0.44681163575534943,-1.3312438486631297,-0.09267395705065223,0.5867884658080075,-1.5422364393402086,-0.16626951483775998,0.721130340633235,-1.706251050959642,-0.21591650212228078,0.24740511497134837,-0.9137266628632466,-0.0670368641117172,0.3837733785102991,-1.264448264295342,-0.14959122001925038,0.5031943226432674,-1.4534039208547094,-0.20299031399910342,0.6054228892904128,-1.6048760457652367,-0.23156292121974378,0.1693499747154534,-0.8179810904606698,-0.12552070292112308,0.2638095099272053,-1.049184414832311,-0.1941864730487497,0.3442838221290185,-1.2158808592409847,-0.22715720407009052,0.41108665469353384,-1.3643184057881916,-0.2459617013114274
HELLO,0.0,0.0,0.0,0.21689742253247404,-0.1844974925798536,0.009851092221303273,0.3366277859262221,-0.5385101651549143,0.017339135803738647,0.39242878726407426,-0.786562009317166,0.007011493552841238,0.44883669970248974,-0.9705417297762292,-0.005811605562849894,0.3596047507592529,-0.9029026540855647,0.05658463636085607,0.48873788372248583,-1.2365449805876731,-0.0017120027421241217,0.6042470289451902,-1.4339296715283698,-0.058182262548769605,0.707481109894711,-1.5999531105502842,-0.0992937160505447,0.32433217790379404,-0.9459348447700848,0.003988461605343536,0.4831162086114159,-1.3109206650348488,-0.05126640740385536,0.6206872513279196,-1.5356894773202399,-0.10842584783866815,0.7471531788807595,-1.7273682289580499,-0.14964458475976347,0.2700775289455183,-0.9525353076629582,-0.05971106895607018,0.43268931279628,-1.305835564798115,-0.11950767718486206,0.5635704054409976,-1.5144991222732047,-0.17428250301423698,0.6761226435690468,-1.691231774036901,-0.20929646183987863,0.19500091963005023,-0.912203749506246,-0.12499751539664869,0.3075420153856279,-1.1777038525607686,-0.17951860198416267,0.39706192501742804,-1.3653104152593427,-0.2148542206463604,0.473802578021704,-1.5335626769747202,-0.239240543259927
HELLO,0.0,0.0,0.0,0.22049294445489767,-0.10821137893217483,0.021219441279274123,0.3355323501914336,-0.46531736833189463,0.04240669060129519,0.38486667228637683,-0.7122166422106343,0.043191991040595866,0.43242694512097246,-0.8946492913606074,0.041784639379822464,0.3639790237963096,-0.8682459624429141,0.08976362933123422,0.5095245755454527,-1.182011890906015,0.04328724539008612,0.644059394919115,-1.3639025736329011,-0.007390569448883388,0.75607241514154,-1.5102065033110978,-0.045227035492651085,0.3395946604533416,-0.9400131936944429,0.03241392095926492,0.5208203560050486,-1.292173223771498,-0.01300895128300822,0.6799784540237596,-1.5167506072211496,-0.06702265648247825,0.8213049190647315,-1.705836503692329,-0.10596638987507087,0.2932540933681435,-0.978622206561289,-0.0373125646763253,0.49346361625864416,-1.3309345123253846,-0.09287363441283589,0.6507835291980816,-1.5473133877873113,-0.1546100095194837,0.7787854965597493,-1.7277225706033361,-0.19387765692739717,0.22909652077268067,-0.9671497713021955,-0.10729615325234014,0.36437434048138495,-1.2466270406891364,-0.1605709134883596,0.46563729729998693,-1.4486983776448306,-0.19886141559509762,0.5466213333134148,-1.6238619255866014,-0.2253287162415369
HELLO,0.0,0.0,0.0,0.2150859895037418,-0.058793875221516176,0.016046497562409785,0.3461618242288673,-0.3761299981391691,0.03584062693996613,0.3992324705470745,-0.5972539398063625,0.03586712774931519,0.44849228774740174,-0.7814563026616071,0.03580801405743922,0.40072342833433466,-0.8585425457170854,0.09360027631871551,0.5597925582140704,-1.1844871841461369,0.04687259765708093,0.7056631026428677,-1.3726222295146804,-0.005781139935486847,0.8289275138126158,-1.5280563251431756,-0.04435943847565879,0.37521842608235645,-0.9262099869884431,0.03669049919457506,0.5681154555756969,-1.2781524742050845,-0.005069812932889091,0.7383954859021165,-1.4820551160999602,-0.06084933895148829,0.8890753587685803,-1.656294993709358,-0.10198095378787554,0.32509166466111844,-0.971804112554606,-0.03347464563176787,0.5386909651271211,-1.3171552624426126,-0.08582952755496416,0.7119921059100269,-1.519525811327571,-0.14801552456385345,0.8499359705463785,-1.6947886365494669,-0.18733523107193148,0.2568114637994214,-0.9808305774509287,-0.10477153964309602,0.412208304886642,-1.281704849942872,-0.15401580986363353,0.5238617173591428,-1.4815661502457311,-0.18752449917924677,0.609920095771585,-1.6546864512761998,-0.21002295565705337
HELLO,0.0,0.0,0.0,0.20226078254453655,-0.043347297229478984,-0.002851054541872348,0.3403123155953709,-0.3600161960735831,0.014099279402626072,0.41081134005531694,-0.5871792027406644,0.015075282515145321,0.44949264246414333,-0.7655590650194395,0.01755573436262566,0.3826204865183656,-0.8542567478469745,0.08447276123136005,0.5415153744946046,-1.1459742171095766,0.03803783658686294,0.684193770465661,-1.3181968104611896,-0.015470374296202773,0.8021191084692795,-1.462234749388791,-0.054651781363382806,0.3563095139803187,-0.9336294150352613,0.03714358124932278,0.5476625698632399,-1.2670645897133703,-0.004344970762984747,0.7158805362559337,-1.4642107166382576,-0.056803987456496875,0.8636414299482655,-1.6261854014117538,-0.09485550478894678,0.3090982321667354,-0.9884694802100212,-0.025528139916762418,0.5099522035185633,-1.3199476724220407,-0.07710583412670076,0.6820930460682867,-1.5083286410950287,-0.13197160382640324,0.8204316755371318,-1.6616935328846718,-0.16541023651185116,0.2438556680349296,-1.0014643707094557,-0.09214068681982414,0.39548519564607043,-1.2869703288066752,-0.13926754809635533,0.5096868039958408,-1.4825651277184517,-0.16896146858357206,0.59850420719202,-1.6468110124951587,-0.18885961618505448
HELLO,0.0,0.0,0.0,0.19403492469489372,-0.12722403456128661,-0.02534858549086369,0.3389775193881867,-0.4484785745457254,-0.027215966824804014,0.39875496857303494,-0.7048344092847527,-0.04010448603146999,0.43256511694817573,-0.901718404477063,-0.05299590538521639,0.3921430581596294,-0.8598114703833364,0.036954020694590105,0.5018994112462409,-1.187796561230244,-0.019458689533117392,0.5941904624660382,-1.403665407880521,-0.07925762423983436,0.674037184405448,-1.587401389753588,-0.12173905834834525,0.3392549136759676,-0.9406902622464017,0.0028167466176074,0.4706949334787481,-1.286577143030602,-0.04714020035559597,0.5894883573329674,-1.512279209249937,-0.09866457457699655,0.6970972842971378,-1.6955504877021748,-0.13406290935752704,0.2658416315603984,-0.9720742304353998,-0.04504056292048552,0.40218466338850273,-1.3055953089986214,-0.0960588827228498,0.5146187552065484,-1.4903982050533062,-0.13167447357642745,0.6118240366030137,-1.639119447057664,-0.15188894490349938,0.16822739755584445,-0.9531702856447022,-0.09946517451993596,0.27999179973304655,-1.217419279658221,-0.14244224163984248,0.36811071848478594,-1.3848326813536596,-0.15875311499665545,0.44527460253305967,-1.5257567982579103,-0.16730069830263336
HELLO,0.0,0.0,0.0,0.2006363943014229,-0.22557402176238409,-0.018847591957038716,0.3093771555581244,-0.591221325188283,-0.02150578592448832,0.35985313458160034,-0.8727336114222755,-0.03417596971616151,0.411604818823764,-1.0658664100717499,-0.047557900845661395,0.31235531651769327,-0.9288149343075737,0.028512446902879966,0.3924165029078935,-1.2876028595779176,-0.027774913153869474,0.4632025334172953,-1.5190988025603849,-0.08233364518679097,0.5303375434790107,-1.7147290616522415,-0.12309047009995713,0.25428329943511757,-0.9671063978887917,-0.0067244918734816,0.35789062774125757,-1.346937549015222,-0.060880452409481645,0.4529890113314465,-1.6014374061549612,-0.11439441475354768,0.539802433611864,-1.812811971089049,-0.15268222231333528,0.18122136717063714,-0.9418759856235415,-0.05371871370438883,0.28693759471926444,-1.3009665461186086,-0.11407672922298813,0.3809454609949277,-1.5301476402990497,-0.15892451898648102,0.46186348241796954,-1.7214284083619737,-0.18700520723370198,0.09204202544686588,-0.8557639132780357,-0.10466263505627758,0.1730243019201243,-1.1042177339002215,-0.15982556725257893,0.24960541054340318,-1.2729198228787693,-0.18959098048389958,0.32054904777975146,-1.4208049425813567,-0.20941921380878184
HELLO,0.0,0.0,0.0,0.1991410996583296,-0.33416615863977855,-0.03162673441399437,0.2980244713766856,-0.744573214353187,-0.04554916196922721,0.3228031672345166,-1.0889935288587067,-0.06635526558420189,0.3486492385918068,-1.3414093097820547,-0.09186247554358141,0.25451642295313753,-1.0120836843301817,-0.018618937441678255,0.283149138279677,-1.3833971567366758,-0.09890868837606932,0.3158067119634058,-1.6340727921487843,-0.16999375564064229,0.3544648178282542,-1.8360381732595397,-0.219703167503197,0.17878598424508924,-0.9826823410268967,-0.04869279691507545,0.21417021715925474,-1.3583501467897936,-0.11946188758443574,0.25821018907550847,-1.6298926791734918,-0.1784230632803194,0.3044143162744122,-1.8531746957755126,-0.22087110565301846,0.09427630854327976,-0.8770565670488715,-0.08949782899007479,0.12404873390725829,-1.232076243711142,-0.15883878116510444,0.16860886760272503,-1.4645465108936315,-0.19934283282959425,0.2164946257882423,-1.6475636245462877,-0.22482460348912656,-0.006183720868767714,-0.7072415357274738,-0.13508265602939648,0.008388454062967444,-0.9682589517708436,-0.19897711705068177,0.04899547585355006,-1.1544953934278606,-0.22937427317789405,0.09066016972996042,-1.3083708036025823,-0.2481753354405616
HELLO,0.0,0.0,0.0,0.11794768976841224,-0.49516129393652303,-0.02382577708888982,0.17843921450605368,-1.0504599929810952,-0.06140834922940312,0.1592922620841194,-1.4931343625680047,-0.10295282607304267,0.14980246832164382,-1.840922020224468,-0.15358188738398487,0.26114128569455203,-1.1031874193269833,-0.10702189576133701,0.26460050040475797,-1.5419896047221067,-0.20809079739958958,0.2560179468460506,-1.8641362457983914,-0.2914616690916954,0.24600224631378662,-2.1353838880110736,-0.3517731362439011,0.19506242674360233,-0.9686852321771009,-0.15362151748662417,0.19381025156922255,-1.4346750286729997,-0.23428214939115125,0.18877229603198686,-1.7809477278564665,-0.2932229124943988,0.1745602268631706,-2.074289577506249,-0.3423310942038117,0.09674813615055089,-0.7665880369993302,-0.20229519253957823,0.07018678272324264,-1.2351655261199253,-0.27431055157059864,0.06480865463116323,-1.5386627171357348,-0.30698646414965364,0.06397148997369281,-1.7933674278338112,-0.3341992692802723,-0.0318394707882636,-0.5267752303209252,-0.2522164079158523,-0.07057015719255151,-0.8758062186653426,-0.3302569244990496,-0.07572241070821467,-1.140170639317039,-0.3592425176384517,-0.08034603607365068,-1.357787867137,-0.37728114535513574
HELLO,0.0,0.0,0.0,0.14730072428847174,-0.38195092180838586,-0.032267998414440315,0.2183184809493174,-0.8251246271846558,-0.036285420305896425,0.21068435970992122,-1.1616092787063177,-0.04658658044348258,0.19578326210151467,-1.4217043254162163,-0.05910893806940738,0.12002971332013561,-1.0546194384464527,-0.007601227243821299,0.11352745306237091,-1.3803496719928743,-0.06590227274363931,0.091160883239481,-1.577392296057054,-0.12441791074820582,0.06586294995264227,-1.7421690582209004,-0.16741220143233335,0.018666143623342006,-0.9993196549975003,-0.03180883867590609,0.001773712511153695,-1.3374273360527307,-0.07395260590354433,-0.015451380251549964,-1.5629417985066192,-0.11894768399942232,-0.038849548920985716,-1.743504920772186,-0.15696617645496827,-0.07130927026748196,-0.8569920485192589,-0.06617971868166508,-0.11637970796308743,-1.162080163011272,-0.1132289027813622,-0.13359552792717044,-1.354956402745217,-0.1437862696467782,-0.14767685218252133,-1.5171330142208455,-0.16902584950167224,-0.15335035606356662,-0.6474638908873483,-0.1056594738010928,-0.18391234121735814,-0.8530716831274278,-0.15161249357166093,-0.20054513396816862,-0.9873244206568359,-0.1685066814445254,-0.2232481325160135,-1.1084865745085168,-0.18166760799303883
HELLO,0.0,0.0,0.0,0.16523437154340928,-0.33509513338339764,-0.03283631124077689,0.23424913272585843,-0.7764453331386697,-0.03446775245155779,0.20917161523629707,-1.1041966646404293,-0.04101382324348723,0.18697600581076945,-1.361802248492197,-0.05014876073239312,0.1349371641791867,-1.0377356966591476,-0.028129111042750753,0.1127743369701096,-1.3536974308715293,-0.08345746836005541,0.08916148207981951,-1.570369734311049,-0.13545120700354737,0.07155304137047484,-1.768506035934691,-0.1787293946021525,0.03461714247666158,-0.9978605208225122,-0.05546200889415368,-0.006799968326592782,-1.335811804814161,-0.10311867585084278,-0.024530464252543384,-1.5756409390972752,-0.14957269554903438,-0.03804785996788033,-1.7905318803107426,-0.19040194913435957,-0.055580491801683174,-0.8628431572923662,-0.09117575950115682,-0.11203556630652833,-1.1541166628355364,-0.1536047709700911,-0.12926788962177554,-1.3332943062097782,-0.19699309547390845,-0.13768238210855627,-1.5084807147311696,-0.2298997087279199,-0.1345692423392019,-0.6535237293836806,-0.1308598033079513,-0.15944113923004463,-0.8297784869233255,-0.2015020222594224,-0.18346567436531375,-0.9576147888606414,-0.23717084824139856,-0.2139563553462666,-1.0858005726411888,-0.26249741544901645
HELLO,0.0,0.0,0.0,0.17064979182817425,-0.43130874884924514,-0.02506293689522805,0.22189588587960443,-0.9186370041468789,-0.03235603524111405,0.2018636204782298,-1.2964870580657484,-0.046491698488839155,0.19184226163158738,-1.5934399562421713,-0.06524841098102281,0.14383279442939612,-1.0695307697170209,-0.034018537596264824,0.1211292218526716,-1.4055779273700095,-0.10846770945578704,0.10223864536480873,-1.6423318955184998,-0.1741471307636,0.08468088541395945,-1.8577631881700665,-0.2247798992575819,0.05799797598854432,-0.9958068725941278,-0.0707453692868635,0.02608264923285467,-1.3795072236136239,-0.1339604574639566,0.011839161728291948,-1.6459991567944414,-0.18738807549070624,0.0004007707355304156,-1.877499205755013,-0.23230065925353732,-0.028894017119802013,-0.8305462824748819,-0.11566889062658636,-0.08328326466710226,-1.1952879677906425,-0.1867174303110144,-0.09871801481252253,-1.4079550771873137,-0.23009830535362527,-0.09793678065145878,-1.60415624318239,-0.2620927895557281,-0.11786810677667149,-0.5932879165824938,-0.1635844178552342,-0.1537179748442935,-0.8274762950223836,-0.23952412620387387,-0.17222480290059408,-1.0076514097868308,-0.2784594548489827,-0.1926243917033863,-1.1735716888440697,-0.30570016203107286
HELLO,0.0,0.0,0.0,0.16957147071480097,-0.4469413920227736,-0.02061189200648244,0.2286541505668698,-0.9493798256443593,-0.03933065705794931,0.22550234595878124,-1.3447086704417117,-0.06485902832256459,0.22667077493431106,-1.6618855282443652,-0.09956078233905508,0.1697925162616802,-1.0729077630195545,-0.08565714447802111,0.1515429196887273,-1.4681527629542976,-0.18428126201799241,0.13909259277958907,-1.7478995590795752,-0.26174109220417136,0.13030952582708108,-1.9979989388238506,-0.32059155116427357,0.08701794602728667,-0.9865056321005996,-0.13868855361200033,0.05643426201381305,-1.4422793181732465,-0.22954196541167288,0.050325655622038015,-1.7512352507158866,-0.29560409488761863,0.052854975644087324,-2.019414631742837,-0.34894407653857085,-0.00843879486512708,-0.806504051033699,-0.19665449294077297,-0.0672591419273651,-1.2460928202751487,-0.29370573524619525,-0.07393465392428301,-1.5055361382877204,-0.3488133865349202,-0.05573873076716714,-1.7375426541851706,-0.38836974122430257,-0.11172677296292653,-0.5582044774879362,-0.2552298160958022,-0.15598987334878936,-0.8462487390697758,-0.357615350340933,-0.17115912400337763,-1.0616341225345365,-0.40835705433425235,-0.18017848102323927,-1.2587845187584654,-0.4430718842984805
HELLO,0.0,0.0,0.0,0.18061379784802453,-0.42384892191706,-0.021064657792231566,0.2620854034021926,-0.9179862179833568,-0.037117544360336326,0.27337070524445634,-1.3110798226428744,-0.06052749405863205,0.289875908330489,-1.6267614269613817,-0.09194528541922331,0.2048830316765709,-1.0602892603761542,-0.07108412307768444,0.19561497237149464,-1.4402768300963187,-0.16254868478991172,0.19437263841928917,-1.709109693561424,-0.23668111587284596,0.19612659646391814,-1.950455719598708,-0.29369184717261154,0.11888789328286482,-0.9854833949397449,-0.12119466625556138,0.096682326551788,-1.4210751867966431,-0.20291537654040387,0.10159474457779834,-1.7194302548838538,-0.2662302491247381,0.11371346267005712,-1.9793548493860686,-0.31924159199972546,0.02148026247077974,-0.8182462299817587,-0.17701814308463762,-0.03308322277689128,-1.2423291825588707,-0.26310646844887564,-0.030569936992854405,-1.4912986937520611,-0.3159843208395246,-0.002418210828390744,-1.712952120865865,-0.35643714445827973,-0.08486091643119856,-0.5842171598119433,-0.23438898270302944,-0.1339059205576702,-0.8635403840185923,-0.3246446675466278,-0.14125403811628712,-1.0699217206818006,-0.37170983111470085,-0.14050647550516987,-1.2538307083805302,-0.40593808705306944
HELLO,0.0,0.0,0.0,0.1929060532768699,-0.4269043765756051,-0.02480915231735043,0.26836614711463935,-0.9495225862374063,-0.0450620788425665,0.2723940546219336,-1.368356708501509,-0.0714533294388065,0.2861228724944818,-1.7036752500790926,-0.10499251912858368,0.2110749549504358,-1.05372147525554,-0.08555301573010005,0.21279552844406002,-1.4548116706075191,-0.18571416764854445,0.21436284849089376,-1.741070731925166,-0.2632967150704645,0.21820041981159602,-1.990886156412619,-0.3233716149843065,0.1201549684396475,-0.9833548434041411,-0.1362939305797749,0.10610750153747715,-1.4314738288046236,-0.2310102420673822,0.12635795912751424,-1.7051136009512182,-0.2960796209464211,0.15707395348756287,-1.925766075911462,-0.34866364333743005,0.018424871027948275,-0.816718465535362,-0.19337794754777524,-0.021713420900084164,-1.2591132542070085,-0.2926717827918262,-0.0025478795736217008,-1.5114452184304634,-0.34919658465988773,0.04039458944825378,-1.7179639188728926,-0.3899766048859904,-0.08992301869205276,-0.5838194977971153,-0.2516632360796235,-0.12540693452623194,-0.8760154073072389,-0.355533425989317,-0.12825377317913872,-1.0969409162454906,-0.4117956131447573,-0.12399253976034973,-1.2860336824737408,-0.45142381229686906
HELLO,0.0,0.0,0.0,0.19822759840480414,-0.34444785887609536,-0.016465731735117548,0.29751442349531243,-0.7817237802572395,-0.031374178114300946,0.3386909937612555,-1.1149265887261295,-0.054687544469959576,0.36725952667123185,-1.3693255726168898,-0.08482102308347027,0.2306686465689617,-1.0218771836698806,-0.06959344417536241,0.24853569153153804,-1.4534177865562132,-0.15842912304932535,0.25576947951013745,-1.7470750386025162,-0.22748887639557494,0.2603396482037205,-1.9974878977880368,-0.2805577322334188,0.13428082126408217,-0.9835444407837363,-0.12086767162500925,0.12272432425828558,-1.4130560702840687,-0.20588922638102783,0.15252101450987632,-1.6545394877875488,-0.26396816107136634,0.18929848318670356,-1.8508938361056484,-0.30996189040536476,0.02999615971882261,-0.8488604365539727,-0.17823003837143236,0.0009131196396851053,-1.2651143654580903,-0.2633622848070472,0.03329344551103554,-1.50353620413391,-0.31061300232934563,0.08576142406363882,-1.7011079364836097,-0.34638957337466786,-0.07831184342081636,-0.6428819312898894,-0.2378932617537397,-0.10618174349957138,-0.9219501627933793,-0.3270591538018346,-0.09349894590138523,-1.1335911850936937,-0.3727164824498416,-0.07344459254199433,-1.3213187238019686,-0.40531643693670805
HELLO,0.0,0.0,0.0,0.19860544398409327,-0.36931212808189967,-0.0016933826728020402,0.2927208691443894,-0.8273784993338392,-0.009727851729560944,0.3214275466887428,-1.154995426731457,-0.028857750401546166,0.3432981769213655,-1.39742126056459,-0.05706793937556838,0.23885769708154034,-1.042132987139993,-0.058495146282722524,0.2737467733303163,-1.4179171008728895,-0.15081502743639247,0.3203489932390441,-1.6904862427855631,-0.22504658705662167,0.3649706512181003,-1.920112067598983,-0.2825079849854892,0.16184884778249445,-0.9795589333317353,-0.11945395180349519,0.16879826954747645,-1.3958905392074958,-0.210061460000601,0.2348054746879129,-1.660710986083586,-0.27680626403997594,0.31065697362986844,-1.8837960026306921,-0.32819238300535025,0.0704770178955995,-0.8318034277746653,-0.1855186961413387,0.06144695880379438,-1.2494296967617473,-0.27954923592012243,0.12398743249539977,-1.488149083659849,-0.33725668716661256,0.20471835512039402,-1.686410082090956,-0.3773252678314554,-0.030711510251407316,-0.6092669972916784,-0.2516557540967252,-0.045213465975499946,-0.9122101859072255,-0.35179282562083686,-0.015970836470322197,-1.1264556523411569,-0.40646757258217986,0.024006126165857768,-1.3105182460036504,-0.4434480916408601
HELLO,0.0,0.0,0.0,0.2430363945150155,-0.27827914646278396,0.0019379507270055067,0.39609977417303305,-0.7469331518374795,-0.0024571776137361574,0.42007839320948415,-1.1731362744639346,-0.016846126588401802,0.37916139404640026,-1.4461667214738523,-0.03360972701021728,0.41307056907063366,-0.9667082080172036,0.005888779340812933,0.41861931294194554,-1.4970604053372496,-0.05208972754083852,0.39211483521392504,-1.6002519975653298,-0.10101848668799225,0.3738079699488688,-1.5649269619681814,-0.12649769793725393,0.28802518760044166,-0.9574384146683808,-0.0187929089027856,0.24723992539116285,-1.4402797003773122,-0.060606676145915396,0.21208444398061546,-1.428728405841139,-0.08608508871392126,0.20618952697832674,-1.3038426047818654,-0.1019654044835584,0.14709781507797845,-0.9044888862924475,-0.047136702486213475,0.12055219552526804,-1.317475924991741,-0.09232168545345491,0.08798449333031826,-1.3001003610310293,-0.08940985592833227,0.08937541946402712,-1.1834790798465895,-0.0812519177944172,0.007838972112384365,-0.8293369020995048,-0.07480394973586424,0.013969103991183167,-1.153339576456319,-0.10358909750326155,0.004651104059895341,-1.1325558902301318,-0.08205798198184354,0.006294283603571733,-1.0345959589214604,-0.057602738542631995
NO,0.0,0.0,0.0,0.2441338693716272,0.09619331583797995,-0.18854831088462773,0.4911249271544612,0.030888391000139476,-0.3273706641653546,0.5993665275491945,0.03547145050512291,-0.4515157516280158,0.6146505755329007,0.02419647765582513,-0.5824909225207836,0.5513085597029651,-0.7331974482191345,-0.30768026378904384,0.6026424502921774,-1.3954980317171306,-0.46418274064735615,0.6025092389024194,-1.818402075891769,-0.5553560807631178,0.5833321860025865,-2.1965588470538697,-0.615010295986885,0.32883133612214444,-0.8984461772139507,-0.2909715089725511,0.35594034368565675,-1.2023718809289112,-0.49731157458714126,0.31362760677049817,-0.9074849618072371,-0.5572561184027868,0.2802576638883592,-0.732724351886391,-0.5567794713988088,0.10285143658709833,-0.9462465377402804,-0.28118093096385877,0.0997278253963755,-0.9901857269546536,-0.4715822782812904,0.08126188623892727,-0.5681455978224165,-0.4454513582059048,0.06743581732621223,-0.3123611190722841,-0.377554504585452,-0.11413865313030769,-0.9230824483550799,-0.2827600307768703,-0.08677056900362631,-0.9503222185695679,-0.39542999160401415,-0.07974856567145572,-0.6110298703693676,-0.34181219296177007,-0.08113504157000329,-0.3855950600872652,-0.2684588759311511
NO,0.0,0.0,0.0,0.17658142804597765,0.06330062660058447,-0.189627218962444,0.3253207765000106,-0.14920429687163625,-0.2907164525517121,0.432729201108983,-0.29405459745897866,-0.3843232563040917,0.5826408888732515,-0.26652936632925983,-0.47303922368452855,0.3602609736648294,-0.8809910970571925,-0.1859809807055876,0.40568315877719213,-1.4601153240092457,-0.337787028438448,0.41751264271296606,-1.805443834865537,-0.4293609511476861,0.4177753777299578,-2.0840508237577295,-0.4776929799746585,0.18787832175760574,-0.9650007967450518,-0.18296228708387066,0.23817534506464025,-1.5405115271896985,-0.33643205625054756,0.2690748343123098,-1.8945017493785221,-0.41573935984923027,0.29790626432731676,-2.183791515580838,-0.4444007953241105,0.01910916635778867,-0.9180716233848218,-0.20333122646202934,-0.014987644282296469,-1.0038464182139346,-0.40570545436884237,-0.003377106194015637,-0.6689368816222502,-0.4417017982406843,0.035214324486070286,-0.4205177189709975,-0.40529012477643317,-0.1416529791949268,-0.7967549753221694,-0.23837244132477683,-0.1468229492718291,-0.8649628369826645,-0.3756712462306558,-0.1226673481364554,-0.6057580102734424,-0.368151101636501,-0.08709879418980683,-0.40066947687435406,-0.32720291026326237
NO,0.0,0.0,0.0,0.15074741810952494,-0.11490349549575739,-0.08941817561116316,0.25519673175665764,-0.4053352069682088,-0.13817679174416292,0.3399487573302836,-0.5824133046358313,-0.19355105567089204,0.4649392528899602,-0.5716623127819501,-0.2450782550926465,0.26564807603353036,-0.9626501894578251,-0.0698403626095322,0.30057517921423493,-1.4123763689139242,-0.16821345528669174,0.3082159086707768,-1.6862656045867142,-0.2339250197080994,0.3046059498879148,-1.922236368937868,-0.271770849192885,0.11901371817849254,-0.9881216522894248,-0.09721797756663843,0.16591282033795302,-1.475118201679009,-0.2004231756139413,0.1921248893968181,-1.788523745326972,-0.26078859524121784,0.20978253089500543,-2.048298047833915,-0.28549054408332897,-0.027003467820490783,-0.9018535121287188,-0.13829601409480446,-0.028263917192717886,-1.041849370870012,-0.2806883617940513,0.000976408439854449,-0.7722315319554693,-0.2994669505432093,0.02769555157079738,-0.5662652513096945,-0.26788594744208005,-0.17353737563550867,-0.7502068675309931,-0.18705727271649825,-0.16520654872888654,-0.8558258282542897,-0.2817154031548551,-0.1270292908634703,-0.6482773175996138,-0.2657048301801014,-0.09333085625137073,-0.48284745197384693,-0.22793783198555032
NO,0.0,0.0,0.0,0.14860549541766346,-0.16140729114740898,-0.05522183245426277,0.23880472762790908,-0.4682608640267575,-0.08818469901214263,0.3078740957531848,-0.6731225839000559,-0.13243253512002567,0.4282409025054468,-0.6833528836684202,-0.17251637828554325,0.262585259347948,-0.959721403594264,-0.046745506893008555,0.29120212470799844,-1.4157188392723534,-0.12728833088100994,0.2961181578328557,-1.6654592862811854,-0.17686656486091398,0.292260386079626,-1.872522770399743,-0.20387022489908116,0.12458375399845555,-0.9888222717861263,-0.08191094590698293,0.16123971110476973,-1.4853592990704974,-0.17150296436824017,0.1837212995651701,-1.7791748807269316,-0.22462352871107327,0.1985208605276389,-2.025338615424126,-0.24604395283847758,-0.011577801654531449,-0.9080328568992598,-0.12623782173576437,-0.013295826973557679,-1.03564123273817,-0.255678584726933,0.01793502314608642,-0.776351626260268,-0.2787766896079801,0.04106608323630609,-0.5720807909782599,-0.2533912655917951,-0.14532039877077582,-0.7672402861466919,-0.17410081789931994,-0.12722175416573453,-0.852584183515241,-0.2589643576318667,-0.08459941973030437,-0.6604503658095795,-0.24872335319345582,-0.052204218196291036,-0.5024941679182237,-0.21737965045060917
NO,0.0,0.0,0.0,0.15498033947843048,-0.16616338682073972,-0.06750143270677829,0.24477077271795028,-0.47655042480321314,-0.10402286167915624,0.31580685171170203,-0.6988019246091061,-0.15141028611546037,0.4435631954617126,-0.7380062201800077,-0.19338782684087552,0.25651521437605074,-0.9595400372248546,-0.04354341677046923,0.29374659511232526,-1.3854408240790392,-0.125697021994492,0.305902622261412,-1.6555243636774668,-0.1758205714596564,0.3093928050206198,-1.8928127298845328,-0.20429301185923607,0.12610248542634317,-0.9892058131236664,-0.0746325830428289,0.1736533096913461,-1.462859847585713,-0.17172423640639886,0.1953330829778967,-1.7778544140777985,-0.22642148266290058,0.2079043242054218,-2.0479923824880064,-0.24646042166288842,-0.00766513180757535,-0.91310215256835,-0.1171420034128853,-0.006843515934510703,-1.0684958918314928,-0.2621875134334505,0.022566444548933622,-0.7840820236457643,-0.2865741481630039,0.04610249950201073,-0.5565288983876514,-0.2550629763600217,-0.1399367342719894,-0.7727242857361221,-0.16423272602878225,-0.12131197243522207,-0.8839614851108092,-0.26466399197135226,-0.07229934579669088,-0.6797554690734503,-0.2601004762836471,-0.032330714197502844,-0.4995307875064951,-0.22779917956298737
NO,0.0,0.0,0.0,0.15124552909306654,-0.16369001961155694,-0.054196513894854775,0.24462527783270346,-0.4956235517147346,-0.0845885746209586,0.3145500976182666,-0.7308178191688989,-0.12708298123892117,0.4414018965721615,-0.7699457114192229,-0.16578166404271524,0.2549615607825869,-0.9597542652011329,-0.04356919905836627,0.2898364379585464,-1.3856876974265788,-0.1243195900051828,0.3034098957691486,-1.6388517661909157,-0.17348998192490858,0.30660893503101794,-1.8638047057768952,-0.20228125529935256,0.12829532095061016,-0.9885023640867788,-0.08002116480675094,0.16801162757512714,-1.4436269335979264,-0.17584911021648175,0.19450844641057685,-1.7430110922241082,-0.2307984610500186,0.20930813008753765,-2.0092198392874847,-0.25378168591899564,-0.0031829148140336983,-0.913416953162959,-0.12598333548736762,0.004823001508173931,-1.0726671188601509,-0.271095279789571,0.030842997386198046,-0.7794959915230226,-0.29451927155900776,0.049772587258016344,-0.5507824723807069,-0.2651531328255661,-0.13434096511451252,-0.7722141396917206,-0.17463356999610946,-0.1106851204215342,-0.8787824070428356,-0.2790192941545182,-0.06164376407568368,-0.6744060545004584,-0.2771738766940899,-0.02417950533221225,-0.4990498689080017,-0.24801745176136777
NO,0.0,0.0,0.0,0.14485386031516653,-0.1443661437722834,-0.06746429684817236,0.23477563834101797,-0.4747692807441937,-0.10433025232678983,0.3036954106094323,-0.7108376493971978,-0.15069580528508436,0.4317729477428027,-0.7716399862564404,-0.19219513189230647,0.24736159105783295,-0.9622161209850304,-0.05331409199565886,0.27779551274951564,-1.3808524517926106,-0.13145950901386919,0.28754907595259854,-1.6205285410847068,-0.1772303135902445,0.2923891380767508,-1.8306123139891823,-0.20407999207872693,0.1148385662542062,-0.9897518907539983,-0.08487224781731424,0.15509334886711357,-1.4600158067707296,-0.17788186041464962,0.18402880881948694,-1.736950778736554,-0.23008614612669825,0.20247989840903224,-1.9800145276882666,-0.2511424314600321,-0.01815349549753427,-0.9112018917849511,-0.12690722939663288,-0.005890981243575693,-1.0714267556315915,-0.2722584179297308,0.02558106532453764,-0.7724058496419856,-0.2952171432248697,0.04607206901684491,-0.545681116646577,-0.2655188585196619,-0.14896465058873284,-0.7677021741481358,-0.1728096787370016,-0.11679455012293578,-0.8712180912386299,-0.2791392257824396,-0.06341927132097691,-0.6551768070270164,-0.277081943494815,-0.027171389728534816,-0.4771717836933698,-0.24769187210330226
NO,0.0,0.0,0.0,0.14233605143300254,-0.15298082779751881,-0.06487110956319843,0.23323755664550078,-0.4945746348837533,-0.09751075847587998,0.30602006811072,-0.7497636666152012,-0.13932829622222218,0.431837008416241,-0.820562478709347,-0.17590493415338587,0.24184073804817868,-0.9534587057606273,-0.05562293105617961,0.28137618959174715,-1.3691394843415023,-0.13792707430979825,0.29568906517115273,-1.6201623597000077,-0.18412429880478764,0.29979758441578913,-1.840216004786018,-0.21054173056194891,0.11220165490234045,-0.9898334198958756,-0.08741046558857382,0.1590567632783261,-1.445997690319094,-0.18735257568436572,0.18556596536225503,-1.738415396149572,-0.24002699862740562,0.19699181527717965,-1.9936925635794611,-0.2589277282351436,-0.020517008439763673,-0.9180981983135996,-0.12954718024064368,-0.0036156313357586073,-1.0645686152371157,-0.28098866217238055,0.02849522761713137,-0.769890913667137,-0.3038225927081893,0.048300688907896294,-0.5421213887994123,-0.27120721503577677,-0.15365153787803162,-0.7757156236380182,-0.1753872176945623,-0.11715534638716063,-0.8526666176383089,-0.2872361198023903,-0.06209870726942845,-0.6448677115725042,-0.28860929853803746,-0.024360862126617772,-0.47476607204348314,-0.2595311896146647
NO,0.0,0.0,0.0,0.15473137611610258,-0.2062733867452638,-0.045665705838946725,0.24744863871798656,-0.5830735258264761,-0.06970629693282202,0.3014026149776545,-0.8561466266499249,-0.10474043180576607,0.4170296397737353,-0.956640848703686,-0.13349507119941365,0.24043203513406167,-0.9625130071900656,-0.04235140838385562,0.29595365867703843,-1.3834299533010543,-0.1158572628820969,0.31933486236960884,-1.6081320612285952,-0.1554428339395349,0.330447635476737,-1.8103583000223893,-0.17790261787005657,0.11439209839326137,-0.9903069345977782,-0.07878212432232456,0.17313167521689576,-1.4510922384393168,-0.16790096236240354,0.2088329385970534,-1.7133594724850545,-0.21389491423825197,0.22503039600633087,-1.9484416374741316,-0.2317154778432748,-0.01521728672764775,-0.9211239377236115,-0.12342103227724781,0.02455824292025772,-1.0938457091598417,-0.2607155999280867,0.05577246796854944,-0.8003212258140249,-0.27542717242951653,0.0665014125991256,-0.5804480034552791,-0.24358453255208737,-0.14250857731285904,-0.78985199121242,-0.16982841624834968,-0.08278517926501903,-0.8810271603290266,-0.26933262419317816,-0.03866602545787238,-0.6727360665514535,-0.26319857187110773,-0.021672749767048277,-0.5122496100644414,-0.23307253445173623
NO,0.0,0.0,0.0,0.16718638576178194,-0.2058216154886623,-0.062268572335163044,0.26549215989089764,-0.6239311043688514,-0.08483217993139901,0.3093641536606188,-0.9382196370834192,-0.11449496348487904,0.42022741455799706,-1.0750100168048424,-0.13921354810348616,0.2371522707337535,-0.9475914651681693,-0.0460292860186775,0.3190127292310717,-1.335331397717398,-0.11783243827999947,0.3583253499365385,-1.5653283260139665,-0.1573698206114144,0.3880576074800002,-1.781152943179017,-0.18098528703743474,0.11262258419934595,-0.9912855498399386,-0.0683309022828749,0.20125138412265495,-1.4056968125102784,-0.15775214072008997,0.25175668659143946,-1.6611815160368892,-0.20388911707164792,0.280627797280496,-1.891356910267397,-0.2228787903408002,-0.022833338078442164,-0.9523226221345148,-0.10007904530946644,0.035704601925564884,-1.1824637709518018,-0.2429577740101659,0.07243238997784783,-0.8802975576813986,-0.2585220184998866,0.08270267292815418,-0.6381771962686907,-0.2261053764693813,-0.159659912139042,-0.8466618798667567,-0.1344052519517708,-0.0874872861492834,-0.966102920730953,-0.24937988525990992,-0.03733000617257986,-0.7354472554613735,-0.25081478199475976,-0.02046233044439291,-0.5388426676529837,-0.2229084766593747
NO,0.0,0.0,0.0,0.1885260677843371,-0.2578841546960359,-0.022848273586880397,0.2807083969050643,-0.6259597207123754,-0.037701228626033687,0.32674037529255534,-0.9056441157497956,-0.06878996519053956,0.4215833796275753,-1.042650376715821,-0.09614362605915075,0.253387627096706,-0.958109009538588,0.028273354621859665,0.31479801094066256,-1.1736447819030813,-0.04184246605505996,0.3662529561996619,-1.1759725011129039,-0.09630596575877344,0.4156882746555724,-1.1207850433719748,-0.12673857866684463,0.13500474134824453,-0.990841395445575,-0.0026549736268575343,0.1909883747297329,-1.266257359367247,-0.08512055607329329,0.2518552727579513,-1.2058807066248314,-0.12571923027826062,0.30189920884540944,-1.0939855983465896,-0.13935623799543762,0.0036725155395657526,-0.9675914992535593,-0.04573098409996076,0.057122224003917595,-1.148171485509137,-0.156896788329653,0.08590508146177556,-0.8802940563185448,-0.16780307372668604,0.09277743392741816,-0.624484120238019,-0.14524005131316964,-0.1335653552445042,-0.8881009557512799,-0.0910062949685674,-0.07039830416917096,-0.9705002699322218,-0.17566735199196898,-0.02516655526969626,-0.7587353864722516,-0.17687262840506623,-0.007389623401158759,-0.5616270533648995,-0.15687381652739654
NO,0.0,0.0,0.0,0.17916986583907638,-0.23712918816866072,-0.033168051449312216,0.26425715009007333,-0.5693395533633265,-0.060301261437312445,0.2943551669735183,-0.8262361681654655,-0.10171146232593939,0.3610738246699296,-0.9754353051908984,-0.13848269313761424,0.2473407024823615,-0.9622482611594748,-0.0021467401420420563,0.313138780009435,-1.1814468032287804,-0.08487061767258941,0.3608652364781261,-1.140922387870787,-0.1474144405371594,0.3989481845359934,-1.025306223463512,-0.18027767097675876,0.12384828080111818,-0.9918335671725155,-0.030459454565871586,0.17825941396776582,-1.2479407222041015,-0.12049685465745545,0.23318900649829266,-1.1509113533656739,-0.1639019923623644,0.2702856773185377,-1.0091414598120898,-0.17884287437920185,-0.01143950201505353,-0.963289285954001,-0.07050624453856075,0.033386155151088504,-1.142504866003092,-0.17889322502294183,0.0710727308969722,-0.8663918587277116,-0.18730289458726868,0.08256506430443793,-0.6072768729198297,-0.16556315299910707,-0.15055660269886303,-0.8744386546414353,-0.11419695918716927,-0.09663901875770335,-0.9470747020257961,-0.1952426077014108,-0.045190275895121486,-0.7387216509791377,-0.19413258387657428,-0.02090152227474102,-0.5469543722964919,-0.17332755417087625
NO,0.0,0.0,0.0,0.19372975887711644,-0.25403900200237317,-0.0293815691776039,0.27654917309067445,-0.557759924881032,-0.0568570483211595,0.3070885040484665,-0.7878829177482058,-0.10147615491440658,0.3639749327264671,-0.9355745033060868,-0.14050748205821909,0.25121605941914726,-0.9596773712903656,0.013809698800209186,0.3149511397083364,-1.2028227771838294,-0.07581013021985025,0.3594246449589563,-1.1451661053382263,-0.14755527230498455,0.38868756510208036,-1.0008921131715243,-0.1842575103770859,0.12801067727858326,-0.9916126477677515,-0.017821988938041794,0.18138993023481684,-1.2436596794804522,-0.10999715028854018,0.23807081417883,-1.1261216163154992,-0.15815255630698502,0.27463881615126173,-0.9646175895091172,-0.17543748073358212,-0.006539510132932036,-0.9659681942785668,-0.06308721946877947,0.05463560392386806,-1.1258844704526234,-0.17049465198679184,0.08951692999093226,-0.8548413131840163,-0.18012617801071898,0.09567200552112576,-0.6083162352540397,-0.1590338843124412,-0.147416793132764,-0.8825664949161861,-0.11270601966628946,-0.07729361333688223,-0.9499475211018263,-0.19234593953776907,-0.02660650176951893,-0.7447990377914021,-0.19010274027343352,-0.00531063840780925,-0.560373750428744,-0.1677680241485694
NO,0.0,0.0,0.0,0.1798048175943756,-0.24195265213552808,-0.03966559647410557,0.2565370137949478,-0.5469725478322336,-0.07158401464014526,0.28107037189969886,-0.7707198612538881,-0.1162378532436628,0.33239961712364763,-0.920196224651828,-0.15443436773246655,0.23655553779886465,-0.9512136197543081,-0.008538692878537963,0.30949212671134924,-1.1458869152816331,-0.09868654820701991,0.3574322315703235,-1.0927809853452752,-0.1660615456686882,0.3912571224508316,-0.9596021664160245,-0.1998631707657184,0.11303776703001936,-0.9930164846469234,-0.03377461242314419,0.17903376215840944,-1.2026614486997995,-0.12868313139861834,0.22814317792347089,-1.0972822301604912,-0.17161359985899793,0.2588162394304786,-0.9523867626717916,-0.18348835310293396,-0.02153754633810222,-0.9756484404231529,-0.07208197938894322,0.04222356500091486,-1.0615889600091613,-0.17984842127782316,0.06789858878667936,-0.7870089205544855,-0.18478971443745168,0.07153297788102042,-0.5536030224083233,-0.15979733611043748,-0.15888723595718335,-0.895280486552741,-0.11582193459601177,-0.09413801310810668,-0.8872869107799486,-0.19236069120343993,-0.049883208352025005,-0.6836097570466928,-0.18863664330674046,-0.02942190978609849,-0.5220053512943955,-0.1653888052751097
NO,0.0,0.0,0.0,0.17599355891599747,-0.25159421499945284,-0.03492161184767552,0.25664752879356306,-0.571977215797804,-0.06573635209002061,0.2917671137599333,-0.7953925782218529,-0.11155965715349202,0.3608361060965985,-0.9252828397355922,-0.15172941147294508,0.2183595810576883,-0.9702165078911642,-0.007019246780247045,0.2922822880108764,-1.2037209507229865,-0.1009896229238314,0.34547409796443007,-1.1379776974304618,-0.16955208608038908,0.37865554201546386,-0.9889165929287254,-0.20286314621824214,0.09822911614364203,-0.9944845326243897,-0.036763502451318,0.16799972152350232,-1.2448951354677373,-0.13268080755889355,0.22539353284478061,-1.1156253312876248,-0.17543354453920063,0.2587893815069041,-0.9543102629904369,-0.186511932924279,-0.03297608720486223,-0.9598159650304524,-0.07928962119469186,0.0374964053928876,-1.0765886124611028,-0.19176188138209244,0.06709383783757293,-0.791095438235141,-0.19661852624066267,0.06962913123750443,-0.5647735498748235,-0.16990899298893897,-0.16851928256955728,-0.8679545561662966,-0.1260590517210865,-0.09586298853020969,-0.905226686659093,-0.20497062427926177,-0.044129513776638304,-0.6991249078425789,-0.1977180695810704,-0.022256953349155315,-0.5353732490354752,-0.1713484444068383
NO,0.0,0.0,0.0,0.1771044176567672,-0.24833712426462048,-0.038042518332764085,0.25707892866083915,-0.560895078861833,-0.06881572457855002,0.2908942364107187,-0.7936114033841121,-0.11406064066858436,0.35427981518872637,-0.9476712966776861,-0.15262555610619663,0.2219416895144582,-0.9623723843162806,0.0026114862099151457,0.295933257317757,-1.192481436446334,-0.09077603478713352,0.34683930850436023,-1.129110163689683,-0.16044255875645497,0.38056135199962715,-0.9848386152777161,-0.19453115965950823,0.10154964190447348,-0.9945015073566582,-0.02558167497267764,0.1743254730082635,-1.2438128166524987,-0.12475136535883333,0.23248577748580285,-1.1057968511944645,-0.17032133076103548,0.26740127330115776,-0.9386631801916,-0.18055431435208746,-0.029436564751603694,-0.9687360877777734,-0.06757115230474456,0.04865175235977036,-1.0716329717319175,-0.18301109840427418,0.07209051765765374,-0.7828554762503729,-0.18897787855207243,0.06747847646494848,-0.5594996915479818,-0.16055191728509374,-0.1634718797671865,-0.8849911147988729,-0.11432292918994534,-0.08348498855232528,-0.8893115332485415,-0.19592037406270196,-0.03497327013237161,-0.677169193247503,-0.19010941262347675,-0.017908937811998413,-0.5180094784561255,-0.16291445698264695
NO,0.0,0.0,0.0,0.17141464286528357,-0.23444704517361215,-0.03608600307183608,0.2562343428216995,-0.5603859421935725,-0.06137579279820297,0.292531377219831,-0.7924911189914217,-0.1003168585500354,0.3641330263426442,-0.9254346462227231,-0.13342030713733655,0.22640068910170744,-0.9587890792720277,0.007407605059437789,0.2883405495744087,-1.1857033070462215,-0.0814112276690722,0.3387559090830836,-1.1352153314638795,-0.14901339697031515,0.3785822496979659,-1.000597783685844,-0.18298250514129732,0.100300126569987,-0.9947733694437977,-0.01912663209972403,0.16224108728622866,-1.2225501881536731,-0.11486148505422437,0.21986881826317736,-1.0838545876931074,-0.15925413720965198,0.26083253563795866,-0.9255457708203045,-0.16985053117342638,-0.032412349517828364,-0.9665092131342008,-0.05909699072600233,0.037664912179746525,-1.0710598555616775,-0.173202801328003,0.061658748248126456,-0.7770904600345303,-0.17865854802748535,0.061272837826327586,-0.546790232764724,-0.15057933578050925,-0.16576241673731143,-0.8792761289718952,-0.10372028143358841,-0.08827941576923568,-0.8925579939308417,-0.18761906895102834,-0.04331136202913153,-0.6685236536236714,-0.18342886019259746,-0.0276678243106946,-0.49987804868871516,-0.15725743586208196
NO,0.0,0.0,0.0,0.17525152940747674,-0.2438253203029154,-0.03293670386450681,0.25748188164722013,-0.5696904245638968,-0.0564321394166856,0.2900937456991484,-0.8103595790605176,-0.09517626001754678,0.35640124422005487,-0.954462764436633,-0.12830481861995077,0.23263477354974788,-0.9645246032740145,0.015111580002175594,0.2915200951960694,-1.2037360629813858,-0.07074847322145628,0.3384928187978028,-1.151059328351806,-0.13697745247856027,0.3782428103495888,-1.0136565459508222,-0.16963650783896067,0.1078108846993042,-0.9941026313773187,-0.011694931767402057,0.16372811229330084,-1.2365470944659842,-0.10411879626054059,0.21644395919029913,-1.1131542707759092,-0.14929011908828546,0.2567387485662689,-0.9533229608421467,-0.16107603568871284,-0.024385250471573108,-0.9663609380989109,-0.051891189566101045,0.03657107960415574,-1.0871864991297087,-0.1624306793620333,0.061132473975095795,-0.8066758137320246,-0.1711554022310412,0.06312359351786107,-0.567794173074019,-0.14595962976741061,-0.15766432388359775,-0.8822113108359865,-0.09644642049976339,-0.08988969924654677,-0.9102514778714319,-0.1779915018892777,-0.04442154967657143,-0.6940924002317624,-0.1754663681350655,-0.026173319094123248,-0.5156816537063484,-0.15068026893344683
NO,0.0,0.0,0.0,0.1717028870944946,-0.23331283996847155,-0.04562986634070701,0.25011646326987175,-0.5493310437484589,-0.07454006290110507,0.2679323530352117,-0.7960185758714816,-0.11600059318947077,0.31171030874881206,-0.9679158625612458,-0.15104082516600917,0.23324674410607987,-0.9612787826650329,0.006577135408857094,0.29262415648523876,-1.1872077705777484,-0.08225955800806879,0.33765376787866813,-1.1424600385974601,-0.15056312287484747,0.37520510455578193,-1.0138027761698143,-0.18469601209757153,0.1045661537270018,-0.994394753719216,-0.015652260873137314,0.15980285472691735,-1.2373795289797673,-0.1117799783694396,0.20995683945165441,-1.1176571496644216,-0.15850504062588108,0.2479078061539011,-0.9608902611882011,-0.17077415451076314,-0.031145314585564108,-0.9659154907259213,-0.052610582235772585,0.026411962154455897,-1.0836736009879209,-0.1687929796354714,0.05369233507235203,-0.7933319734648552,-0.1781236394952125,0.06021916262667643,-0.5495259987711435,-0.15190692743425557,-0.16658517889216756,-0.8785512017569149,-0.09473596781851382,-0.10251662656544473,-0.9126755512831325,-0.1811777786366456,-0.055558571186940575,-0.6934472397056539,-0.17944069675316435,-0.03163214671486079,-0.5147423569032543,-0.15449367440591893
NO,0.0,0.0,0.0,0.1801803544458016,-0.24918219646858086,-0.03402178119246035,0.2585983132752077,-0.5656040759575579,-0.061759742350621406,0.28894053904097344,-0.8199487257233492,-0.10495166771292688,0.3570553828605684,-0.9710322031090387,-0.1431803789245772,0.2347607409994599,-0.9693138963077836,0.012291632080195358,0.29339785970532184,-1.1958271951122734,-0.07425959117155927,0.3407291814774212,-1.1471517899240053,-0.14312373089328875,0.38224753079692675,-1.0222480766117348,-0.1793244459477118,0.1142139994495701,-0.9933223038455946,-0.01630837246980061,0.16766391392261565,-1.2310948570636313,-0.1091780833343342,0.21990856544441295,-1.1142287410574976,-0.15764765389065896,0.2596451164321959,-0.9597729486954918,-0.17427930737721542,-0.015152146133315206,-0.9596031895610638,-0.05795522761288101,0.04304214605072648,-1.0886674813423194,-0.16902423984541415,0.07135667832016225,-0.8155879875142459,-0.18002845200945583,0.07594205817308078,-0.5726478693927324,-0.15835749458192425,-0.148547044549893,-0.8704454769339278,-0.10402180936377818,-0.08872564738166619,-0.9043897709260914,-0.18672341194593334,-0.04197812485157765,-0.6934023035761855,-0.18633442543485385,-0.02093175862922278,-0.5113973747251683,-0.16430560512518755
NO,0.0,0.0,0.0,0.18338956876152285,-0.2520123849732071,-0.04245469420848316,0.26598402644457897,-0.6070255397497001,-0.06427309690613014,0.29279034735030884,-0.8616563506754997,-0.09660094019216083,0.3656633430361739,-1.0211157394068668,-0.12404261007655396,0.22066509537321763,-0.9680579520035101,0.01949230872135092,0.2581213399442516,-1.1436335196300327,-0.04998993689897382,0.32009595784501826,-1.149182063711062,-0.10787602595262229,0.3840161381982317,-1.1327258810417469,-0.14396198585776998,0.10540169917816719,-0.9944160500349783,-0.005215481107857558,0.15859866322370905,-1.243695704284825,-0.08543075783351746,0.23311981728252273,-1.1745563998496706,-0.12468750098992977,0.2972429415227247,-1.0968712262333487,-0.13826937840715953,-0.020321112730907386,-0.9564494029111401,-0.04431829028414872,0.058489645364227044,-1.1049053698898281,-0.16366647793074537,0.08196022496191989,-0.807991319177438,-0.16820192321738975,0.07805401817755009,-0.5807126873566608,-0.13815088146923446,-0.14876792374890882,-0.8545033062936903,-0.08698465445973895,-0.06177035104189427,-0.9273120055459984,-0.18025194802741332,-0.01610030323254884,-0.6992155125066011,-0.17514459853251238,-0.004440952019837627,-0.524976411077183,-0.14863973330767513
NO,0.0,0.0,0.0,0.17282234249501557,-0.27555131633635227,-0.016455185947274624,0.26245118796331324,-0.6381268161822344,-0.02920521964705762,0.3093609654761285,-0.8854990291722966,-0.0586558125134727,0.40510866683969865,-1.0065492341530184,-0.08384834553333725,0.22596185071908317,-0.9768163470114274,0.04597089230960115,0.2781680132058614,-1.1941924411951705,-0.008807962403803852,0.33307562906120014,-1.2717674273391437,-0.05721573621925948,0.38739046154703966,-1.3144068600341878,-0.08844647362817104,0.1155684311689544,-0.993212504556041,0.013147566720231076,0.16451006010163025,-1.2351008952388904,-0.055630364784229794,0.2398532104578902,-1.2027920250747668,-0.09270603983904808,0.3037601228665999,-1.1529941250459328,-0.10679648772895045,0.0003029212639817275,-0.9522190379513388,-0.03138705134087233,0.07849399241314513,-1.073999019434468,-0.1267640370438322,0.10601885752657525,-0.8227198135062543,-0.12885930380121005,0.10114395049049399,-0.6268913307883289,-0.10439724345212688,-0.11621447542003294,-0.8534078116492417,-0.0788051818030003,-0.031723768652544546,-0.9049392509487064,-0.14449286890661403,0.0082375123096299,-0.7095020308608436,-0.13429092948424293,0.014370963734950542,-0.5616503357208324,-0.11045149172151739
NO,0.0,0.0,0.0,0.17548705973712425,-0.21831140255864173,-0.0579525502515714,0.2961996712307197,-0.6046287791437259,-0.07978434519007685,0.3618349451624158,-0.8815268285612777,-0.11072204386140945,0.4597649513061618,-1.047876446741149,-0.13732805718538443,0.2437757001883615,-0.9802025594249751,0.003154652438102909,0.3082552270080156,-1.261569348100784,-0.059715679841363355,0.36415569433789446,-1.4127262624336427,-0.11155169416332603,0.4240517765926124,-1.5344266296488136,-0.1464276901627922,0.12991483771061108,-0.9914319004504933,-0.013598592270846366,0.16552508614652903,-1.2688555189260327,-0.08895473121919775,0.23588487253866167,-1.3586857598810176,-0.13515255640901913,0.3054355518164432,-1.4225320236628192,-0.16050977354997004,0.008659829974674136,-0.9390483146505846,-0.04459294465387681,0.08481882500131395,-1.1046766075278176,-0.16071792231476467,0.12304766377577493,-0.8611059185355014,-0.17496441255157547,0.12750125856811334,-0.6597905330804675,-0.15679845039912704,-0.11697809837931475,-0.8311148278615037,-0.08071037494321222,-0.025469065331953394,-0.9273954894854926,-0.17450385602147198,0.01925394479083177,-0.7327599353128211,-0.17833211057525772,0.02775531877950646,-0.5713019796246354,-0.16156748478483338
NO,0.0,0.0,0.0,0.28260794802647926,-0.06951312013810992,-0.11232625132129692,0.5106189410949384,-0.4718882176767688,-0.166064482571789,0.666384602416907,-0.8370688955559878,-0.21394694322544847,0.8308135040674051,-1.0739959592477635,-0.26946210381502406,0.45377652423427395,-0.9181299880202209,-0.1346025016580662,0.4959169622296193,-1.4483484157882787,-0.26210600124937034,0.5375805170673177,-1.7880988881798037,-0.3640651876965629,0.590346816248612,-2.064708386074191,-0.44105745961595,0.34772552099082954,-0.9249231063796677,-0.15363661457036307,0.39346889346343167,-1.4635544108184901,-0.28230287657633074,0.44864016374147997,-1.7954609774790637,-0.3849603011597871,0.5257447704219249,-2.061662089351636,-0.46126908337677297,0.23692089709921987,-0.8214970160341334,-0.18568104299804708,0.2727249556904166,-1.305819550940376,-0.33394315595693963,0.29628791695222056,-1.5253716234469872,-0.38975482687190566,0.354951534147692,-1.6751203348591965,-0.4162273149722046,0.13152437487902888,-0.6235600837540405,-0.2253864349108612,0.17995761502446206,-0.971377281420866,-0.3538153858799739,0.20487311558683366,-1.1121277009756818,-0.3818526725354376,0.2520237044806647,-1.1862797431404195,-0.3925288685331231
NO,0.0,0.0,0.0,0.2646405473921875,0.1361104979404755,-0.154815189316464,0.4692708540947936,-0.0004858554020474758,-0.26385371679089553,0.6032127490678509,-0.05518323572118774,-0.3684863944945177,0.7557346695377143,-0.019391624861589678,-0.4736946452170428,0.5501768207039267,-0.8227819262939639,-0.2111927538404933,0.5778078748796218,-1.349677124014713,-0.37981743373098614,0.5526971956020479,-1.6848376900709667,-0.5061379650383625,0.5133421193099004,-2.0083440362884972,-0.5867704900976624,0.3743657843510166,-0.8982448926928216,-0.2302311279095635,0.40006445908675015,-1.4253317509049628,-0.40175169036103237,0.4069934196500409,-1.743935374429105,-0.5056555603138865,0.4216645175940102,-2.027394931387612,-0.571485910976899,0.17763693774209824,-0.8319619117232343,-0.2627016341406062,0.18453237743755285,-0.8977290656912972,-0.45843550251951987,0.16801920921520389,-0.5817897596153956,-0.49079230892458625,0.17505898582392912,-0.35751543563455185,-0.4815196974502218,-0.011123801400611324,-0.6803079845487496,-0.30545713135005653,0.00047441887066811155,-0.6757286396391918,-0.45532984340990207,-0.009073901741648028,-0.4188538914167437,-0.44752012204421865,-0.003066173499122666,-0.21848112929246924,-0.42000925003879463
NO,0.0,0.0,0.0,0.1679416331546695,-0.09380439728696703,-0.11034199263134446,0.2683041537670465,-0.3351313583674048,-0.17794735749047022,0.32956441162474365,-0.5154007329417509,-0.25099663843251035,0.43963519495643055,-0.5251156497136443,-0.3160292069289255,0.2792012738812731,-0.953687650493452,-0.09353155114661468,0.3107398196138633,-1.394009599126937,-0.20246317453861792,0.31224391274992275,-1.6334834065628732,-0.2739703961226965,0.30225534806553334,-1.8371168232709936,-0.3148371611338126,0.12845648512424798,-0.9850055034820233,-0.11516548762389628,0.17274391835461145,-1.4226414328893064,-0.23214189524586115,0.1961467757951229,-1.6979190337638492,-0.2987467955738403,0.21161051674695952,-1.9309799980224482,-0.32738874904118065,-0.01693262305964171,-0.8967284058744075,-0.15257152147416858,0.004959487192226858,-0.953466403245051,-0.30785401019963227,0.045106436202514526,-0.6804179099859772,-0.337494591402354,0.07234951374027186,-0.46889223240945715,-0.3140423830718483,-0.1533756347972219,-0.7351962888707834,-0.19973639924034248,-0.11851782583423479,-0.7051055540794839,-0.3068992922799971,-0.06453488348534643,-0.49923803921645704,-0.3089430568057966,-0.022338209027153284,-0.3425739161820368,-0.2840718024488142
NO,0.0,0.0,0.0,0.15478401168538855,-0.14434977732610194,-0.08802204909833525,0.2315397036059966,-0.42833548997429405,-0.13745958774785352,0.2751041444820968,-0.6429702392854157,-0.19387297782340518,0.37995537496726617,-0.7058778569145635,-0.24270871974103425,0.23868684070720117,-0.9570451554990529,-0.06591449024170287,0.26903254078587263,-1.3868265521786425,-0.16004057104029276,0.26882148549057105,-1.6414465620985907,-0.21946897565982298,0.26165847133732045,-1.866334328381853,-0.251896468643569,0.09861456019612173,-0.9910997896841329,-0.08942245470458297,0.1383742571689839,-1.4468398927167092,-0.1949463383990646,0.16097003965325485,-1.7468211878167257,-0.2565175120157945,0.17205003204317237,-1.9970380532166665,-0.27945271781422626,-0.04011282450974806,-0.9117528533727016,-0.12625794257930098,-0.0463919248516773,-1.0049429366146134,-0.2793019542553581,0.000995053175643595,-0.7179104724272429,-0.3129601925149483,0.036088813042908764,-0.4823908298609486,-0.2869814687579812,-0.16998711024629476,-0.7597371973311325,-0.1690811321424482,-0.1529236591732362,-0.7800888406313797,-0.27732765652054775,-0.09541013310558971,-0.5696839569791425,-0.2798809704971618,-0.04955720679664755,-0.38940769578018863,-0.2514286944194412
NO,0.0,0.0,0.0,0.1469345966553481,-0.16402850734990307,-0.08383334948873017,0.21615161500254493,-0.4721765950999581,-0.12941929958856985,0.24905451548715637,-0.724926686784487,-0.1821955396527416,0.357842036378034,-0.8183084903928192,-0.2281812417890626,0.22375719299507602,-0.9607975654859497,-0.062276565731629215,0.26555521830966416,-1.3642796005480369,-0.1473678428915588,0.27370801695847363,-1.6165537653664144,-0.19869518803465117,0.2764495625139209,-1.8414576455049796,-0.22708785491710415,0.08869654987397073,-0.9925684729670217,-0.0833111547895538,0.13918670319626625,-1.4100069477306805,-0.18456767384956682,0.15992203946134184,-1.700688601127083,-0.24160995097831708,0.17068876233899757,-1.9540811532638613,-0.2630398064484038,-0.047470779676316105,-0.9242554163404398,-0.1164334214363671,-0.03488960262856386,-1.0527004311197057,-0.2691626878958391,0.008995262672597515,-0.751827847440717,-0.29682898126294993,0.04018439105713882,-0.5025058441837338,-0.2660278019830321,-0.18213767426950753,-0.7812308214802502,-0.15463304065613256,-0.1489226593678144,-0.8552745926872508,-0.2653000678991761,-0.08347659271365859,-0.6513335358692801,-0.2671559853947328,-0.03500960477148716,-0.46154837809701427,-0.2372348558437987
NO,0.0,0.0,0.0,0.15415781177946758,-0.17946877429062993,-0.07719857301903282,0.22576725882517418,-0.5040170114134884,-0.1172517742606341,0.25410123487902087,-0.7567028342280574,-0.1633527906746536,0.36052461700246446,-0.8635710992537706,-0.20384447534908426,0.22563612103428976,-0.945789292430524,-0.0538900840613492,0.266850346874649,-1.2889722370154686,-0.13486888908274203,0.2777057634641235,-1.521170175527666,-0.18603375946552517,0.2846108936555367,-1.7326921469351175,-0.21601619778108969,0.09088396456477987,-0.9931639829274205,-0.07324894538988451,0.1392784635607253,-1.3635666430048345,-0.17093031004020492,0.165841395002398,-1.6258906827882682,-0.2227217466581924,0.18022822362656601,-1.8427564507307364,-0.24216764675992464,-0.048557668355793254,-0.9406119505444795,-0.10440768832081186,-0.015871231760233456,-1.0536727117956934,-0.25128134678701325,0.021791048988404435,-0.7634513656378716,-0.2734437703335278,0.0396882090420507,-0.5212927042744256,-0.24332264832862108,-0.1861171043821484,-0.8105005387373535,-0.14045363248654005,-0.13583246904326757,-0.8495037649969557,-0.25548114404972444,-0.0755854682085761,-0.627505006571623,-0.2613472673337676,-0.03705751377564479,-0.4334654274658557,-0.23478065705271076
NO,0.0,0.0,0.0,0.16375579840508508,-0.2329143507386222,-0.04995564594091734,0.2333216943611504,-0.539401269869837,-0.08633554606808397,0.2653925394858703,-0.7848700299318283,-0.13570341519638401,0.35938243227237626,-0.9078700565990923,-0.1774854689084949,0.22306683274919056,-0.9645911066655185,0.0009193933390260191,0.2721368089650872,-1.217299089695511,-0.09780865315348751,0.30139568725711247,-1.238164323051955,-0.17023348123932103,0.3156684894556004,-1.1501716213996143,-0.20393838417899782,0.09132582042257152,-0.9955799276864136,-0.02191351437035323,0.13075814794280102,-1.2774845324796769,-0.12533309906312712,0.1801844794024723,-1.2489197722276997,-0.17288431352700454,0.21958497439894956,-1.1433169240503898,-0.18385732603018595,-0.045639951355659174,-0.9564462061412047,-0.06158172256420256,0.00422611965779253,-1.0921127602243454,-0.18489309789955452,0.04111776105659615,-0.831571441017561,-0.19803206011069835,0.057677152593992385,-0.5764948928574046,-0.17104408378000213,-0.18208992356760417,-0.8467141443961091,-0.10682498662200224,-0.1225045097709797,-0.8880468454139702,-0.19689182896952567,-0.0629230398268555,-0.6934712482380018,-0.20228647338888348,-0.02362762032913549,-0.5118703623804314,-0.1811508572518736
NO,0.0,0.0,0.0,0.14126848062402045,-0.17971659913537244,-0.05270396406362174,0.2203402091967136,-0.38030492613525135,-0.1069572947685788,0.25391971810342606,-0.48999290293378994,-0.16851636042253557,0.25556499495554724,-0.4938413653609551,-0.22206289948322747,0.19658100157444466,-1.0002611051379509,-0.04519127528449285,0.24806797060934,-0.973184153314113,-0.147454975692128,0.2515229261168624,-0.7333810868365915,-0.2269700132238381,0.23720914338534024,-0.557738530550649,-0.26926893871334,0.05555648013477089,-0.9960241710684257,-0.06963711770665465,0.09908821459073357,-0.960231657795968,-0.17515106206359796,0.13008991329256944,-0.6781884054854955,-0.2238711147611684,0.1379817033777401,-0.46728934119383836,-0.2377851908878935,-0.07772705777434898,-0.9061636056259622,-0.10481728618819117,-0.04475983858521243,-0.8203204361634985,-0.20084674291734303,0.004000779564966733,-0.5381850382787526,-0.21121837559375886,0.029981803288225625,-0.34508114743187424,-0.19389584159816878,-0.19002280467759622,-0.7523384022782167,-0.14657126879377322,-0.15183652058494446,-0.6462189264899253,-0.20062818041279099,-0.08684418258626392,-0.4561110256262515,-0.1951160466361813,-0.03569155596293965,-0.3258277576860265,-0.17506385735515825
NO,0.0,0.0,0.0,0.1669964434482636,-0.10037234581279711,-0.07005209804396986,0.2808802603225063,-0.2568540339197714,-0.1350071699224678,0.33070702585237427,-0.32485986485599855,-0.20132054081352646,0.27834769206462817,-0.34927501392127264,-0.2595326513379066,0.256746159467368,-0.9807775434325985,-0.09991764136402781,0.283284319547497,-0.8361048428985333,-0.21473834002147765,0.2681654407860739,-0.5502709772737727,-0.2971533442191601,0.2484251995879102,-0.3666153750499867,-0.3408362613588903,0.10061578162306345,-0.9876415452115567,-0.12016922509739622,0.12232806184216154,-0.7987902078613566,-0.23150540589905616,0.1396031236655466,-0.48317724703438036,-0.275461306784714,0.148233079857821,-0.28259919923598564,-0.2915225198213392,-0.04672295894897222,-0.8977805591761717,-0.15019729022600475,-0.02257292506333368,-0.7153685169230704,-0.2525904699656433,0.01620885476597395,-0.4322939387442899,-0.26083311965318534,0.04512730512395394,-0.25902197085669265,-0.24629377222655674,-0.1693772561205572,-0.7469634552078734,-0.18756457282810296,-0.138112209926276,-0.5874680735613573,-0.24510468820134285,-0.08016743475791258,-0.38354617893567755,-0.23801053902075275,-0.02740246168546302,-0.2560850693002177,-0.21950437306917459
NO,0.0,0.0,0.0,0.1643275782289375,-0.07861316842528815,-0.08561651722685036,0.2879994117710344,-0.19098382850026868,-0.16413934257764923,0.3462595786222156,-0.21945077944940714,-0.2424929818926796,0.28152305059574684,-0.21956581548321694,-0.3118787491624091,0.25371308942222603,-0.9804191689474163,-0.12135831065634332,0.2767211338252103,-0.7914618732951855,-0.25871756498036036,0.2637354642610683,-0.48255270788349863,-0.3568965443776428,0.25112282416578535,-0.26079003921092353,-0.4075345967410643,0.07925619751719103,-0.9868751475244804,-0.1406978974741669,0.10206097436528805,-0.742889304087366,-0.27481531525649233,0.12413393217305617,-0.39809168826376246,-0.32877131606413296,0.14302804229896834,-0.1800905862112983,-0.3476047670193044,-0.07875612582652752,-0.8863342124020578,-0.171384413899982,-0.04808617898719642,-0.6598969483944249,-0.2895330693982727,-2.3453948640834395e-05,-0.3644430899470454,-0.3025507438298308,0.04055299405469985,-0.18621765108004198,-0.287914066358724,-0.2019519000539503,-0.7177427621529514,-0.21115862866450733,-0.16190707488646855,-0.5052952200822277,-0.27560466976458076,-0.09471821315866111,-0.28608233068332045,-0.2706923588875696,-0.03113427917968477,-0.15687508604831238,-0.25206903367316025
NO,0.0,0.0,0.0,0.21246765110673152,-0.019770076743970307,-0.09361404032835537,0.3670629230507315,-0.10732790796813196,-0.17182714431678092,0.43746265849970994,-0.13261270074095818,-0.24786149806611682,0.3761354719424304,-0.15693752442727982,-0.3130340238723434,0.3706318694480553,-0.9344367923151725,-0.1385595109901064,0.39017967550240945,-0.7093714993257478,-0.2796102566499309,0.3561112857343854,-0.3704921993525533,-0.37369988003656557,0.33180838875122853,-0.15578051537808849,-0.42368157462647293,0.18942989485960635,-0.9688052475141784,-0.1597895720079062,0.20520750943279492,-0.6839269119490354,-0.30266554675044305,0.2102119039729239,-0.3126267286031476,-0.35488147477396376,0.2254380469432269,-0.08572319693743771,-0.3728851002670789,0.015723548729768423,-0.8865452682135985,-0.19280788295039214,0.033498295485738204,-0.5811447399493515,-0.32752678620408676,0.06953858670961406,-0.2596902605788795,-0.3417649509773356,0.11392063684162641,-0.07475383803908166,-0.32607688295731163,-0.12586348128734207,-0.7322719884037452,-0.23505007082756654,-0.10017079176249045,-0.4316088294862909,-0.31438084533223654,-0.04050342659820973,-0.18757603716188856,-0.31299276112101093,0.024519761088430996,-0.04407267336133035,-0.2955130862146516
NO,0.0,0.0,0.0,0.17934487407839397,-0.06527367205561797,-0.09417309470981203,0.31049209588144216,-0.17880897226230127,-0.17345858270064732,0.36978526984057153,-0.21488361151654878,-0.24969511650727969,0.29621273581119784,-0.21735402195559103,-0.31617472343451786,0.27729498627536164,-0.9757428854609542,-0.13053888824369733,0.30167034882821203,-0.7536014739482685,-0.26417493778334344,0.284956305106665,-0.4482061228324871,-0.3595872710054732,0.272283265725484,-0.24490962252094395,-0.409999534073924,0.10466757914752481,-0.9840780281261353,-0.1436493384418248,0.12415972680562265,-0.7018120332218085,-0.2722371444073053,0.14400194159319912,-0.3753140594812218,-0.32157092238035967,0.16354394058302651,-0.1634580855117145,-0.3392542975522036,-0.052799207145826366,-0.8839433197920415,-0.16830764192122077,-0.021778662073426637,-0.6186389635568519,-0.28178093953406547,0.026746901183962394,-0.3379205755508847,-0.29105394499638915,0.07160423728158521,-0.1653635141911552,-0.27523438648958387,-0.17519198119347934,-0.7194854381273065,-0.2032750623263667,-0.13253308882512976,-0.47548532545858396,-0.26578686674722635,-0.06637150916103988,-0.2673881419014849,-0.26101339402023954,-0.0013883595886680282,-0.14532050931744578,-0.2428694998620537
NO,0.0,0.0,0.0,0.1608928624727627,-0.09506290723174866,-0.09177136510737464,0.27816917298305077,-0.21342551428200318,-0.17870462740479487,0.3407072455429668,-0.24791591057474704,-0.2645021035704507,0.3048732068329068,-0.23356502872202908,-0.33969530055690283,0.2567555764964026,-0.9847587444744583,-0.13019828038215775,0.29094188674176535,-0.8052297513836228,-0.2695255377123538,0.28137004980367575,-0.48822087181531254,-0.3663809132809229,0.27073418664192883,-0.2779742389798019,-0.4172604408852493,0.08736205180580076,-0.9848478257396948,-0.1498086514193238,0.11788228306763711,-0.7634572365999776,-0.2855183398762872,0.1403051922847881,-0.41836686287676655,-0.3359780823285185,0.15696641324794344,-0.20499743679880109,-0.351460145031542,-0.06726377869227321,-0.8784578507140869,-0.18150560082947426,-0.026123081030582654,-0.6432849601429756,-0.30166430201650385,0.02013868961349592,-0.3494965970462944,-0.307841771577147,0.05735816195172369,-0.18837773210432077,-0.28788636529216416,-0.18900212578750572,-0.7059151383320713,-0.22305685589645585,-0.13660282093394321,-0.47490542219987975,-0.2889735553942047,-0.06669877251924586,-0.262590124427212,-0.2804576510694472,-0.00589640992055693,-0.1523872512957437,-0.25876674102986974
NO,0.0,0.0,0.0,0.16247757366502638,-0.10342853368783145,-0.07641447155747425,0.27821828131718296,-0.24936556016482614,-0.14652967735547429,0.33393903567697863,-0.3025501791786271,-0.21557736036989403,0.2772491974483713,-0.32432372698834594,-0.27484800837109397,0.24975862978151783,-0.9833321197177805,-0.11218029479279049,0.279525812761537,-0.8040317414272045,-0.23118490625158378,0.2697550011327903,-0.5075772775010485,-0.3128421136002694,0.25609191171056667,-0.3267229152072486,-0.3562961688051179,0.09125304550111918,-0.9870103522878062,-0.13222498312902692,0.11995157046075784,-0.7628644941652098,-0.2483993104030047,0.14060889464488482,-0.4423893996073171,-0.2919335018919077,0.15329636646131717,-0.25206948187645656,-0.30695619664221263,-0.05519491920767887,-0.8869709986460237,-0.16248800324125537,-0.01435618824101769,-0.6524898140196447,-0.26891349674425147,0.026091302555306093,-0.3807203311013096,-0.2782705758131086,0.05713805258540668,-0.23811080619327665,-0.2651580027344422,-0.17394428206419354,-0.7188271069228243,-0.20085172197136583,-0.1244133287693751,-0.49777405853688306,-0.2641792326005583,-0.05653956227807694,-0.2934656712822157,-0.2616731687790121,0.0050085014190687045,-0.18498159326906255,-0.24645059068015934
NO,0.0,0.0,0.0,0.16107690251615303,-0.10445680682318684,-0.08178900487544152,0.27092263264083594,-0.2541509248013465,-0.15234994110914313,0.3202976145200598,-0.3195570238359976,-0.22096780883928388,0.2613795403077706,-0.3562665432527103,-0.2803975597215949,0.2288341412825969,-0.9858351416905948,-0.11202566383658819,0.26236315367740903,-0.8326779504429733,-0.22957125055415592,0.25636955431880565,-0.550420718796629,-0.31341512458954235,0.24214932279997306,-0.3705247470661642,-0.35851144723336525,0.07125723681895116,-0.9893382822778294,-0.12701247742045646,0.10403020773395869,-0.777593506720071,-0.24137932479190774,0.13120920495651517,-0.4650296701638455,-0.28825553327663017,0.1458387516235759,-0.2691539093451656,-0.3060188090267864,-0.0732265585813795,-0.8891896286878485,-0.15272167677959086,-0.027837096370027563,-0.6695667804466949,-0.25689411694469566,0.017885474522415967,-0.40632816896984464,-0.27041983192143115,0.050304910280604576,-0.2573945443956866,-0.26053363044519945,-0.18939114040893915,-0.7213295649628632,-0.1868497348567906,-0.13427631885033975,-0.5223563124146616,-0.250020689699296,-0.06551713526168165,-0.32500198900679683,-0.25027451484799723,-0.005216345769389632,-0.21387986602705067,-0.23693995436646953
NO,0.0,0.0,0.0,0.19486165575390388,-0.08704665982249497,-0.07785355667000855,0.32569172008115843,-0.24068523812566756,-0.14355129451617335,0.3697892768548227,-0.3052807426312825,-0.20883668137650346,0.30102672508402883,-0.3234313289999265,-0.2657652642187585,0.29343605921486793,-0.9742725986537965,-0.10913035760370446,0.31815234437834927,-0.8219159957585146,-0.22614622400172604,0.30572953158686067,-0.5314898888059654,-0.3075398503332236,0.2979217187634169,-0.330721780145387,-0.35146381498136847,0.1316247831548032,-0.9831073298078924,-0.12718055880301457,0.1508192916592486,-0.7839166725135357,-0.24821803418200827,0.16913880107576862,-0.45753225643572404,-0.29563593234969077,0.18747169053568474,-0.22991764820264055,-0.31153065733929425,-0.023406434665182118,-0.8902085735050197,-0.15515389148335518,0.003024447309331134,-0.6685550533558114,-0.26716734642244716,0.047473787723951714,-0.37133355686345815,-0.2813812208823447,0.08852348211234165,-0.17300117360278172,-0.26818659910323694,-0.15057872962902255,-0.7294481883533586,-0.19106864577985425,-0.11476537097388471,-0.5124567770749856,-0.256873458817051,-0.05021530286563574,-0.2997023795387171,-0.25780905138275206,0.014236923675279109,-0.16287136574830308,-0.24351656916790232
NO,0.0,0.0,0.0,0.1601489748631975,-0.11966492740258772,-0.07349885026851885,0.26486418490709357,-0.2723812379851974,-0.14262809050572275,0.317823530431075,-0.3437671730763593,-0.21288769382589726,0.290826640341633,-0.3471217621546894,-0.27456752304064963,0.22901856501441348,-0.9957974858384453,-0.10469995363246114,0.26307777619024847,-0.8434671061896989,-0.2193633582359276,0.25672147220918895,-0.553220706019522,-0.29933424094955674,0.24856585931293795,-0.3598504953647414,-0.3416165559030957,0.07225642972541206,-0.989482301239615,-0.12531473934415074,0.10761882968836632,-0.8072148612949749,-0.24084171816296282,0.13625780752565292,-0.4923532701550612,-0.2855568627098613,0.15739263248318203,-0.2766490536048002,-0.2986833520355942,-0.0720986710498008,-0.8860106165654861,-0.1554736645747561,-0.03532047431832844,-0.6724717520584959,-0.25884522153750095,0.015466531554944594,-0.3935909641397673,-0.26892842305567716,0.057619273422488515,-0.2204423519012432,-0.25383393120538694,-0.1875541024794768,-0.7170580625932629,-0.19365825168011894,-0.1436676277050023,-0.5135450709886202,-0.25250893973929156,-0.07273400581836131,-0.3157581549249889,-0.24877359324414333,-0.0058956593984399305,-0.19803094481568428,-0.23102463362708103
NO,0.0,0.0,0.0,0.15736988021274492,-0.13843721787014898,-0.08049780427941601,0.25971790060489897,-0.3150004669661922,-0.15019596468499388,0.2938359521594657,-0.38997711212572095,-0.21819188869857206,0.2486820904991079,-0.37521601002901095,-0.2767878243266082,0.21334459688013818,-0.9900164746652075,-0.10550375488246444,0.24494299639721062,-0.855247295584882,-0.21374607539565316,0.2510982267042644,-0.5860187181373009,-0.2878862231717665,0.2498918199668965,-0.4112093595141006,-0.3290122646262653,0.06452716917567028,-0.9906368028752905,-0.12031196626768739,0.09575342288562244,-0.8154614327165159,-0.22926031907128194,0.1321881843273719,-0.5070093006256131,-0.269570406562178,0.15847737182143457,-0.3225635125930389,-0.28241831882183654,-0.07119307758892345,-0.8929756215388812,-0.14553343907011612,-0.03653597692225743,-0.667096407538561,-0.24472603171316967,0.014430873811820311,-0.39953328481570216,-0.25354053263404974,0.053927403538936304,-0.26325839766549647,-0.2407219179108893,-0.17978323046836545,-0.7323348966189124,-0.17957808703678282,-0.13902661912785458,-0.5103340758035118,-0.23681360417751776,-0.07049504860592519,-0.31319034567084486,-0.2350773657100349,-0.008331874327270962,-0.21670643328196024,-0.22135009603946681
NO,0.0,0.0,0.0,0.16953894429674113,-0.1454684593521564,-0.07165781700684014,0.28113190535081306,-0.3209941360040921,-0.13934156863896272,0.318509527865698,-0.39196899731806883,-0.20825973988852683,0.2637980517283912,-0.39369358324279624,-0.26869555512445703,0.22060397505918783,-0.9883844892533469,-0.10148322169111643,0.27423122551804996,-0.906550758647521,-0.2182384220816207,0.2858210451356114,-0.6436152594519217,-0.2977620407693863,0.2774104441222133,-0.47291084393272026,-0.3398681604352401,0.06961419312953647,-0.9898328922425068,-0.12403511418045021,0.12621638026559617,-0.8661704254196249,-0.241143176233317,0.16862317982617547,-0.5447376153919341,-0.28605904844514496,0.1874534569669678,-0.3431749482316366,-0.2991402624040312,-0.06969050683541694,-0.8883891349296813,-0.15676354642174653,-0.011320904653982639,-0.6836555554189219,-0.2651404136477039,0.03879721318651862,-0.3932798279803014,-0.27283205324454063,0.0671830564993443,-0.24191185193681386,-0.2547441637514516,-0.18451148573414716,-0.7206510902635481,-0.1970282896933505,-0.12662105056310521,-0.5213897745193603,-0.2546522109272742,-0.05590446182515254,-0.32282099267751646,-0.24709647267273357,-0.0006624237326767481,-0.21959242910062934,-0.22810441826258748
NO,0.0,0.0,0.0,0.1940775194750157,-0.1209530047475434,-0.08953929063834036,0.3138143504731933,-0.3282682948788329,-0.16461529142126424,0.3991709973872051,-0.41503672844454914,-0.24480529835977813,0.5089247579764781,-0.34096983315108387,-0.3165914826487687,0.32057548498487165,-0.8805539128737108,-0.12282752570910938,0.35821264011295123,-1.0954938890026247,-0.2521450804909367,0.3620914850105685,-1.1050377224799097,-0.33411544260780957,0.35770235968943764,-1.050166843576141,-0.3787195637343567,0.14773413039508773,-0.9777096186332634,-0.1491929232517612,0.15208205697891006,-1.1909945084806985,-0.27446709162385174,0.18920828288446334,-1.1577798918229054,-0.32255057993089564,0.22621999576426946,-1.0863471205211315,-0.3374979359857178,-0.02317639833280629,-0.944989386823172,-0.18929971154683534,-0.014539261475813857,-0.7855911477771915,-0.33044522714272395,0.03719045700781373,-0.5154455124539392,-0.34869837636716794,0.08296582255209499,-0.3272950963597352,-0.32913580881024707,-0.17759121216199364,-0.7973532250790069,-0.23873744614314202,-0.14515580311849144,-0.5721966108966048,-0.3271154081346619,-0.07659104785249843,-0.3615659578102557,-0.32968738934591485,-0.013506049048038423,-0.23495672326971623,-0.3121022598049549
NO,0.0,0.0,0.0,0.23011520841952496,-0.07061533861300597,-0.09500814280371826,0.3981128243084944,-0.2912249261096674,-0.16086519183771866,0.5104823852196018,-0.35119442175813037,-0.2349203086805043,0.6560160432457612,-0.2601387931717634,-0.3032150230146102,0.36885843696532544,-0.9206048696635236,-0.11670441148767263,0.4371952167827398,-1.2358423290080836,-0.25270062257684633,0.4408341992312347,-1.3501443098807013,-0.3444181050000306,0.4231600034700961,-1.4010116361885088,-0.39486444654939395,0.17583324890753455,-0.9728401607753037,-0.15054796631406936,0.1965046751611699,-1.2841117287725143,-0.2900942920996056,0.2435180962150072,-1.3434372101196583,-0.3608547743045986,0.28084151520233636,-1.3243384909215272,-0.3905624083931301,-0.010500675806458795,-0.8823357903321032,-0.20042194628032067,0.03403321477578983,-0.744904345014809,-0.3673942955492234,0.10320894764966478,-0.4352277304687572,-0.4078782816479911,0.1526249794341838,-0.19139969294480141,-0.39672605038914405,-0.1691649860744984,-0.6775520624694928,-0.25815640971452025,-0.08442657973889124,-0.485819050647428,-0.3774116778365279,-0.005593648805659672,-0.24076633018981647,-0.3901973459830843,0.04944657344634972,-0.06434034680823426,-0.37468517466741935
NO,0.0,0.0,0.0,0.2510819244708329,0.052775008233085514,-0.1638186115429037,0.44166921743721416,-0.02268888868205164,-0.271689634147442,0.5980065045646301,0.058461884603706785,-0.3800170467676318,0.7794155579845744,0.24497740339712346,-0.49111717797350213,0.4519172135915612,-0.8427452538457032,-0.18255618161426532,0.49179181545068723,-1.2690798975981021,-0.3433750044431222,0.4740759342482641,-1.4936795890159775,-0.4502711465723717,0.4377989385157394,-1.6564814718483367,-0.5046828130697911,0.22037614160093136,-0.9552779966635059,-0.19717582332437464,0.22835744701708952,-1.3651465531370084,-0.3500235299855862,0.23327236106057417,-1.4806038556050074,-0.4312480322156398,0.23444679052640097,-1.493018056553943,-0.4578320923331895,0.0011383173298455047,-0.891665160721712,-0.23198344110362373,-0.053779867669087066,-0.7479901492164946,-0.4393826833686461,-0.041301292912532414,-0.3396309753541527,-0.49936065618847386,-0.021724851660637656,0.021306160228970344,-0.4793184207188492,-0.18333974428422012,-0.7113232470882298,-0.2779115196630907,-0.21014698656100936,-0.5136339007121917,-0.4314469433559499,-0.2002977939953254,-0.19072755459598983,-0.4443711300948173,-0.18869376096666587,0.10895083761988877,-0.413161249283242
NO,0.0,0.0,0.0,0.31579786488009076,0.2837124304142253,-0.23652023668685102,0.4800487647839029,0.7854055635405892,-0.37480170576018823,0.5587209401773592,1.2286292282597369,-0.4696360310587664,0.6428824701691325,1.6214901034424631,-0.5574753894217362,0.11438434802307837,1.0762384710623456,-0.4566306129347581,0.24943501823790043,0.47427898258496337,-0.6770788981678673,0.3294955298286225,0.03510928465602407,-0.8124017619514144,0.36582941107617967,-0.29296842329920453,-0.8754200232562017,-0.1434572246853875,0.8997309402114113,-0.41219444430008506,0.0019429178503985877,0.12480345672808958,-0.6346881806855543,0.1269791232134568,-0.37506156447833194,-0.7172039629590764,0.19777046746816362,-0.7887606570710806,-0.7487944928982279,-0.3344039538717347,0.6856975539715711,-0.36921393487585863,-0.21560240062274208,-0.08248210116209387,-0.6174611744077103,-0.09221802047766885,-0.5481625587042536,-0.6364545373662656,-0.01058661243961129,-0.9063633352758007,-0.5987323591311183,-0.45986299637756617,0.4688435805004127,-0.33559767625122533,-0.4120780077605142,-0.15679353326264714,-0.5327669417618461,-0.32283804057178367,-0.5681438094421273,-0.527491083847728,-0.2621960424532565,-0.8406592111854084,-0.47616663780503266
PLEASE,0.0,0.0,0.0,0.23521629990008816,-0.10888654625872873,0.06239603443823412,0.3685925932022131,-0.32220731081006576,0.0833359622750093,0.45104227622426146,-0.48742342330077454,0.0896024713028421,0.49448201098588973,-0.5810855418869443,0.09375151576085004,0.340813735511359,-0.8179061722552714,0.04492470791409579,0.3858274863573787,-1.3144421770698052,0.04762555434038405,0.3807245650763765,-1.480633402240943,0.05555165746830763,0.3707962157203611,-1.5240020147943136,0.06496225755211932,0.21827289120499507,-0.9758511077279856,0.008459344600845199,0.28424476337617277,-1.5419325841941856,0.011268323412005078,0.28738113616655264,-1.6507239121959574,0.03116706648017903,0.28385806065914326,-1.6319507583835027,0.049265175682366956,0.07832537223499615,-1.070956657360434,-0.022254662923303824,0.1425086957591691,-1.5616151695220666,-0.01650094337740885,0.17013753611457255,-1.626078318127909,0.014859907635494973,0.18402735360594635,-1.57427064748652,0.03863541148133754,-0.07657996328808214,-1.1110210020744231,-0.04699188027330157,-0.0427180192384888,-1.4776777498158082,-0.032132470088461255,-0.008681961804745496,-1.5361592486550166,0.0069899251340988285,0.020854352857372246,-1.5007007470561198,0.04046454630311091
PLEASE,0.0,0.0,0.0,0.2579006599542011,-0.16224456534691487,0.020720928408768914,0.4123910368248791,-0.3920025297559777,0.02578141884568183,0.5243834110143546,-0.5766810086687384,0.030460520342801334,0.5718967803953908,-0.7112672577013849,0.041166096234568246,0.2902165841396252,-0.8790553991182235,-0.017770447573594812,0.3572384862559873,-1.4277461811876582,-0.013627511658736177,0.36895349577475045,-1.5537514629640758,0.004746381371305081,0.36540662604708196,-1.5621848312899391,0.024004744133816276,0.13459299213098805,-0.990531551667994,-0.027054974023714543,0.20299348324162772,-1.5643478673912865,-0.01647601853413943,0.2384666759172071,-1.6481050157417145,0.012095093501009896,0.2559946108229825,-1.6156295048955398,0.03285632796476463,-0.0006600744043252958,-1.0360332300437938,-0.030702384401265045,0.06899688069729454,-1.5000190838292347,-0.01481018203791752,0.12757567445685555,-1.561322838551941,0.026442608319654753,0.15819233786020276,-1.526861110627598,0.054508498686937946,-0.11400593827758473,-1.0285723663454154,-0.032318758339534785,-0.050728703440244,-1.3853882851053307,-0.010112129478499281,0.011974993421488311,-1.4547867547705235,0.033234038052728454,0.05877584207776482,-1.4360915146185065,0.06862252933546778
PLEASE,0.0,0.0,0.0,0.26364510852631073,-0.20348340632356723,0.02449674027455222,0.4275060607814337,-0.5080387741181477,0.03410765318435755,0.541637136493208,-0.7750052431554318,0.04683451054798052,0.584250889693057,-0.9803098338682075,0.06478092320438253,0.2970680668539431,-0.8725223492652396,-0.027012485378144557,0.34435699804050485,-1.4742589478153296,-0.025943059985552772,0.3557194081837805,-1.6421387274280803,-0.005387215215767966,0.3567944652486612,-1.6836261225943385,0.018219982174643535,0.1449735198706878,-0.9888687969566786,-0.0334840401050191,0.1976675362090654,-1.6312003047026733,-0.034043880197322955,0.23045413619688945,-1.7882284205812178,-0.008499750017655594,0.24466073239953365,-1.8128630703132045,0.016467701045396705,0.01981650801629523,-1.0608251954066814,-0.03257188895979177,0.07339169393486977,-1.6099726428338452,-0.024703501213188074,0.1268676728330711,-1.74889830659182,0.014287501231492352,0.15872104784597768,-1.77249863826349,0.04716923404453555,-0.08012683214309589,-1.08089481334948,-0.027962578847139267,-0.02194700706978507,-1.476756852335905,-0.004560924970621675,0.03112761719086082,-1.5978309106217823,0.039193963876995384,0.07339622049093243,-1.631828741569372,0.07803122549925871
PLEASE,0.0,0.0,0.0,0.27157333610236256,-0.2779425243655484,0.06715735928198827,0.3904608736146383,-0.7181015390032257,0.07216278840340584,0.40828613415688864,-1.0897858147108648,0.06364421557682666,0.34926935116377217,-1.3608423036931392,0.044714509407405525,0.4228232772054435,-0.8254591139556798,-0.023471589600218466,0.565825600564214,-1.2897544657717395,-0.05779017343144094,0.6398721284776,-1.543564116565816,-0.06664307452297939,0.6816132098915979,-1.7230062785394675,-0.06693835903851188,0.28353855859726956,-0.9557253698593524,-0.07870770734678276,0.3326632802540157,-1.6436227172222229,-0.1152131740967698,0.3226453745332307,-1.9090723963068323,-0.1046020415076726,0.3074147404121526,-2.027540837382938,-0.0870681148043225,0.11765179953565405,-1.0712401239312317,-0.1259028511884102,0.16563237637630038,-1.7359466988022847,-0.15362445447001744,0.1897198382127235,-1.9685544571615918,-0.1213698556443014,0.2130649336346641,-2.0676066875878942,-0.08891309883121752,-0.04930598375172862,-1.142882908648735,-0.16465153257510887,0.020506477136184795,-1.634238266720846,-0.17813846911859818,0.06322891384148922,-1.8230244704485854,-0.14256331756363946,0.11063645616105496,-1.9248983859713031,-0.10473801213173525
PLEASE,0.0,0.0,0.0,0.24998529311472464,-0.2512617199952849,0.00429264726172512,0.4168474223954987,-0.6597086867833419,-0.030249315409288647,0.4668865398496902,-1.0782782591315756,-0.058494468904833306,0.44291887081642006,-1.3892589114576865,-0.09352134057296076,0.4084197374650389,-0.8539932578194013,-0.17675801664724342,0.5959744765889878,-1.473318345090801,-0.2493718007149731,0.7029455004349285,-1.7664533180234538,-0.268877709533341,0.7749691543813424,-1.988424664704406,-0.27173526989185154,0.2677078121856081,-0.9412787378611781,-0.20573493856237082,0.33162299264986767,-1.7812828262518203,-0.2842644763300912,0.34355446308377546,-2.130209425310753,-0.28662552045618167,0.33782960264736706,-2.313434283162149,-0.2755826161420732,0.10869317379867553,-1.0369671869863675,-0.2227815289623898,0.16378395904173346,-1.8378959401079258,-0.2818464338999521,0.20373105156006116,-2.16113188235553,-0.2594066178904573,0.23845430318551514,-2.332364946349716,-0.23113485689537688,-0.043318501620641096,-1.1098554766667743,-0.23333797094796185,0.015153327715952018,-1.705049100054133,-0.2604880932910239,0.05702113478871647,-1.925669872313383,-0.2262485025156805,0.10502810692042756,-2.037044087147695,-0.18862996221011094
PLEASE,0.0,0.0,0.0,0.12535978587959476,-0.4313746035717052,0.05893027798034968,0.20981851060989307,-0.9511895495239677,0.03408114775684791,0.2404106399252532,-1.4411297246481374,0.006249147560932602,0.1677835276234291,-1.7735563775532728,-0.03897729513514174,0.24244795825061427,-0.9662009962617525,-0.14737744467880926,0.2763781552836814,-1.8479670280813683,-0.1999824067077104,0.26550655960455233,-2.213219782927117,-0.20276067002979728,0.27334644362184757,-2.4771435029096582,-0.19716670197409195,0.21667057328531347,-0.9538183473631433,-0.2080490877308903,0.2961037443003724,-1.977343819274442,-0.27010718467217737,0.3030361875251061,-2.413351173499648,-0.26487974749788257,0.29914708333726414,-2.706565262329111,-0.25506828089926953,0.14132518291017263,-0.9826067169303923,-0.25045936952425,0.24197780786783865,-1.9421108506968447,-0.30335942358943696,0.26306026099998103,-2.3641476610209704,-0.2930783279441582,0.2877143404270802,-2.659414234317175,-0.27900149466890733,0.03792040883010813,-1.0461447607032666,-0.278067765897954,0.1254937534617835,-1.8140302590537032,-0.30698893399066024,0.16069588421857486,-2.1412539143894547,-0.27498069782008366,0.2036509464487503,-2.382666530721871,-0.2456529665519496
PLEASE,0.0,0.0,0.0,0.3133415391766113,-0.3360700973468422,0.06522905340184292,0.540130277901956,-0.8525779586973774,0.02552902123980355,0.6176217181012883,-1.4317482759220743,-0.021039160925046915,0.5301716169387374,-1.869266709760513,-0.09018522087998522,0.5966349789588447,-0.8283336278422275,-0.20513997875278497,0.649740952769155,-1.9203985072616612,-0.2990373311077909,0.626218363790473,-2.3680087054936365,-0.3237758873347292,0.6034244013484477,-2.6826485768375345,-0.3267438930282406,0.4255465834916542,-0.8554901699572747,-0.2950367339587626,0.540272560879193,-2.0067000176160334,-0.38451415240130854,0.5416334287098621,-2.514691554312921,-0.393629442491389,0.5170586341656458,-2.871556767760283,-0.3975119964042621,0.20596493654070466,-0.9564605962874261,-0.3665952823827202,0.37389040437278603,-2.063220209158347,-0.44432635895727285,0.4087044097829179,-2.589878354514025,-0.44378390510655713,0.4280296509331112,-2.968596053122582,-0.4398974785723278,-0.0379241506504595,-1.1405265762106602,-0.42187340234022813,0.11321766308449105,-2.0809883696624882,-0.48149251569245743,0.1921152951274026,-2.505623309400798,-0.46388155492929584,0.25917590141889546,-2.8355471263640153,-0.44624140607554186
PLEASE,0.0,0.0,0.0,-0.27799935414491095,-0.5646072740014147,-0.24286729297229048,-0.24382599789124346,-1.2689793708341985,-0.4160542672271039,-0.0021818820757711693,-1.813629318265223,-0.515539945000295,0.21306740875244456,-2.124043274896405,-0.6238030849484255,-0.11303136001264986,-0.8707453365770425,-0.7616350191394826,0.06293932198497776,-1.9815179792033724,-0.9568288899536135,0.15489470151292475,-2.5797767962730473,-0.9923753009475752,0.2596250411499409,-3.018515565161736,-0.9986015731721619,0.2439956547688824,-0.6709571270998769,-0.7002018666411736,0.42893111432876313,-1.924766063823602,-0.9095492864309055,0.48279345539814883,-2.6172621792216586,-0.9313753733696316,0.5197894695044869,-3.1014318155077474,-0.9351751635877875,0.5324305966981276,-0.6015032513830891,-0.6193968220869965,0.6712856260741101,-1.8108850675751267,-0.8104459280657406,0.69082928726954,-2.4979102556121884,-0.8381497640117921,0.6896464205927743,-2.9935415320342287,-0.8372753720662316,0.7322674726899945,-0.6730673612512268,-0.5383946190049457,0.8109206715329426,-1.6603744079282032,-0.6840902086179024,0.8162253216353751,-2.191346361032925,-0.7033079055534064,0.8307563318165797,-2.54913581787811,-0.7031510489830196
PLEASE,0.0,0.0,0.0,-0.4099997427633949,-0.7093470456890812,-0.3481791037642976,-0.4081337110927281,-1.5975700253444047,-0.5937123213358713,-0.14315518996251758,-2.36102591779626,-0.7419499556795953,0.1428161874626947,-2.796129048658479,-0.8933166589927666,-0.34914828807130804,-0.5449581558645236,-1.028256730540733,-0.013609685433187708,-1.9513246996222613,-1.3158851724240348,0.18094739103232413,-2.7157540858198765,-1.4038214089303287,0.34076025308315333,-3.246130074453213,-1.4449983222726206,0.16977852359786114,-0.2646344588915843,-0.9492859717135237,0.49352186313766666,-1.920610061190548,-1.2183458046559674,0.6365121056151958,-2.907922965570218,-1.2676158967076503,0.7208569395188884,-3.579380663204469,-1.315061193959913,0.6444356565812052,-0.2334219421616236,-0.850690573210467,0.9493942098397806,-1.7662070718682354,-1.1029974212348914,1.058595516588695,-2.7547990782173866,-1.1588086171180447,1.0907875987509799,-3.4699587518437296,-1.1885870773776726,1.0172999523714654,-0.4022330437002887,-0.7565596352405255,1.187784815506271,-1.6349797101606798,-0.9491420853913041,1.2191228137585541,-2.3947480649726707,-0.9886403038921223,1.1889768899683346,-2.921800817159982,-1.0139355193383277
PLEASE,0.0,0.0,0.0,0.46795033418140947,-0.5096441615866383,-0.18294461798926925,0.9125015902876754,-0.91358830107451,-0.35415908652659145,1.1753018056096276,-1.376844722735774,-0.49855235289818856,1.3169016486688743,-1.7795130030896775,-0.6641314888179345,1.0215277682266057,0.3568105126841776,-0.49293533845043347,1.381653730240732,-0.4963413226443524,-0.757588616485712,1.4789161300807998,-1.2390376609202336,-0.952524501547649,1.5249380642404906,-1.7856799529735863,-1.0786497569831617,0.6995633774559035,0.47083306205683034,-0.5375195890353003,0.9848767071326981,-0.5371920123701406,-0.7414111910768146,1.092927700432868,-1.3494842358810364,-0.8463614786451527,1.1583409090105092,-1.9061924319549706,-0.9485532784670243,0.34738253823058035,0.3506221497798386,-0.5881582596206691,0.4957515723733362,-0.7886094229150518,-0.7821540907804891,0.5578430861567367,-1.4244369450603491,-0.7974272621808012,0.6326325210552689,-1.7819130457962333,-0.8184684544333608,0.016666467568202576,0.07339491194301287,-0.648928411601687,0.12402778316868183,-0.8887706103958631,-0.8302997058518081,0.1619823618812802,-1.371393324617909,-0.8217358359934894,0.19652513267199384,-1.6305229913544448,-0.8101377299875911
PLEASE,0.0,0.0,0.0,-0.15241736541555298,-0.28943452042776635,-0.3896107582951242,-0.0876636967283469,-0.49416253179943104,-0.6499908206457853,0.1282728468038147,-0.6352881142452946,-0.8281738655199413,0.3302030363379741,-0.6309602614645585,-0.9973201093873304,-0.2724127031910841,0.47292643967169673,-0.7793384948611389,-0.12074281111235244,0.20886914448035485,-1.0327578232592711,0.06080817498011834,-0.1566804014948464,-1.159510822477765,0.20281562135478542,-0.44309291754892477,-1.235783801569427,-0.03651975139820444,0.7370539034022151,-0.6748465390274824,0.17657199305412177,0.4345858741467247,-0.9014733041018379,0.3609029615249852,-0.058612137563347426,-0.9556661616564966,0.4494966887217398,-0.4120320406392004,-1.0025954604401888,0.19957300233673728,0.8416882775844545,-0.5754799341279785,0.4578443662891999,0.5793245417115431,-0.7802710525862543,0.5802545721799508,0.08173921235702584,-0.796980381964146,0.6164056414231599,-0.2829433359052992,-0.810108514256247,0.3988920897054374,0.8296276139270087,-0.49875617420386315,0.5956393217187261,0.5499274916883947,-0.6698847164685293,0.6755339340035008,0.1672092502631502,-0.691557726682365,0.6854241301355707,-0.12450872093103921,-0.697792766304406
PLEASE,0.0,0.0,0.0,-0.20206129126332914,-0.17567930943179735,-0.2761121742779137,-0.28601824101360895,-0.15741151537184345,-0.43395417069601666,-0.1794084811496329,-0.10750965994057894,-0.5429094171625093,-0.04563043623137342,-0.08746247766209571,-0.6505311763421671,-0.41459612370420135,0.6772546804315163,-0.3977349120963792,-0.26909497221603507,0.6214502259770903,-0.5925559570086775,-0.09439721059954614,0.36454206623828456,-0.7137751153795738,-0.013424396951413373,0.14803888745369473,-0.7787392036511773,-0.22620550382153337,0.9181589959086067,-0.3252923735241041,-0.05071567039205822,0.7830266634983394,-0.5093083774556162,0.11579113682896118,0.33886207746453667,-0.572207532292076,0.1567490149702813,-0.0014439225094998551,-0.5849805222846861,-0.0438204301108295,0.9725923008380312,-0.26804654805201295,0.1289501786295814,0.7532145891657523,-0.4586495886913043,0.22959477245323587,0.2878198161176561,-0.4841787343771379,0.2330519329546229,-0.06571932985463017,-0.45961482914575713,0.10197891311869628,0.9100208463006696,-0.2265141266434054,0.24538340392542835,0.6301465976246559,-0.38868205266575606,0.2978252140107731,0.2549903253546453,-0.40501570498069384,0.27415890696662276,-0.03063121414590504,-0.37661887660807486
PLEASE,0.0,0.0,0.0,-0.17064921844064068,-0.0018531029352972393,-0.16540720144131613,-0.24227947833477567,0.1918039513458021,-0.24136521398331123,-0.08831361068922779,0.3725062362592509,-0.2868075755869287,0.06085066587095333,0.4390450398997646,-0.3231830055810835,-0.364411031010618,0.8011588470740171,-0.16211219940023416,-0.23541153847688115,0.7454552373252157,-0.27781957290668735,-0.10021130450761807,0.6066969507935771,-0.3693426139643366,-0.01267439685987693,0.47768627048141643,-0.42337776149978296,-0.22761704715133801,0.9659087160493984,-0.1233322022259728,-0.10199626370160636,0.8874762868735576,-0.22471262957888405,0.02292307994330824,0.6648937400129558,-0.28177695287848714,0.06976935941629993,0.47871351195487977,-0.3076522290423653,-0.09231680122343741,1.012368508631384,-0.10017890407702967,0.01905719396248233,0.9798134295123111,-0.20495950494489945,0.1016192694710812,0.769353010085754,-0.2323727192405209,0.12499189469287537,0.5889673732040592,-0.23009422645742558,0.03248456221264378,0.9705892757136344,-0.08944755734830089,0.1031981023231996,0.9706299585442666,-0.17561287090694358,0.14277435996221507,0.8039917281803733,-0.18296304003616268,0.1476234143499861,0.6407857726274844,-0.16569682293636634
PLEASE,0.0,0.0,0.0,-0.15571478638337774,0.02877014240669627,-0.17178243476134922,-0.21203608078800115,0.20231893894000957,-0.25667209420672205,-0.06667237689049979,0.3669197224323716,-0.3109459400003044,0.05744250307939167,0.4630096355590432,-0.35387454116053557,-0.3440657030593516,0.8151538161053115,-0.1667659016296895,-0.22375840443625875,0.7509400920096723,-0.2843681346171316,-0.08688694569874489,0.5940811280878348,-0.37487903380062737,-0.006592720132702343,0.46336860608587854,-0.4301570496037215,-0.2049065454981666,0.9703609906011076,-0.1281126673348307,-0.10071288913451763,0.9002062058483556,-0.23910524065259803,0.02580125271126073,0.679417675487405,-0.30145104241644183,0.07382750605701917,0.49414294591296826,-0.3294446731670541,-0.06895351318168766,1.0113098807902734,-0.10572613611563128,0.024769622604889234,0.9780312785675643,-0.22074311070107058,0.11518852328613502,0.7635795295724681,-0.25550554253407715,0.14473763829859654,0.5783737065891059,-0.25684981578953486,0.0520028199040015,0.970347865536141,-0.09611308218519869,0.11650857669514664,0.9514372719323235,-0.19778880762854045,0.16267205519552624,0.7692265887743299,-0.2167779465430172,0.17284398054460912,0.5987201823002649,-0.20592595825744053
PLEASE,0.0,0.0,0.0,-0.17997460667050305,-0.09673515218474052,-0.22622722409567,-0.22339922435380843,-0.035114274307613484,-0.3576692968427894,-0.0335155947798272,0.05618702414537676,-0.44351360823093877,0.1471221129437882,0.12499694631298536,-0.5238664369126776,-0.33632912658454767,0.7032411189651706,-0.34831977907674583,-0.1687786184095051,0.5559655467375588,-0.5102652904515553,0.0015424401879759698,0.35844600990173503,-0.6225006477347339,0.12361014522820538,0.1792613697718234,-0.6874672213757317,-0.17488778018285364,0.941702023255156,-0.2874222742583806,0.016888368570325923,0.7339539019958464,-0.4092338777700842,0.16854276195340134,0.4772906340177964,-0.4659938129420364,0.23717350296859102,0.25433347703272957,-0.5034851802753534,-0.014798793719854238,1.0132960107253124,-0.23785923072665088,0.16866701165763345,0.827618996576368,-0.354591664366251,0.26528619745175736,0.5677827835197173,-0.3765333991968586,0.30420251270887294,0.32928787404752113,-0.3827427509181153,0.12730145135358484,0.9706195070506466,-0.20382256374970034,0.2579436938774523,0.8241713942568332,-0.30457222115340565,0.3059594471231022,0.5874072613663963,-0.3104732101766811,0.3089907039424908,0.3682447339449651,-0.2975541291972118
PLEASE,0.0,0.0,0.0,-0.21795110732264317,-0.25804810809477946,-0.3252838008701339,-0.20979014764594653,-0.3261044449617609,-0.5408845702658356,0.07233438803105352,-0.35478222224105604,-0.6849168523410939,0.3229013946810881,-0.3669584698708454,-0.8310080005884567,-0.4234651994744744,0.46016024819357626,-0.6287774923153469,-0.1966287042808142,0.14820377277892854,-0.854084431216488,0.04782024350497359,-0.11130649617087042,-1.0049949145272488,0.2335219895489587,-0.29652994664854115,-1.0999752505460678,-0.20775589473664277,0.810810103177407,-0.5471969159156688,0.039731793170040865,0.5009903250631791,-0.7082212466852328,0.29557668163250705,0.1766394087701313,-0.7736399730926363,0.45286873539472783,-0.1281499506063089,-0.8349735630984589,0.02445760054397044,0.9614911675960501,-0.46866243866985235,0.25934995012993556,0.7241847225856692,-0.6228455712510297,0.42571964130234574,0.37508350748831953,-0.6384827679269515,0.5290847014917681,0.04839366600589571,-0.6524426040041783,0.24782894746929737,0.9473884332346245,-0.4096242848789304,0.43042476583717415,0.7272341062796681,-0.5275348687014446,0.5080563271569084,0.3958398054857347,-0.5152615400435482,0.5432499668451736,0.10156363544174593,-0.5004478066835532
PLEASE,0.0,0.0,0.0,-0.2061301043820109,-0.6424701518037108,-0.4971915183660582,-0.07641606870155405,-1.1729399683098727,-0.843578524505287,0.24234463547426133,-1.516886975481237,-1.0844230137628128,0.5068419008354285,-1.5889612220974754,-1.3198951984836453,-0.4317573242400378,-0.17726399045350966,-1.0579855190265495,-0.14642304777007453,-0.6646311852172334,-1.4218888010310164,0.16330386529274554,-1.1224179662900329,-1.6331514760098487,0.41163274544330525,-1.4098465883379239,-1.7731690523319608,-0.15052957111012139,0.28310734191652726,-0.947201710922421,0.17676911610830165,-0.07069793570145243,-1.2540086319172188,0.5203295610552958,-0.6448492835614279,-1.336564877400071,0.731609159803009,-1.0801071434999276,-1.4252838257841793,0.15672577140219754,0.5723175116071669,-0.841549364616463,0.4679821263092643,0.22324622064995064,-1.1255094894111182,0.7303196853299292,-0.33355091102127743,-1.1597970451638913,0.8963743050018876,-0.7432284359384213,-1.2000505212363122,0.4414036390708755,0.6717536408875102,-0.7652639007244108,0.7179412906234715,0.23767414212571325,-0.9889464628223709,0.8984574458776594,-0.16481183145786052,-1.0208906018055481,1.0148612291223802,-0.4407649710480033,-1.0507029294879646
PLEASE,0.0,0.0,0.0,-0.24313225276468808,-0.0009061808156843017,-0.21929388398220695,-0.28847803060899846,0.14299235115648232,-0.35928970229305285,-0.07014009888167952,0.17698105321973406,-0.46547185199726054,0.15796829356750938,0.09869704026243346,-0.5683574495317201,-0.30311641800407735,0.7663116470570815,-0.3463519346382194,-0.08494992589053647,0.4840262069693663,-0.5311779141754619,0.09772643648629217,0.16050581281988974,-0.6449325236681378,0.19468352439522604,-0.0026972456006208417,-0.7132114778295903,-0.11160612372722875,0.9448867692322556,-0.3077873721847809,0.18875661203318278,0.8062411044325574,-0.49281879973744774,0.28917869685661335,0.30113208433776983,-0.5469989420739713,0.2642283764191294,-0.00938126085332397,-0.5650316807507729,0.09212643071698107,0.9975975289939343,-0.2825944673559067,0.38429946418194255,0.9428656985058527,-0.4728931707287062,0.4548761484154794,0.4646396876622589,-0.48620952310519217,0.4212010424159398,0.1293708881785345,-0.4610296625947576,0.2982532831213156,0.9443841636564588,-0.2684025317423213,0.5372741796822939,0.8794777647854589,-0.41064874455642403,0.6437967461661891,0.6062136688463658,-0.4219803972270544,0.652574241423164,0.3868242053264637,-0.40299449156712763
PLEASE,0.0,0.0,0.0,0.17512065375254313,0.34153842668943524,-0.05267739351811125,0.2616164667484034,0.7601271357923018,-0.08970659443565085,0.3310210000221539,0.9984143600658386,-0.1291272604818953,0.38272079238473655,1.133262135710228,-0.1687948785687373,-0.048181802836160983,1.1090743428588576,-0.06040663077614353,0.10061058788730544,1.2235745484021536,-0.1627820038432683,0.24689745842345154,1.1775450272708048,-0.25374830682826177,0.3699905499362257,1.1002688494014747,-0.3109192354572787,-0.15419690259481947,0.9840581870891684,-0.08861602368050125,0.05204454130998352,1.0590805779426207,-0.1683101099655381,0.20158290379222638,1.0018699699647327,-0.23077717047695667,0.3193951353580365,0.9275511031945203,-0.2787104237173403,-0.22887602094175907,0.7862165845077079,-0.1270658721692646,0.003977531752882145,0.7984363475191144,-0.217665337267006,0.16125170626898766,0.6861714734805932,-0.24606654637254152,0.27795992916062645,0.5699955075291601,-0.2582938761435002,-0.27285476567936134,0.5317113952974474,-0.17008375379068683,-0.058289148046737425,0.5562572250642126,-0.25158458270656586,0.08867061042421788,0.5046740715317999,-0.2674928410975953,0.2001437430364276,0.43911492855143525,-0.269705979850269
PLEASE,0.0,0.0,0.0,0.11041544390829552,-0.19780040669424478,-0.3537723434596202,0.22209653517185404,-0.05758081074526587,-0.5521468226041436,0.33784080499988145,0.2644957215731643,-0.6813865309514343,0.42199048233360303,0.578699845422936,-0.7968566923843065,-0.21707234524580396,0.560751409465776,-0.5075982884692597,0.07629160467653047,0.9770234390036944,-0.7155471696992429,0.31247921853428584,1.1058051053747706,-0.8515598449741291,0.47595098869008867,1.1207993401831169,-0.934296932885047,-0.19338804872189183,0.8956779487916458,-0.4004523375633227,0.07720039272490903,1.2782659413138877,-0.5763358804898558,0.3070874174427508,1.3269677648281781,-0.6602810805126922,0.47386871207445175,1.2697791409251986,-0.7195731647527183,-0.10848062135346588,1.1014715943654882,-0.31402643416462533,0.13826378167021489,1.4621595868982402,-0.4720575398715033,0.33561056233017045,1.4733056803141282,-0.5134557794364304,0.47717567658401633,1.439190544967897,-0.537716228383267,0.01286639079197371,1.22178591609201,-0.2511219174322945,0.2008191189946617,1.5280101128871177,-0.3886345409811137,0.34769513940390523,1.5343619013537004,-0.42316759083128247,0.4507767917601024,1.4735627009340078,-0.4350171949951847
PLEASE,0.0,0.0,0.0,0.23388141885855795,0.07731155354722936,-0.2141700080843227,0.39550399035143585,0.5033632607483387,-0.2924503374492977,0.4552875561631497,0.9490311986296465,-0.3226469169642011,0.5051904733249362,1.2697108115825908,-0.33671720376260655,0.03685766706824454,0.8872462507504514,-0.25004009440264396,0.13507358914984308,1.4223692510009627,-0.328652406376086,0.2488398469329382,1.7036641721901673,-0.3848098103999314,0.32911855013591657,1.866303553230081,-0.4205739930488681,-0.04948159713371046,0.9855655999590271,-0.16190126535175747,0.051303436872542914,1.4723008232974961,-0.21874496544949798,0.16818056772160214,1.7508305239836215,-0.24985557100565053,0.26042905799215155,1.9143886602813587,-0.27587127121697413,-0.0752573385750585,1.0415747472407932,-0.08769386882328586,0.012902869892768114,1.4888025990198872,-0.15487097709501432,0.12513563023042185,1.7340386150219178,-0.18606897521543903,0.21813184042327408,1.91435821420069,-0.2033050807410152,-0.06065530873909325,1.0731795699207403,-0.027575074313621918,0.004096788795850796,1.463919196384018,-0.09835706289863379,0.07853521734821955,1.7002649568308121,-0.13024912252253587,0.14389668423301638,1.8844870271729326,-0.1450813308847325
PLEASE,0.0,0.0,0.0,0.26233451801429447,-0.05054976537363293,-0.17628108235408826,0.5405666701298993,0.2705513326428946,-0.2309779213592372,0.7241085669071006,0.5904177751510788,-0.24705880380442233,0.8644059656219141,0.7938639364859315,-0.2542795996568646,0.28995826836187205,0.8557344884357058,-0.18406580366555303,0.579384985972132,1.0208974402033602,-0.26253871945868307,0.7653264166188599,0.9280893900765597,-0.3266347235179324,0.8905968400303632,0.8292502833449289,-0.3657035648737932,0.2368156375326326,0.9642455077564537,-0.11894937827290859,0.5434439774592783,1.1609432856360562,-0.16495275417943808,0.7307978397854574,1.1077437664320622,-0.19759912580123737,0.8566198137678224,1.0316422319851124,-0.22608831277178887,0.20108351602083058,0.9604668752395585,-0.06847455666640828,0.5120571500097774,1.0609495226730805,-0.13150776477522735,0.6737059113150593,0.9374670831024935,-0.15569226842756512,0.7756698786943366,0.8492278805731621,-0.1712577527529348,0.17605174224800396,0.8867884300048074,-0.03048141739433724,0.4302716669320852,0.9028176184727376,-0.09961743493173555,0.536221820508026,0.7567522718863332,-0.11503589975247548,0.5925639779767772,0.6313569607146269,-0.11817028809179225
PLEASE,0.0,0.0,0.0,0.14038749428053715,0.5581245370744171,-0.056255462079255775,0.40189339065032864,0.8153089564727947,-0.027848399974685432,0.6398060727299733,0.7657868803541638,-0.0074415865462050855,0.8143011629143501,0.6270909450778924,0.013262377503573205,0.8676256097423354,0.7767959008010039,0.17501190557140062,1.2798647551314202,0.7732024951601985,0.19321492874010637,1.5506729034609488,0.7089417688902476,0.16711463992129919,1.7634654714299423,0.6171360079198714,0.14318324195366008,0.8907678298022595,0.4172133075587829,0.18018248911931822,1.2243845294316966,0.41342019479550346,0.19204057481254558,1.3845126098714766,0.3396793317448042,0.1290894139459779,1.490818959522674,0.27964287401248045,0.08767136771729865,0.8444582609716362,0.08073590259218628,0.16335888958325084,1.1234041439010454,0.04567738337007679,0.1430645935219875,1.2702312009585726,0.0017947189748152475,0.08540228749769779,1.373978389801909,-0.042972740552466485,0.05551712610756967,0.747319923062089,-0.24923845653862065,0.1378536511153994,1.0136485480550668,-0.3062541787230608,0.11106318035019888,1.1922144893849715,-0.3513853432747156,0.08921944922246094,1.3466013206945575,-0.37378295995746885,0.08322412836792566
PLEASE,0.0,0.0,0.0,0.3408109259500218,-0.09890901834178747,0.027041977948613172,0.6685019961442127,-0.5077459517121274,-0.008924489831320066,0.8339262643699079,-1.0209990593181364,-0.0533158020565782,0.893426433139865,-1.474056381260783,-0.11460562301267091,0.8129444649140994,-0.5598141224027053,-0.11765346977647655,1.0332510933470156,-1.345028510946389,-0.23749947501896118,1.1464451823874147,-1.8256578660076108,-0.32527982680070866,1.217973632195294,-2.2079775208648487,-0.37518109847047665,0.6905000307032533,-0.6991119717703876,-0.18561292661376447,0.9373805839760962,-1.4890619932366027,-0.27467477762607717,1.0734020098002472,-1.9793393506825796,-0.3184781253191152,1.1584077536862205,-2.377755625770278,-0.3485954195177338,0.5276208819417845,-0.8870542878353729,-0.24710978989440086,0.7830737238529846,-1.639950813999122,-0.321389958941622,0.9283386972883636,-2.075214391759645,-0.31948108393949787,1.0399920062391355,-2.411729826746562,-0.31250834595484855,0.33339648823195817,-1.1066619005952743,-0.30212425995696285,0.5666938187955454,-1.6905552436045537,-0.3634352701796833,0.7061060937434133,-1.9912260159034405,-0.34442097467426236,0.8176234515098062,-2.2219533026189984,-0.3186698731354162
PLEASE,0.0,0.0,0.0,0.4127182740518109,-0.07554008180129408,0.025294973273816947,0.7153584786335592,-0.4994911778293236,-0.04005647096629093,0.830644008646092,-1.0931822846797195,-0.10859179736834629,0.8134369770004409,-1.565526113777259,-0.19290437379120795,0.7291219945989742,-0.5670747872594996,-0.20507185253827243,0.9615619397037883,-1.402223842529827,-0.3369355309394255,0.9836521191593912,-1.8967422251272017,-0.41298818505943163,0.9550630289467854,-2.2374440883999753,-0.4488339374551918,0.5197783894272348,-0.809865318240527,-0.27193490433484235,0.7676155429289143,-1.685146360312233,-0.3557384844482886,0.8219028576636124,-2.1618380893766247,-0.3819916660628752,0.8383515775867245,-2.467653922048171,-0.4105094667998268,0.3077253227600815,-1.0693798394639746,-0.327944092264797,0.5610583905679509,-1.8738868785579659,-0.3874656299341202,0.6439748731862651,-2.27446372764473,-0.37794550217998685,0.6947427356009179,-2.5276465041863108,-0.38050467240911173,0.10042778816097851,-1.3150011196290001,-0.3751727931100097,0.3069485542153667,-1.9658087083847626,-0.414629985309195,0.4011832875296849,-2.2657004284756397,-0.39059214969348616,0.4702529348139045,-2.4680515347316163,-0.3746107499161442
PLEASE,0.0,0.0,0.0,0.20426047685525311,-0.275563844449847,0.07271915011590797,0.34718608001705503,-0.6517893545650986,0.07853085389263749,0.3952058939996943,-1.003915953279199,0.07045722276064269,0.37034657535802495,-1.2702717110684214,0.05780539706545724,0.4018881902995752,-0.8309780631221713,0.00795052619802097,0.5007333920530247,-1.4491872147848803,-0.02697404236151149,0.48391001069206685,-1.6549797284163223,-0.04057331455750895,0.45829608944530326,-1.736037205377073,-0.041717444478511716,0.30219938153119974,-0.9518626916284071,-0.05131228009048517,0.43031387694562845,-1.615002430301208,-0.08094570578739373,0.4296126769864332,-1.7937855883300045,-0.07698645466224688,0.40489963515744365,-1.84342296071741,-0.06583360955381072,0.17121662226602297,-1.0625493496464127,-0.10421647710842545,0.288354939069737,-1.6654814748250648,-0.12048383486073541,0.32327562577932983,-1.8665850039611596,-0.098011993001352,0.34835784242127316,-1.954514782287997,-0.07894175819774504,0.025608890562729636,-1.149936975024667,-0.1485676526663077,0.1269450548643801,-1.6239671092497279,-0.14141283485694842,0.16826554561656204,-1.7645755019503482,-0.09766052232644079,0.21017888313336164,-1.8125755801725465,-0.0626216145420499
PLEASE,0.0,0.0,0.0,-0.08133063074547688,-0.5427489629945872,0.054458545355808144,-0.042216249145257595,-0.9087627538116061,0.0677630317849462,0.07367282670723119,-1.1024876506525472,0.06729900015853262,0.17194785668883775,-1.1266037021669766,0.06866196134266668,0.02854843966563552,-1.0823616988460647,-0.00025102700610583396,0.17364902232100934,-1.5742251936798777,-0.006849163116839648,0.1935373811621047,-1.6393062932310725,0.017161110267431813,0.1895538609516607,-1.564281745314608,0.04189123679273843,0.1896869130122775,-0.9812286082546708,-0.03477489575073113,0.3176062345214127,-1.56078437686411,-0.0493413720650831,0.3095521985224291,-1.6428628771590976,-0.027002638726190388,0.28234085896046435,-1.5669336483359673,-0.0021928634070687097,0.3210378079968805,-0.799512390939672,-0.06190768113851477,0.433735827560401,-1.3249697034410253,-0.06666669679206513,0.4014977519061234,-1.376653849493139,-0.03413069897784792,0.362735007894677,-1.3105558520500877,-0.005305954685301418,0.41989841325625643,-0.5633954261590869,-0.08303086088077723,0.5190404747977063,-0.9081757164232805,-0.05838515981735408,0.49797950329051593,-0.983739417607354,-0.011660907560166335,0.4676582545754536,-0.9668023289240054,0.02673154338841299
PLEASE,0.0,0.0,0.0,-0.09756936925648552,-0.507366250011109,0.04113471124254352,-0.05863584215701641,-0.8589852758895198,0.04917766422376996,0.05602545644816305,-1.0371274399907444,0.04691395375065559,0.1471262870822754,-1.089481554126768,0.047554398183697055,0.023429310622849333,-1.0728858958253846,-0.006708792713573631,0.14257760845435494,-1.5189619625350048,-0.010302410588514015,0.18805801410580839,-1.6308012512775851,0.013900243749125588,0.1984527656710468,-1.6299976466602615,0.037624006218904424,0.16869493575702976,-0.9849129907066067,-0.038580038715630795,0.2753024642229984,-1.5177305013790359,-0.047569385015069895,0.2866365859849318,-1.6769105032418448,-0.02818769373264746,0.26048593762622324,-1.7082404489378777,-0.007834340018333876,0.28954898807400553,-0.8310551413468835,-0.06512095772763837,0.39001338993290896,-1.315337698071663,-0.06907510253313295,0.3822013746896023,-1.4729930843812702,-0.048958894098885056,0.34844430909290147,-1.5218796818138713,-0.03024654285278332,0.3784935210075537,-0.6291894487876183,-0.08767438318442083,0.4670034622953856,-0.9113861812957185,-0.07109098765199663,0.4720810240680112,-1.0327832959301797,-0.04126579282042475,0.45609258884094417,-1.0860519667105328,-0.015475791167509221
PLEASE,0.0,0.0,0.0,-0.08462476042922543,-0.5275489620387308,0.045618860017261585,-0.03218208388641313,-0.8748469528846534,0.05752474479878382,0.09241453214322082,-1.0202265430330346,0.05773478135980644,0.19120267091170384,-1.0441873377143989,0.05925223991083603,0.018450568528594048,-1.058250869332348,0.021730886881570464,0.1359836336338196,-1.466058046233584,0.016799911797944538,0.18786937967576878,-1.615439106022782,0.02641762185604384,0.20963458295949974,-1.6702200614922948,0.03709891596739902,0.1565347837041306,-0.9876056863574799,-0.011483456146654266,0.2509351945811983,-1.4839233540497325,-0.015788197517470737,0.2624040934066647,-1.6497393914605547,-0.007686543805283165,0.24513510199528643,-1.7067556697219934,0.0025967352605896494,0.27588167333139796,-0.8599856839673912,-0.04064925242037003,0.3455449726316674,-1.3404992394813051,-0.039300355389283156,0.3386786967171801,-1.511641011179227,-0.02957865272525346,0.30879170545932383,-1.5837984055699001,-0.0231195750176773,0.36548391373949113,-0.6928923686026666,-0.06637672838106488,0.37491787419641925,-0.9819665922910483,-0.04757449922497272,0.3458469312282892,-1.0900553322277913,-0.0231106732419724,0.31142779709802454,-1.1337108063146777,-0.004183759844851668
PLEASE,0.0,0.0,0.0,-0.10032101452611702,-0.4929660846382464,0.039547593478442784,-0.05988029525069486,-0.8420375305010531,0.049253794609062186,0.058778270068457136,-1.006608196617957,0.04782630603204348,0.1596760706269774,-1.0411115909815556,0.04642701242061281,-0.004129814944625524,-1.037562941869813,0.013900153052701066,0.07502059169355067,-1.4725061035684854,0.00450519577081907,0.1279629460766755,-1.630424189664458,0.013011593134107534,0.15666883223607125,-1.6824144428048424,0.025229507188259708,0.14584600834300956,-0.9891776014319487,-0.016019197100596887,0.2337095226739501,-1.496332555085769,-0.0208094420016305,0.24609020790686728,-1.6438294113018952,-0.00927983372836379,0.23218333066064012,-1.670578537370054,0.004829602709820281,0.2752421598997338,-0.8850522248276206,-0.04182939949278289,0.33385062847267033,-1.341084799651495,-0.03992886877513214,0.3126806944001879,-1.452371823855587,-0.02446380117759521,0.2807236486539398,-1.461920799624515,-0.012210019610740612,0.3694132607368971,-0.7473738705637885,-0.06493010964788734,0.37686970259971747,-1.0263199940384296,-0.03990845690450711,0.33974786136471835,-1.065803558455173,-0.005179593623365671,0.30148322911224745,-1.0268940848089991,0.021841848645291432
PLEASE,0.0,0.0,0.0,-0.05223254665166724,-0.5008171075788967,0.0693424374448099,-0.006874309487106284,-0.881048648407642,0.09629097103100162,0.08654342372000895,-1.0961136797907285,0.11147780113419996,0.1565762992206223,-1.1806788926558403,0.12325474470115744,0.047725452138498034,-1.0276721523330499,0.026777588337610358,0.11622836373239222,-1.5140250874894083,0.029403182122552482,0.14621023165949215,-1.6959094950564462,0.049704984226285207,0.16436066421557416,-1.7797370276334337,0.0695162123209802,0.18185014665380125,-0.9832692950094702,-0.010583839264185746,0.25074741563442854,-1.5623094207750774,-0.027350029018254198,0.2548580114537874,-1.788946075603805,-0.015457907945165144,0.2386761538707548,-1.9056337497042746,0.004042985714738005,0.2872024548561569,-0.9013999877546587,-0.039166943650654304,0.33058462247289794,-1.451620618451618,-0.04909428304272341,0.32352830188422255,-1.6642160090055709,-0.0344272022574908,0.3037033671937048,-1.783869750292591,-0.01710083834693218,0.3513181851332098,-0.7834835602763411,-0.059557495683523774,0.37197608827679096,-1.1888187146256213,-0.039186382703965274,0.35378853973136937,-1.3460648860769204,0.0011281779832099206,0.3316295803266124,-1.4303620786728588,0.03468877837816688
PLEASE,0.0,0.0,0.0,-0.0452601782953156,-0.4789007576967035,0.018378859637771285,0.0015196614846341345,-0.9508209825311736,-0.0031180527221444762,0.10840904596286795,-1.2828292551539981,-0.025150906475813688,0.18147187666848835,-1.4909617404454958,-0.05578127889612613,0.03420057511092987,-1.0661570155663878,-0.12918481466967613,0.10945039169753967,-1.7154165009573068,-0.18668595013876352,0.14032153754473786,-2.0172029703341767,-0.1997008987185026,0.16962547004911852,-2.223500912928868,-0.20008944285384306,0.17331933036044062,-0.9711999507286114,-0.16349637741598783,0.23253058449405006,-1.7316684473789619,-0.22395662955573217,0.24712221183375557,-2.1123310620232347,-0.2348565693843582,0.25194692725985934,-2.37774235786704,-0.23635859871989703,0.2932850762436619,-0.8641227563903255,-0.1865496506292909,0.34401371823006827,-1.5870528571616291,-0.2419583544900162,0.3493619036916363,-1.9679208638656185,-0.24931141020764017,0.3451325854814423,-2.2354136523924266,-0.245835729010336,0.3977776872312737,-0.745465685595765,-0.20153013428827976,0.46552909525644265,-1.3032493816824686,-0.22909575167441512,0.4647906428705358,-1.5738334405866445,-0.20856551162560286,0.4671258786623322,-1.7562455653417341,-0.1859676273734952
PLEASE,0.0,0.0,0.0,-0.16804682333135337,-0.5599099593707857,-0.08702608977479132,-0.16896649358875337,-1.1377177294025604,-0.16882551960609193,-0.015486320413217366,-1.5025810389585872,-0.22307583434247044,0.1220330912853166,-1.6708942946920022,-0.28441816473762604,-0.0979000573019771,-1.067028025510382,-0.3725688233272055,0.02678174476300356,-1.925925001634814,-0.493427112665766,0.10597210287445773,-2.3948641607689614,-0.5261851087081425,0.18663866773533105,-2.748828924487158,-0.5370650508657251,0.16364187477099176,-0.9135881445695622,-0.37226071364485913,0.30891552704068137,-1.863140130541043,-0.47917933777375826,0.36886634307509303,-2.3878931005101043,-0.49464346597957326,0.4054033415158515,-2.755690188406413,-0.5024493624547676,0.37919122822114987,-0.8022808461657298,-0.3587515457804949,0.4995602502126825,-1.7228103354710458,-0.44648332252056644,0.535439477921697,-2.210341339009171,-0.4576000445137241,0.5558152610177397,-2.57378082172091,-0.4596760704291741,0.5371901755201212,-0.7405340037688382,-0.34398752663118426,0.6307960879072064,-1.4469344408977465,-0.4052673253667587,0.6637783039401176,-1.811272440443659,-0.39946776183227845,0.693846384097171,-2.0800120765957644,-0.38908533433851733
PLEASE,0.0,0.0,0.0,-0.2061418695733394,-0.6360457012382179,-0.2040765203773129,-0.1582099327679973,-1.4172963642144802,-0.3675057960506075,0.07446368739857967,-1.9947358576859482,-0.4565781521863761,0.27091185680193924,-2.358048737896011,-0.5465617030593742,-0.1402759502837317,-0.9128725059263436,-0.7500316932861492,0.06270823988738915,-2.1168672240979256,-0.9614907448647856,0.19187194880834313,-2.784949823026537,-1.0125371005962538,0.31067326461878797,-3.253630467486502,-1.0238025980642582,0.16310071403413534,-0.6980014100531158,-0.6972748300673252,0.3565427833778637,-2.028212088425866,-0.8905761771065552,0.4505890462876107,-2.7457484539311947,-0.9028760694467073,0.5344419337608841,-3.2272556618762973,-0.9046069915191958,0.44209255464204894,-0.6371322434284461,-0.6214784098040108,0.5921400068822212,-1.9071793368951193,-0.7799621579109962,0.636988712546527,-2.5797583425171196,-0.7840564769234948,0.6706674962132653,-3.052221763491212,-0.7751480885356035,0.6591957569406344,-0.6989940535355463,-0.544753063038557,0.6979249496767663,-1.7036029141598186,-0.6621422931923651,0.6658035431493551,-2.214009461544767,-0.6636884779410751,0.648341066319244,-2.548677870236149,-0.6537526951650549
PLEASE,0.0,0.0,0.0,-0.2935440829160462,-0.6731327953253164,-0.3529485798678475,-0.20715132064194197,-1.561590642032346,-0.5886308803518062,0.05790417006136338,-2.3354372655848645,-0.7152878364152744,0.24268960166750797,-2.93342592858433,-0.846927648172061,-0.22164809512123854,-0.5866185150050559,-1.0468220629951055,0.0651533783688911,-1.9895903376809572,-1.3272993637773756,0.22799248662562938,-2.795488166975083,-1.3936584803272163,0.3778981336455145,-3.3527830637340132,-1.4110914961768557,0.13026241907229275,-0.27070936412109176,-0.9538071830063918,0.38553981239941193,-1.787328476261048,-1.2369348909034763,0.5364734364043491,-2.7092366283762415,-1.2898634922489514,0.6563099355435819,-3.3498025873316655,-1.3227880063138222,0.46674999421852525,-0.18653020084994304,-0.8397058430050095,0.675089400082009,-1.6184676561765368,-1.1130330794261933,0.7717340158987332,-2.5067596471719202,-1.1842751892885164,0.8222379011627529,-3.1391477700481762,-1.2104082403886445,0.7543667881129335,-0.2930588317993004,-0.7264941813677369,0.8412472647074218,-1.440113649270003,-0.9616576182686355,0.8599741809015652,-2.087886942071104,-1.0299025224705676,0.8682636822123365,-2.521947760805701,-1.062139494819897
PLEASE,0.0,0.0,0.0,0.6359872662671491,0.017410521156933003,-0.14861814507938975,1.188060742259975,-0.39372878495347136,-0.31275877477239267,1.5089249581397772,-1.1644501068903361,-0.43995772376184944,1.5409135608986426,-1.8446859358320877,-0.6158481674133245,1.0734699828347927,0.47174268484281273,-0.6106605396032344,1.151795180381569,-1.2165610886598364,-0.8280687318323893,1.2338596410941345,-2.418106064231389,-0.9855568929042264,1.3632745672259408,-3.2158007744935038,-1.1080023043631895,0.6240742863490271,0.3990589883210921,-0.6717761598613774,0.8800667773555448,-1.4129517673100405,-0.8522136794855897,1.0868065650835557,-2.7374580871428615,-0.9816988167738281,1.250771839914067,-3.68787567422765,-1.1406507997106043,0.26478757264819663,0.0341566125311986,-0.7063694965518085,0.5465648609243036,-1.800946769324197,-0.9199613702167675,0.8206815198913601,-3.0187825788263356,-1.008961124392305,1.0260776829477547,-3.851928309270327,-1.101111306219062,-0.026742068326839712,-0.5357395771689187,-0.7329919059964919,0.22179896570961535,-2.0989361442973884,-0.92315916925064,0.444044575884246,-3.005277428280859,-0.9378471432321361,0.6342794356405891,-3.6581018374110097,-0.9635498864996298
PLEASE,0.0,0.0,0.0,-0.32350467408530437,-0.3765638902589695,-0.3625685047469242,-0.3531884402331945,-0.7895869503560676,-0.6562683057455639,-0.16958790659474912,-1.3239913192746575,-0.8617844761373712,0.018131250694196216,-1.711208669217099,-1.0775621411634133,-0.5095381018050832,0.06088468890803016,-0.9741752272566417,-0.31981275073199966,-0.9088979725504268,-1.236522159363077,-0.07636530545154223,-1.640307937118938,-1.3287536261482669,0.09472132008829397,-2.084487142784495,-1.378999451859329,-0.15051896882770407,0.41600469427256126,-0.8968188971951013,0.1361226627101923,-0.6248051290017441,-1.0960798146318957,0.3782724474160518,-1.533042857470914,-1.0919096094125476,0.5078953934592966,-2.107528958833039,-1.117279729680484,0.2352857046164098,0.5186305056687749,-0.7996304416436001,0.5392095761748649,-0.4556421667358891,-0.9979619031089576,0.628559389229742,-1.2961557097637961,-0.9510393571559638,0.6643635828915173,-1.8143208838327491,-0.9304268135041318,0.5892695984900548,0.4416769508363256,-0.7172014484039058,0.8181021195994992,-0.3559330186879937,-0.876769580375884,0.8133425675190558,-0.9700495686402417,-0.8232517272315453,0.7759904877997593,-1.3418319572150026,-0.7789275753722744
PLEASE,0.0,0.0,0.0,-0.23698172348027016,-0.36976770118647334,-0.3762183862795103,-0.369148819443515,-0.7005530871034205,-0.673705624306149,-0.32303259315818794,-0.9687057991145179,-0.9077888059356816,-0.19521542689518342,-1.064488436221292,-1.1497432047595115,-0.5114705743985517,0.37761388523906897,-0.7617960990055763,-0.30069563180208525,-0.18898846372586445,-1.1052549958965814,-0.16781823585754924,-0.6090283037733859,-1.3094529223931342,-0.11810644475951965,-0.9131366639115079,-1.4216161129226215,-0.20806264896420293,0.6792480337756935,-0.7037982968989432,-0.0059198241959273435,0.16632857895234143,-0.9887176235262888,0.12868794142525403,-0.4191716956259434,-1.0591527454210712,0.18516205141924236,-0.8772625687452983,-1.091299820951652,0.08657701781220749,0.7167479266768584,-0.6564904273000959,0.29976040349338523,0.1536010555838728,-0.925131552758977,0.3797066394432064,-0.46224744338024376,-0.9035252796243691,0.3912904483047627,-0.9059284344717385,-0.8589907861677505,0.3300204980667234,0.5823578548462394,-0.6367619275303805,0.5338752773269442,-0.022971627543089686,-0.8590764496608646,0.5575835122580395,-0.553225032650617,-0.8446058139656233,0.5261566841969139,-0.9028162682574148,-0.8002468402381779
PLEASE,0.0,0.0,0.0,-0.06899197970797631,-0.07385728920498578,-0.16713372850274502,-0.06650184831715951,-0.05121580778635688,-0.2974315724319382,0.026503597916375975,0.04121526435608741,-0.4062733784298128,0.09044273341727341,0.1734648988298345,-0.5110087922001141,-0.38526730657985897,0.7760931733527371,-0.22453297106162592,-0.25101403243179304,0.5289451807389853,-0.37941194918184135,-0.13670024901564498,0.31562405570302243,-0.5034119199896749,-0.06207359670093936,0.149088525177049,-0.5791020863531685,-0.2408816654396338,0.9471444455374943,-0.21188067996516474,-0.12250214520246248,0.842817866262615,-0.34558030005744395,-0.023222132822191044,0.5491800974890669,-0.4092797452091091,0.03683683890760537,0.3053402485475017,-0.4373436966480473,-0.0643973793112762,0.9704795699841624,-0.2128679835172351,0.054358387342122214,0.8878497366010352,-0.3387379313811098,0.10294007788286005,0.5948514690354643,-0.34759019252348183,0.12973203984086992,0.37242510226039993,-0.33119750594140546,0.09783113019557213,0.8757274615555872,-0.2276004435545065,0.20464274054488565,0.7706476047841948,-0.323994216318744,0.22921606487644697,0.5372257405522167,-0.3181849069174129,0.23947750910628998,0.3811317346575965,-0.291578248281055
PLEASE,0.0,0.0,0.0,-0.12078249709811015,-0.06950935602430279,-0.1709221909884715,-0.18172228231370868,-0.014125787820574363,-0.29020739793653677,-0.1313414127903232,0.11773556318916338,-0.38873693593184144,-0.08258050691720731,0.26270496631390744,-0.4822789970009202,-0.40749798159700484,0.8002686854531758,-0.20986527302549784,-0.2996109855745946,0.6497220316199636,-0.3688638058321734,-0.18174589909585384,0.43723962858662485,-0.4901464759326098,-0.09742623758098806,0.24051995158629694,-0.5593502437113819,-0.24891830072444876,0.9494455659219687,-0.19129243820801053,-0.15046842324235638,0.887525315235125,-0.3322559253828051,-0.04812952596295384,0.5934056005215013,-0.3974590010408814,0.013724302524106629,0.3416994124672605,-0.42120950398963375,-0.07168136195721556,0.9496204777147313,-0.18918279534044985,0.021736664879073483,0.9053212986059458,-0.3254945375203535,0.07371425028280448,0.6079483721518262,-0.3389554806349723,0.10196398086284811,0.3723163564451355,-0.3202685172565032,0.08689389076868834,0.8391847142817488,-0.2004852129998549,0.17055634151792082,0.7584167953941825,-0.3104379855620523,0.1871541422070957,0.5223877225376764,-0.3136204161459042,0.1882652380045813,0.36128658115890333,-0.2893789424370872
PLEASE,0.0,0.0,0.0,-0.11736923824923619,-0.10020092138441668,-0.18727181031703924,-0.17565818950960096,-0.07136021535862556,-0.3118662451039939,-0.10006953120432878,0.052909440496708725,-0.40987052200859697,-0.031701717838930304,0.2139608601567082,-0.5017576923148518,-0.4220443493232165,0.7694134079748203,-0.23721418634990749,-0.3126281474447712,0.6110354602982618,-0.394700290425157,-0.18963383729758362,0.3832932301412223,-0.510443341238932,-0.09964429119128074,0.1944192847683636,-0.5764652222436156,-0.27756007094620977,0.9380906987138818,-0.20723476543002117,-0.1613332909010428,0.8249222029174845,-0.34684286786075275,-0.04197448340061794,0.5193902481904524,-0.4069357669889697,0.02784199092472409,0.26718773333921336,-0.43036968287966915,-0.10603299832393107,0.9596574047981682,-0.19382062583598436,0.005018655682161067,0.892754722956599,-0.33098302499734994,0.07650838956588753,0.5891947439238776,-0.3434532304922207,0.12228495290711186,0.3308299921934161,-0.326316918927679,0.054790453758650944,0.8741414884418099,-0.19472526687826694,0.15582912791525205,0.7717949017802882,-0.3148957292616511,0.18121176418704868,0.5274188994227184,-0.3244812932991717,0.190562926833134,0.3428707230558307,-0.30341319610342404
PLEASE,0.0,0.0,0.0,-0.12553645122388613,-0.360669592074008,-0.2887799769301642,-0.03126229057908731,-0.594427495340637,-0.5119379928775676,0.22507255859562667,-0.792712313087495,-0.6814472887648427,0.39412468273701123,-0.825209068899009,-0.8507735129167168,-0.4341264611990494,0.4032246097166481,-0.5853332740990176,-0.22028397823600646,-0.13771093916774366,-0.8195337497811723,0.060546806973140084,-0.6133064598726367,-0.9659652267076848,0.2603955900708545,-0.8975505878579105,-1.056286642827319,-0.31004182152984056,0.7839720517300878,-0.5378307270959655,-0.009394620747528193,0.26477577591749146,-0.7387324506396185,0.2957835934004206,-0.3356956488255155,-0.8068205368784268,0.46819646405489673,-0.7846588970473778,-0.8584384514111032,-0.12086543898163989,0.9899235482888591,-0.4936816752829762,0.1862843615556922,0.6065014316051616,-0.7057601530638743,0.42899445818078413,-0.03536170519804824,-0.7262509900208741,0.5668508105463325,-0.5196727360777434,-0.723356890315764,0.08669256402309031,1.0382486853763007,-0.46250640058023473,0.3751614094892631,0.673629732727875,-0.6309781288263924,0.5399501424269283,0.19647334056995114,-0.6288484152528272,0.6363745620605405,-0.15965750339385637,-0.6049093808270082
PLEASE,0.0,0.0,0.0,0.1551409906397818,0.029219150450018248,-0.2099270019227144,0.2543372147790157,0.34249452589805646,-0.3063644242356317,0.32262777643053236,0.723590248948038,-0.3649202014456672,0.3545940968794588,1.0371151425344662,-0.40202956526419614,-0.12196331315596506,0.7426886801874502,-0.22724741055304606,0.1240471601830146,1.0563403915735883,-0.357638883361031,0.2695364104234548,0.9349897566188186,-0.43464338219414894,0.2940810073666378,0.7672913333311496,-0.4743719916442246,-0.147624153784256,0.9756430963478656,-0.16225799754783063,0.0758353972420433,1.300287605190666,-0.27860198002960135,0.24414526349259863,1.1927494050055867,-0.3196895832266077,0.28338507885020514,1.0262582212917786,-0.33299454092440745,-0.12432220657978778,1.108885782248149,-0.11700369106078551,0.07265630558113649,1.4476778871884441,-0.22433412673572742,0.21754070079633744,1.3989370305051771,-0.24417385536524516,0.2531130936149339,1.2915981154339276,-0.24209417726748805,-0.07982027602643083,1.1589392855076328,-0.08699342194220427,0.09281827700447852,1.4467308711516504,-0.17734483797442616,0.20821794553325598,1.4574922672984527,-0.19956829346460103,0.2528059310221303,1.3972241667168892,-0.19507402041553099
SORRY,0.0,0.0,0.0,0.35485611300424474,-0.5330740396608689,-0.014363403581900757,0.7301377125163594,-0.6588360542855493,-0.04234030533041439,0.9772995945305573,-0.48868452773689613,-0.07745994428616904,1.0800124835914597,-0.24382676443972487,-0.10609000856408833,1.003603461434493,-0.08796831541047315,-0.02973950686418034,1.146680104609301,-0.14458096874544188,-0.06251711235869786,1.004560037852759,-0.2393207338221463,-0.09291823688067634,0.8526826931700665,-0.28629022363770773,-0.11497970690549297,0.918808518830674,0.3909708419905412,-0.05415446830493292,1.039574307038374,0.315100638293241,-0.04262085079294371,0.9170094804008855,0.17809190465961192,-0.04949242964922234,0.7696927427911705,0.13051512774033808,-0.07274723635311643,0.769288877021218,0.7681923864172928,-0.07834563333111563,0.8976209465455964,0.6540452338007069,-0.07447517034413803,0.7766021220446829,0.5150270943092059,-0.05722626223444314,0.6340762049198103,0.44109187403059713,-0.06378265430845517,0.5922160636287837,1.0577046055219192,-0.10513803703424665,0.6943881496316416,0.9565049727243523,-0.08906144126456074,0.6058939156509601,0.8258161926259265,-0.04412032340035618,0.5001068837023106,0.7518224266951625,-0.014913798219411563
SORRY,0.0,0.0,0.0,0.18782260236150203,-0.6608559017197168,-0.04404149550337706,0.5032269778355761,-1.0281809244001823,-0.06767044696366205,0.7827250878805949,-1.130622729704576,-0.08740846717941947,0.9616603363315573,-1.1031642350686814,-0.09638974491327792,0.9200753747126923,-0.7083667627327224,-0.033590529149869375,1.0145388959547308,-0.7734380223372462,-0.05517822413558234,0.8983284702413776,-0.7617526869970426,-0.08184735293209304,0.7880708571742495,-0.7476262200140719,-0.10219870093168025,0.9686159168147052,-0.24566715538780556,-0.03782663686969824,1.001660406438785,-0.3622683216499398,-0.01859679702516741,0.8877455814495204,-0.3934059575244839,-0.03567351440375108,0.7780910245865058,-0.37382108430394984,-0.062830383595097,0.9264936869412662,0.1631152401609026,-0.0425526031569801,0.9480073432278494,-0.0015699397049237147,-0.034907464037961404,0.8376301157070127,-0.027088686616512297,-0.0343911283127865,0.7238697927204548,-0.015670490222924265,-0.04646940803578151,0.8481093386389893,0.5077085327011869,-0.052653779001083464,0.8662408962469654,0.37143577273958,-0.046018276205196516,0.7734788906089299,0.33585844705822304,-0.01805931072341228,0.6818472415584396,0.32378336795635265,0.005917093079628201
SORRY,0.0,0.0,0.0,-0.10480924786568015,-0.5041074295055072,-0.03575762568533383,-0.058305520796686716,-0.9113970090567266,-0.07326622200360809,0.057862585485939144,-1.0489434649221756,-0.11220361924081856,0.15581529715403547,-1.0178413411005927,-0.14480722055669384,0.35732398018717065,-1.116606954278298,-0.026465167806426108,0.40342445690100376,-1.1265979618873425,-0.05513192751631057,0.3277170830793253,-1.0076631101123665,-0.09427728072164727,0.2608940186697513,-0.9137285001974752,-0.12656705284866895,0.4851255391762086,-0.8732421645393748,-0.04584030224137277,0.5113169697838386,-0.9093295508866187,-0.048663794819913016,0.42962612878749495,-0.8279635504541543,-0.06742934813451737,0.3515056536341426,-0.7175548833711045,-0.08976965784037479,0.5536627376351785,-0.602926809397234,-0.06809703151027396,0.551501827795462,-0.6578530282096839,-0.06390475800768604,0.4696964124918585,-0.5795878949924169,-0.054913475237476486,0.39737890197324244,-0.48282477187204365,-0.06000777137851353,0.5778372763870778,-0.33535323663021915,-0.09836468112839662,0.5764066977461518,-0.3591024422694136,-0.08925535361756312,0.5012792363399897,-0.31123630507191413,-0.06006501352652346,0.4351967444080674,-0.2505714496575749,-0.03848686399404223
SORRY,0.0,0.0,0.0,-0.025144417156657408,-0.4664706125402701,-0.006671285994952386,0.02361449544534577,-0.8662461480355768,-0.0468576795611959,0.11677246331188855,-1.0649675952098903,-0.09795137908101773,0.20850791164941287,-1.1009834066987179,-0.1384358048534577,0.16707751982982055,-1.120663458138027,-0.037406816314320704,0.39012052681624315,-1.0956843396525553,-0.10756596335471785,0.36202478719198783,-0.9079939916179367,-0.1530282897354655,0.27717594440764726,-0.8022668917980788,-0.1786243414594612,0.2936599418441852,-0.9530858468969039,-0.07342483912737702,0.44805896968611614,-0.8781691887360344,-0.1187537431193954,0.3975872160310832,-0.7217225271009569,-0.13811256693796564,0.3147784553239469,-0.6381258706971542,-0.1523177641655618,0.3997984703363172,-0.7244987616359623,-0.11371313005519955,0.49499316396186754,-0.6361677387225851,-0.14661707518935582,0.43898124773687835,-0.4903550119072641,-0.128298028259617,0.36382545190449683,-0.4092107053324889,-0.11787010495000451,0.4820523197682722,-0.47309095018318537,-0.15748028849592183,0.5280361166080022,-0.3742345134050771,-0.16950085471314608,0.4679602584332218,-0.25067669347227073,-0.1411795512771688,0.4069474280952067,-0.17828790229985378,-0.11687320852230021
SORRY,0.0,0.0,0.0,-0.0037243977336302086,-0.49693440154630514,0.013550845729079013,0.08233478634153567,-0.8609549460477259,-0.002480038615334738,0.24043910999320936,-1.0040422091969732,-0.03317788609870444,0.3795832903275247,-0.9802742229982205,-0.05597989470337912,0.09881043230569049,-1.099989774928255,0.011022813166317733,0.3531127087683109,-1.163694060028005,-0.03638254901599797,0.41881803574622595,-1.035246662308067,-0.06069316821205187,0.4249623526882457,-0.9243066931841966,-0.07361993782211361,0.2228339335688552,-0.9746368444929898,-0.020689596588109854,0.43409605066110496,-0.9943044120330821,-0.05588476118919377,0.42863508790602484,-0.8238856232394433,-0.06070307508654036,0.3740548140574119,-0.7122385234298607,-0.06251158878396296,0.34385513817221774,-0.7970164184045145,-0.05736049563412228,0.49391067668390565,-0.7390716232110979,-0.08663347514123708,0.4526581577767922,-0.5790962945819527,-0.0669304354866568,0.380873679075715,-0.4833207415454932,-0.0523880610407401,0.445208775235488,-0.5957457144630612,-0.0957139144906887,0.5252075939568921,-0.49899004131054003,-0.10004019154162268,0.4727507669245687,-0.3831791188455709,-0.07698682122264026,0.4055096542481706,-0.31296829211879945,-0.0578904079293895
SORRY,0.0,0.0,0.0,-0.024029826274350234,-0.4953996429707882,0.03201848223763849,0.03169280561190356,-0.8463459353725207,0.02328967683733729,0.15830582206796856,-0.9680929190582076,-0.0018303867406582977,0.2664967237326719,-0.9150028235910485,-0.019859976269202655,0.0908401319034585,-1.089550563443842,0.033561805832060525,0.2551312729814823,-1.1279534463515075,0.012604405215869054,0.25688535723716194,-0.9570122954932296,0.0004690470188597944,0.21434627597289616,-0.8318256710251434,-0.0061922172274742615,0.21937333480597404,-0.9756399934714708,-0.0013939566328136923,0.3561507337101837,-0.9922637488900884,0.00044709810766521544,0.33197257169331135,-0.8261925789017993,-1.6448048661097865e-05,0.27336810909824893,-0.7193815380510896,-0.007329779400910937,0.3375371360876956,-0.8080056580443985,-0.036750257052900456,0.42304000133150904,-0.7872285018351621,-0.025385619275347274,0.3854659373350077,-0.6417359550471065,-0.006783260077030449,0.3223724854824038,-0.5469654899810424,-0.004092141361540566,0.4327658627157338,-0.6220755470135119,-0.07278717517334404,0.4763934914441351,-0.5838009773431989,-0.04296114209775399,0.43016914120025185,-0.47712473589348836,-0.008374561233492533,0.37201814604620753,-0.40147378921433197,0.012189623422767769
SORRY,0.0,0.0,0.0,-0.022479764304752063,-0.4874586163096468,0.02713015043519373,0.028569397518903993,-0.8602236377099921,0.019598184554621072,0.15580601187533605,-1.0208052357851396,-0.003389922440707002,0.26939657671492045,-1.0045483181126418,-0.01726703753057399,0.06812143748626245,-1.0999044350558314,0.035492506571636634,0.2736444770042322,-1.185049628662331,0.00882188585984457,0.2741078529887516,-1.0229871797023316,-0.006162543899213122,0.22375432933764236,-0.921922408436847,-0.012411124482996808,0.1789624658923014,-0.9838557381348001,-0.0005677508032878051,0.3677390858458243,-1.0485357332874603,-0.012000572266151928,0.34199903797217357,-0.8886110151705409,-0.014730778937486918,0.26955275796372996,-0.7968734799552836,-0.017770687965110974,0.2905327229232965,-0.8245812967247806,-0.038339433429547945,0.44032776640465304,-0.8626788988126005,-0.037590525141835335,0.4069543599954372,-0.7238492719066679,-0.014894356321233666,0.3356564715223577,-0.6405931823758422,-0.003968081504957384,0.38392164516640737,-0.6503143167226992,-0.07660937947985667,0.4920765857712297,-0.7005122333207666,-0.055421914524744015,0.4482568357605744,-0.5912189496065147,-0.01512115692061142,0.38518659844261094,-0.5101738008791485,0.012309973749238312
SORRY,0.0,0.0,0.0,-0.03000249788468772,-0.4866562842478848,0.04190813664606759,0.027729291264105043,-0.8341291364505509,0.04119884190563146,0.15594597262781343,-0.9645584844344176,0.02168951438954208,0.26354864305635317,-0.9475917973387643,0.009652588309179736,0.032601212600574934,-1.0927605235654654,0.04828709042042493,0.24769955252667197,-1.2233160200153324,0.026821526743096416,0.25920356051427323,-1.0625088261441473,0.014258017051485432,0.21363186400884265,-0.9582457110878497,0.009681604392231929,0.1442794921739572,-0.9895184226558582,0.006059650376658921,0.34152641625401436,-1.0875887180408472,0.0023964881335078645,0.32489227678859867,-0.9238074614511443,0.0012148487110277136,0.2557004063501869,-0.8329957713263287,-0.0018301081738663013,0.2580344345525912,-0.842065508134079,-0.036266292559512546,0.4182351020939441,-0.9115369889000318,-0.02954875695356718,0.38983677342980133,-0.7661514449973927,-0.006944629895439409,0.3193614549823947,-0.6815114559390867,0.002725240189500113,0.35397710089941314,-0.6774482363757264,-0.07780227428447906,0.47094826599826206,-0.7508035693549452,-0.05260162796542132,0.4319098210735028,-0.6282835612404636,-0.010485740351942928,0.37027277952524745,-0.5385494831232004,0.017393965974989538
SORRY,0.0,0.0,0.0,-0.03227826234628925,-0.4781143550287951,0.05391648289164295,0.02148788325171492,-0.833009288755415,0.050562635884493605,0.1358390581769884,-0.9844181460047591,0.026386779258658632,0.2422667490199447,-0.9944719307679624,0.009478739612847262,0.029787525387838992,-1.0932535977648847,0.03392419274364095,0.24875372858408615,-1.2348171293582435,0.006331851070283422,0.25917086106489856,-1.0698948231402883,-0.004096169741384573,0.20992705528870712,-0.9612154245665717,-0.006003016261539886,0.1282637823240466,-0.9915540855549188,-0.01920670620586922,0.3492840064720023,-1.0968035166116858,-0.026683475304540353,0.33225674051314724,-0.9325170688995466,-0.019448587734978217,0.26298164493972676,-0.8451060309981561,-0.01708648979798255,0.23327593101715072,-0.8425727870150496,-0.07103216547960192,0.4272028763948593,-0.9170928418294381,-0.06493911740091671,0.39305110237964813,-0.7691014329048502,-0.03166556335332535,0.3224597447619081,-0.6905752365886176,-0.016419278722182615,0.3265395456968892,-0.6653636215194184,-0.1213557015420865,0.473799600882187,-0.7457461520083077,-0.09653507467442302,0.429593168671759,-0.620260756919152,-0.04938569062968878,0.36620995431729325,-0.5424303947736612,-0.019340607427748794
SORRY,0.0,0.0,0.0,-0.03938404417928716,-0.48243104094331324,0.06042250892171928,0.014766190587447018,-0.8479548678122406,0.05569525827538267,0.13341004360801464,-0.99898504411967,0.02800262944889923,0.24759598788458095,-1.0013826648641415,0.007542991884986726,0.015059497542043662,-1.1023379667273256,0.031981848358762034,0.2466205786511911,-1.2698028515819715,-0.0029805266069804614,0.2542929650335001,-1.1075205161826833,-0.018042813816363943,0.1988882927134859,-0.998358569021921,-0.02133473399118292,0.11429809105332385,-0.9930736893511665,-0.027213854927756187,0.349830417440225,-1.1215543317983079,-0.03966147551284472,0.3306485590697835,-0.9614346146139464,-0.033510075142316846,0.2543819090288595,-0.8737801584514517,-0.030202200731290135,0.22067094490141062,-0.8405070724550031,-0.08465866852134454,0.42427297189738983,-0.9342900376221632,-0.08119845148950362,0.3892394492302486,-0.7816210905106031,-0.04524662483181255,0.3176481596410441,-0.6984959362656423,-0.026572136736738923,0.31607780729488216,-0.6620663795843814,-0.14013544050983776,0.46931968462404183,-0.7600603521037423,-0.11367241733366565,0.42554734004494765,-0.6293332044627735,-0.062248067821868085,0.3624310150971816,-0.5448483077335721,-0.028833945447744494
SORRY,0.0,0.0,0.0,-0.03797605783667517,-0.4775063102725422,0.05019966393427509,0.011332038980494126,-0.8873937166002294,0.04220553918497757,0.1257890965695085,-1.1195965991196482,0.014903346904429455,0.25449074397061067,-1.1889201840104253,-0.0027077663342118057,0.019049128019033388,-1.1285315006796675,0.006118599065473904,0.25718712265591054,-1.334560875527791,-0.03415503389911439,0.26362513970718016,-1.1611686838172226,-0.04912928739319523,0.20335737165706438,-1.0483704427573353,-0.05179132289139957,0.12567203005111496,-0.9908741042563662,-0.04873448857816772,0.36570072914259455,-1.1701712594467792,-0.06291697199631496,0.3514615917436922,-0.9951750960691259,-0.05173467893346284,0.2735591158008868,-0.8905817746627821,-0.04575743088763735,0.23977981246607302,-0.8056601185691754,-0.10157065253637627,0.44909346443296294,-0.9594572994817901,-0.10180370310878092,0.41897722056821096,-0.8054221367701397,-0.059610875201988246,0.3421549638964999,-0.7102909973518673,-0.03709946982160183,0.34031717992281507,-0.5963156765042971,-0.1523354056364399,0.50020470636358,-0.7456438029859652,-0.13335534485869502,0.4608799780889739,-0.6257792344377316,-0.08119827695817089,0.39495773683535673,-0.5361691444650107,-0.04649055494766768
SORRY,0.0,0.0,0.0,-0.03833054492695621,-0.5020559530956988,0.027245737029924805,0.016373189286756934,-0.9860216940253861,0.006178788489626058,0.13041899454015984,-1.3125976294433839,-0.030151749278842472,0.26303246726387475,-1.4725406158434686,-0.05323443314820079,0.03488532245320369,-1.1619019778177384,-0.03108883335407312,0.2983327252704866,-1.4682941625957109,-0.0953978273703462,0.2945920183874889,-1.2681184940431978,-0.12157058376331575,0.22283017180601428,-1.1269454038048587,-0.12559839251912616,0.150088965551344,-0.9853685547283547,-0.08075960482989465,0.4189780316027169,-1.233636930428159,-0.11580228539214416,0.3879294659291332,-1.041592322215159,-0.10735157536257645,0.29075107033965264,-0.9221733111085314,-0.09832484973706065,0.2720988789603131,-0.766339164649771,-0.1304803795544549,0.4974106308226951,-0.9886845464321063,-0.14484520916188437,0.4584238031475454,-0.8271502751992543,-0.09602589546140694,0.36773733275267534,-0.7170379751667963,-0.0655663066624348,0.38127966963171084,-0.5351606851017016,-0.1799595451299663,0.5473219991034847,-0.7532386572951979,-0.17278880912049993,0.5070288928342722,-0.6290625567631334,-0.11730489870671153,0.4365876450132658,-0.5237101403349231,-0.0776517685327888
SORRY,0.0,0.0,0.0,-0.04156230574086782,-0.6120014211402078,-0.012278083747432082,0.04549351221920329,-1.229565625086436,-0.06472840584157741,0.19583768203823423,-1.6529609818362359,-0.12137068224256926,0.36842561802622903,-1.8314864519641456,-0.15439778265730944,0.0990677896173699,-1.2182295055457564,-0.14012871945814234,0.45667024252989197,-1.7375949963784212,-0.23736684796581115,0.4043562560338058,-1.51986230519294,-0.25968740566533316,0.2899028662770126,-1.344039377054435,-0.2520614597172534,0.2486009368964577,-0.9522721664082722,-0.1771307292885667,0.5819649934189165,-1.4653522325563777,-0.2507599840768165,0.516101904938759,-1.2740366943599846,-0.23993178256512515,0.3896971969197482,-1.0755865839478949,-0.22089498342885514,0.4075739186428644,-0.6830230808720229,-0.212395845210874,0.6622224322674558,-1.1640634243070116,-0.24431412574678568,0.6072583256448567,-1.0013771550660255,-0.18276681063944622,0.49969386185368087,-0.8143714738286892,-0.13876703719986477,0.5522552275539911,-0.4366013338131261,-0.2505654328966118,0.7181535273030639,-0.8518171469976875,-0.2574981971866205,0.6676331483472366,-0.7514184485968213,-0.20365455372851282,0.5919628391209826,-0.5968450041864842,-0.16208642634481354
SORRY,0.0,0.0,0.0,-0.0578814441600903,-0.859950304138737,-0.10891462917223749,0.07654122377416304,-1.747186396370127,-0.2276161016142003,0.34345615456223355,-2.2887354697775817,-0.32283204516964076,0.6287225781892104,-2.342081124333516,-0.38378009977098543,0.1941803261400826,-1.255210077258465,-0.3409720800752391,0.6716352543207158,-2.064484538484017,-0.48201967726655237,0.5244391573857222,-1.945543647040149,-0.498270928816975,0.35813590373910004,-1.6723401477367712,-0.4825496204266955,0.4075015278578276,-0.8503693292042702,-0.3328881324742827,0.8664237242946227,-1.7591818829616586,-0.459730377838308,0.7032966674038648,-1.6561587047761843,-0.4448299883583653,0.5336883627633205,-1.3542652674588878,-0.42030997519907104,0.6134220406037569,-0.5057348206986763,-0.3203325965922209,0.987646660421851,-1.3966414523468906,-0.41516867604749913,0.8341403185576712,-1.3068372738918894,-0.34780921991886676,0.6908291166878598,-1.0410832354915547,-0.29065442484833787,0.7942846189056963,-0.2458370267812867,-0.3108365773944409,1.0581805069385244,-1.0133747573282632,-0.38066637323567487,0.9317172977560758,-0.9642849053638837,-0.3377174568497158,0.8144599411234676,-0.7165981579315989,-0.2952972041133584
SORRY,0.0,0.0,0.0,-0.00710677744393719,-1.0953810234920505,-0.24095245528276704,0.2042791426337931,-2.060363364486448,-0.46667698594009294,0.5915901729725902,-2.536511892993053,-0.6294119228254496,0.9181810302760804,-2.477995956842392,-0.7593244320841089,0.3848383134300035,-1.0541049998979126,-0.6847041625323163,0.9610107430040444,-2.149235018396973,-0.888621542234163,0.7399055283243229,-2.144861494689996,-0.9150333638996571,0.5286260470727341,-1.8408706185908095,-0.9089000251231554,0.6624506299968657,-0.4117705137221835,-0.6257828751617648,1.2428019749763557,-1.6280342709270021,-0.802548077687741,1.0156424563201405,-1.6764830004917173,-0.7658242004201955,0.801427964153681,-1.3558971993496403,-0.7417132247604626,0.8892654139475183,0.0547349748638453,-0.5533224102421007,1.3852314221063857,-1.1392385857799177,-0.6881310062133172,1.167748304793866,-1.1691717255136083,-0.5956058296664917,0.9946342915903706,-0.8639417108414312,-0.5356450261669402,1.0799744005678742,0.34489992403901637,-0.4889140127330528,1.4644584474571383,-0.6575234655300342,-0.6061535996092705,1.2807990472696584,-0.6862746577017956,-0.561133550589627,1.1218970003148416,-0.4034142715504813,-0.5167658861848738
SORRY,0.0,0.0,0.0,0.0676495137403199,-0.8590544560633989,-0.3526872185433436,0.37800232283803165,-1.5468003574256983,-0.6094147852901243,0.7781336838572177,-1.7668880170933292,-0.7849247930585016,1.095856936889199,-1.5914112497713366,-0.9279027325369027,0.5658394538287772,-0.46542723802313324,-0.7152953619284628,1.0999385849937364,-1.3382087278468429,-0.9306493525037774,0.9126077252653145,-1.5002365171277285,-1.0093317433807794,0.7282836708966778,-1.3211961772157526,-1.0601625749380976,0.777240495438455,0.12560773639952608,-0.6165386515111377,1.2752946866262633,-0.9076591204136374,-0.7764096645537838,1.062599112021991,-1.036008066497766,-0.7598834655093785,0.8547839399231761,-0.8029606494647968,-0.7725815619502775,0.9412920581850542,0.4862184609515152,-0.5191601695156794,1.382134973563121,-0.46423763171503063,-0.6293763906164422,1.1661801137596923,-0.6030910507005856,-0.5468039657987116,0.9721313229286226,-0.3844815457289102,-0.5208431361852288,1.0550535716796379,0.7030061763289739,-0.45007393892317105,1.4090985088243926,-0.07041892247191708,-0.5686967140003246,1.2348913544089528,-0.24868018173669015,-0.5425054965334156,1.0520474221116434,-0.09542557503011359,-0.5186666042192981
SORRY,0.0,0.0,0.0,0.13996761266077437,-0.7023292064704076,-0.353739216748602,0.5021235158770648,-1.2910380139674913,-0.6370853404847239,0.9085943607923138,-1.458093229335655,-0.8430849927357713,1.081043644232079,-1.2633068318541878,-1.0111383868091088,0.5428149146285308,-0.2140815080176733,-0.6942443017190956,1.1152842502518094,-0.955146831739376,-0.9254363976973393,0.9413473711937134,-1.0711479291083057,-1.0223525363858608,0.7783949745382513,-0.8545043751081909,-1.0904140412518408,0.7049941978874816,0.37620625064900437,-0.6012088139054559,1.273015745328363,-0.5310948155108742,-0.7807430953124985,1.0642028619387656,-0.6821314485470934,-0.7707013987901116,0.8563962531287538,-0.4668186858609024,-0.786421030306915,0.8466103010180654,0.7571548088695531,-0.5123807946337635,1.3786609410279773,-0.04498920020790876,-0.6428444472725902,1.174100863077036,-0.2223512306805303,-0.5534398313032795,0.9737567756411079,-0.04388611601429766,-0.5168509956053233,0.9471600385822969,0.9821812573348362,-0.4528554945284017,1.3794013300479164,0.41557912972776095,-0.5837022950762577,1.2255504006265139,0.24737719766389013,-0.5512884165930038,1.0456085984674743,0.3727661005618835,-0.519652210761851
SORRY,0.0,0.0,0.0,0.22020031007080268,-0.7641553674803631,-0.30849476465297915,0.5866718410262108,-1.1747044820358779,-0.5126624471920687,0.9875887018744667,-1.1068058313032783,-0.6418872871224416,1.195022677822855,-0.8311956476851547,-0.7317314878715255,0.5991323485234482,-0.05190828718762485,-0.5880952508783982,1.1583787371918643,-0.6169126973157832,-0.7347611631888001,0.9807602872266046,-0.8412545166846777,-0.7721397944624169,0.7802048403730613,-0.7734162602856214,-0.8019061697379276,0.7208809000178014,0.4936954070290878,-0.4864109096925234,1.2633633636775594,-0.23998266677080973,-0.6230856556937975,1.0801783551397481,-0.46327336773888533,-0.5969604082068811,0.863920381564926,-0.31724757914591356,-0.5923878263219621,0.8189677226213504,0.7989322237147892,-0.38399444783566267,1.2908864749576796,0.13860371049623643,-0.48242624897609415,1.1387145991873038,-0.06812994818021263,-0.41209383510027825,0.9614713650815051,0.07524619965177087,-0.38337295641262353,0.8934095211497562,0.9470602491093987,-0.30570582339793373,1.2614307450041713,0.466465272515944,-0.4175812867332816,1.1548218964419052,0.27836519321635766,-0.4085271561776343,1.0181649394630778,0.36361372249156826,-0.39323413837488974
SORRY,0.0,0.0,0.0,0.28452192973414,-0.5737996944850182,-0.21875640919359504,0.6242484443824013,-0.7807564150108209,-0.343636155152374,0.9498458241802884,-0.6383150564017367,-0.4213912390238257,1.1318077617926903,-0.3616884277740482,-0.4631597892621902,0.6862669929153322,0.21300606066993827,-0.32628040020447024,1.0904791455114573,-0.14860446980642197,-0.40862991922298525,0.9248202923335898,-0.3362867339766722,-0.42540544820558585,0.7536010070510227,-0.2922429868852368,-0.4376493531434118,0.7053077573778207,0.6627491837646728,-0.2516038290684965,1.1145463356037055,0.18965019590131435,-0.3266327637619806,0.9711363855957382,-0.0014595493672058825,-0.3115754595479543,0.8121562007301694,0.07833085764745447,-0.3071677921405368,0.7099057478702966,0.9226063691361426,-0.18102058155724712,1.0830163794000627,0.531766927631264,-0.23410840670012878,0.9677386284663229,0.34485646168679046,-0.18427730998529734,0.8349872837038428,0.4217810681180887,-0.16020859846145374,0.7044478122099235,1.0596974133513963,-0.1290477175402673,1.0028057369636647,0.8331331230259809,-0.17884251610024476,0.9253419992352103,0.6801069566113243,-0.15381136296417763,0.8160387660412479,0.7021190929948309,-0.12738902879228411
SORRY,0.0,0.0,0.0,0.31989757783381273,-0.5205669283490683,-0.18934590093724346,0.7219869780817888,-0.6753209932916852,-0.2598752922474488,1.1055977165233735,-0.5374972013878337,-0.3005737375878408,1.3748225241254683,-0.3123596408059248,-0.3098865267016768,0.8584767029793363,0.17475590119177295,-0.12377097224514635,1.299987554042461,-0.07549856526913294,-0.21115604123175188,1.1435899735611499,-0.37886815315628736,-0.26744420994437806,0.9262528082068228,-0.39061459022468076,-0.29230125426935233,0.8704374618090517,0.4900507186327017,-0.04678587657603832,1.3045811455899408,0.18529892730087144,-0.15043640120102825,1.1525444972039791,-0.13910857636610818,-0.18199357930508608,0.9528986190569619,-0.1295913148365991,-0.1793343455193645,0.8680856529628869,0.6270928664658493,0.01222194941937837,1.2659023712525284,0.36419112387559216,-0.09218358351179788,1.1429745148133963,0.08175515615179069,-0.08641574402209483,0.9649017837966716,0.10162748245961313,-0.05528011343483849,0.8640891824723523,0.6864313417101655,0.059368302466196794,1.1971772905257123,0.48362565021574266,-0.023181982405886318,1.1111952966426077,0.2561443035273976,-0.017444024487789703,0.9409229608534648,0.2555746890066647,0.013156633294322581
SORRY,0.0,0.0,0.0,0.3424645517935879,-0.4879373661790122,-0.167402127678703,0.7462347328671004,-0.6350412982739673,-0.21864373842622742,1.1168104271318284,-0.5289063796218411,-0.24468312661599073,1.353794234549912,-0.29740425038310725,-0.24142229116766337,0.9010894426949684,0.19892511385936804,-0.05996191763834017,1.2989277959631387,-0.03727390032587054,-0.08968039096686568,1.1576185957442666,-0.36094119687388565,-0.11840820367935358,0.9650117690813805,-0.3842885256771504,-0.13587654092215853,0.8713838853615007,0.49015033196626445,0.021042252865502684,1.2720893786935452,0.21518339567488357,-0.029882496433562323,1.1545020922185119,-0.12175737761462144,-0.05519118423560037,0.9785756301139781,-0.1474267012512421,-0.06160444173593221,0.8228065875925479,0.6035599708331678,0.0876058222308254,1.2048573190858085,0.38668716469143066,0.012516532296236713,1.119236053533758,0.08667917114790757,0.005160135174416491,0.9534730416179952,0.05233502162525788,0.019312928473993542,0.7835388590671383,0.6490088906258001,0.14611334012434773,1.1111031343917295,0.4655777757637161,0.07946861040744872,1.0553245221024057,0.21633413788425476,0.08012902551746455,0.8974720532544403,0.18259882382697595,0.10068622951435961
SORRY,0.0,0.0,0.0,0.3320779526929553,-0.5405741399315755,-0.11935108443848032,0.7219697058086605,-0.7528166099286785,-0.16570421395351678,1.065633201373962,-0.6913803462463383,-0.19326005770272936,1.2671727138868223,-0.467543418372969,-0.19679558419666013,0.9141970014488358,0.08498177959168254,-0.06633507291368052,1.2019990824499196,-0.2348915327344656,-0.0619463294690396,1.0829560445469775,-0.46930462692521174,-0.05770604173421111,0.9358852248747949,-0.4645955237433433,-0.06271824731064901,0.8833570312207556,0.46825067535064124,-0.020534371831670308,1.1895438314173548,0.12361544435803375,-0.022101143142379234,1.0910290758747494,-0.13939500129685675,-0.023542727135669128,0.9473370426883374,-0.1564325643444246,-0.031713227625225306,0.8187529694787571,0.6993345108551737,0.021118906139680562,1.1039677182309895,0.38226348142795397,-0.0011499778951445758,1.021324641334383,0.13676705625236854,0.01150501853538187,0.8893003671675817,0.10508214176384804,0.017275494723035655,0.7415143660697977,0.8349812482815655,0.05504961226679583,0.9940665215702568,0.6372434896626914,0.031767810608617573,0.9508386581170091,0.43600312505915456,0.0567126822580885,0.845260247801601,0.3824031498227044,0.08216623342920368
SORRY,0.0,0.0,0.0,0.313166191048811,-0.506054949224745,-0.10479387645246785,0.7000925062736968,-0.719233123717048,-0.16791780923203528,1.0126888207162077,-0.7169355259710124,-0.2088968275351795,1.1304687467478232,-0.5307107058246232,-0.23879479875617662,0.895836074877382,0.12926701019575149,-0.17572764869649538,1.1133543572379836,-0.3343927377844291,-0.16746367467754544,1.011588868409444,-0.5139509062031482,-0.15248844251799182,0.8982928762467649,-0.5139391468446055,-0.1537090271867288,0.8526566148746235,0.5026845361531984,-0.14242525837431974,1.0730260893988095,0.024276743428386538,-0.12716756133438645,0.9953491942619732,-0.20844910322605342,-0.119925789344143,0.880519962658534,-0.2404852141605395,-0.13636384613164435,0.7676997722338134,0.73919780082443,-0.09962118621196378,0.9990226369575048,0.3596328440472754,-0.09518567489394973,0.9292163709499031,0.1411312983992956,-0.08347387673766184,0.8126169036027664,0.08158642956926355,-0.09270300152238846,0.6602129031912287,0.8902205288902211,-0.06386489195850771,0.8852825028683282,0.6732856916265458,-0.059398865670429124,0.861949221821483,0.49505090332690155,-0.027134645087673454,0.7973315466293378,0.4201826857496876,-0.006311665544734916
SORRY,0.0,0.0,0.0,0.329499217251827,-0.47744189930034703,-0.0927843831299194,0.699035704044598,-0.6759799843905145,-0.15386642616797233,0.9928355669028618,-0.6679944831269444,-0.1970796713238158,1.1623798326829955,-0.55778313580033,-0.23567495203451497,0.9145943457868575,0.1611868395457509,-0.15809008494379356,1.109760613519682,-0.28008853131232914,-0.15827925074640276,1.0705406717804506,-0.473036856231405,-0.15463893587678448,1.0005652563572387,-0.5194186214939678,-0.1598605130051234,0.8370770176628253,0.5309011246172519,-0.13208354318705745,1.0479856901358515,0.09441360740782836,-0.10293291016076656,1.0214347828902042,-0.13475295259579828,-0.09328604244744883,0.942427940614771,-0.2376237709862762,-0.11179979848312203,0.7305658702287592,0.7667206059280491,-0.09744533722584396,0.9420714369232359,0.39965333808784403,-0.08256096792897741,0.9077890259550613,0.17488365694648303,-0.06964746788912468,0.8155461903890735,0.04619580277715639,-0.08212968237212195,0.607027816204075,0.9184859509692631,-0.07053645928277442,0.7956209904283422,0.6508061066709491,-0.06621545368151337,0.7940652554894552,0.4554311981008395,-0.036512021654206306,0.7510371649027324,0.3484619479588212,-0.018563661735319446
SORRY,0.0,0.0,0.0,0.3008283251344358,-0.5629471195594349,-0.12204010255864932,0.6704779193591008,-0.8486490140427742,-0.20159385346106096,0.9882371020155079,-0.9156648830006018,-0.2568006688894458,1.1996217195662073,-0.8289365750769196,-0.3016035467034284,0.9827518000498934,-0.08674582663116644,-0.1873376706871275,1.1576760942798245,-0.5863764442965246,-0.22062391443886695,1.0436137363731255,-0.724029688353779,-0.24006806778194661,0.9127869486655553,-0.7178640765808607,-0.25599727191341165,0.9295192608360388,0.3348039117770256,-0.1545971681293865,1.1061808268914883,-0.170361644191819,-0.15845262201051427,1.0038550297376896,-0.34113400474799027,-0.16209877904172423,0.8698301046527224,-0.36850114562292174,-0.18417216798530445,0.8315838464300905,0.6156200333953215,-0.11871483289430092,1.010511165320166,0.1647741497658799,-0.13183974361171977,0.9138838144063729,0.00428624376447236,-0.12155839893167872,0.7806890814038523,-0.04198650227051263,-0.1313580551919605,0.7182991244833854,0.8110275897204128,-0.09226175947606015,0.882554525855427,0.45933953697470725,-0.10712356183871348,0.8176808055183086,0.2991844864154999,-0.08042872417430594,0.7250963829872626,0.26324193822704295,-0.06068006543279994
SORRY,0.0,0.0,0.0,0.30879236408883143,-0.6383339463682963,-0.08437774337959704,0.6808908292668905,-0.9429069972207809,-0.13738435842210414,0.9859627104288174,-0.9967748815073684,-0.1733043619448999,1.192332765352789,-0.8647334372568976,-0.19698735905984993,1.0078446690126526,-0.23049144319487774,-0.1298984966343758,1.1720322049839944,-0.706571424075628,-0.13709646965309089,1.0187610444885338,-0.8056157740270301,-0.1400864664879464,0.8777232872685459,-0.7352015822421318,-0.1497327151885554,0.9726776146247331,0.20355364162946066,-0.11164306063219619,1.1175767236791276,-0.32048737797809757,-0.10171802144871232,0.989400490685187,-0.48110880790746874,-0.10123352075148967,0.8510180158860603,-0.4385924489411696,-0.11998037727415217,0.8755697297237194,0.4990850313024788,-0.087364755192654,1.0282957468442575,0.034844792640620105,-0.0937021524572015,0.9196993271375767,-0.12698946069101222,-0.0799552602126046,0.7798425530873323,-0.11684593449533079,-0.08570456295523973,0.7605685990033475,0.705162735000607,-0.06893896188581111,0.9112703492201912,0.3597155092953067,-0.08048617950638108,0.8295055969705355,0.20136245471893155,-0.047584164935735834,0.7164901389326246,0.1873614361109668,-0.021298211852121187
SORRY,0.0,0.0,0.0,0.3055243981718898,-0.6366611760226875,-0.0689752258164151,0.6736531845307455,-0.9326507577282092,-0.11067397762821787,0.9747040300773651,-0.9670281085108994,-0.1372140224359727,1.1689425869084304,-0.8410166275211006,-0.15110836698486368,1.0164352817443663,-0.2366955285776749,-0.10231706270681079,1.1773620664348572,-0.6859556889591906,-0.10171375801498403,1.0198038246235832,-0.772880618753213,-0.1035117019339119,0.8687028954999502,-0.6883121668373496,-0.11268237479589455,0.9796225908756422,0.18041983257264949,-0.08825113857934729,1.1206657719878337,-0.31519722350203855,-0.0675241670592454,0.9936976173096508,-0.4573012890773056,-0.06498446217077038,0.8547245691541688,-0.39322386750753824,-0.083931503684011,0.8790141291795603,0.46306855744604325,-0.06830475769104034,1.031232272914751,0.03148667532976115,-0.06390262993372806,0.9268468747629584,-0.11594528345608479,-0.048385489354017694,0.7900134334139802,-0.08489892212029043,-0.055392780126123586,0.7595538444582055,0.6622726168657874,-0.05344826780132155,0.9181053745543768,0.3332153603297795,-0.05669672771296762,0.8386648438219817,0.17963496583713512,-0.02170764288647894,0.7251858820335957,0.17629364919635096,0.0040095050008814945
SORRY,0.0,0.0,0.0,0.29963574131145354,-0.6594555301640084,-0.09044553779976479,0.6707606118294897,-0.9787616595540554,-0.14943241229622686,0.9827958106001796,-1.0330330510132522,-0.19016532231108405,1.1975564190462578,-0.9308919408451913,-0.21741504015132446,1.0149025452097091,-0.2581591824902224,-0.13608177544375508,1.1826390459751144,-0.74849629051054,-0.1589433342513244,1.0131318697681277,-0.8297827788110864,-0.17689607492890463,0.8596950865913057,-0.7338891639911268,-0.19561714580297834,0.9776483662876337,0.17356781171484403,-0.11865027025523814,1.124744958500289,-0.36155357522243664,-0.11844459446745462,0.9839828820100005,-0.4956633224495617,-0.12124061170683412,0.840810719502004,-0.4167017915397242,-0.1423934867439935,0.8765042069290958,0.4639235868097617,-0.0974651911767192,1.0341747204886735,0.005558899343041626,-0.10830819140340872,0.9177168670066297,-0.13386287420882764,-0.08808230947509507,0.777419214470303,-0.08806178113604193,-0.08998987795618675,0.7563423122989577,0.6713584039657501,-0.08382080883363617,0.9203605838117687,0.3345857720627532,-0.09880077952624736,0.8314238695649026,0.18831398165835586,-0.06261428502633673,0.7125436337079176,0.1957892209825107,-0.03413535636694711
SORRY,0.0,0.0,0.0,0.2918401524249507,-0.6499037591962277,-0.09957184435034128,0.6639178082972761,-0.9610276792729329,-0.15851032192718575,0.9893696861598763,-1.0225706987374121,-0.19660389564745037,1.2141837554455093,-0.9423529320636356,-0.22287026652942118,1.0075406757192398,-0.2504831531195699,-0.1417363405591657,1.1917308258617092,-0.701900759163735,-0.1517463798270858,1.062188982273432,-0.8140469864411474,-0.1519845133990111,0.9206781952674196,-0.7722388608820946,-0.15776583144273232,0.974940224966905,0.1893235909707119,-0.11682523547348425,1.1501257071168087,-0.30761735330076717,-0.1040480021569375,1.042410855435362,-0.47533481625967566,-0.10235029452766062,0.9085457185827281,-0.4421704576902508,-0.12268196150264185,0.8738456510580949,0.4970180116731481,-0.08747309199642976,1.044384532795177,0.07008998227884002,-0.09266354038055635,0.9445813077875029,-0.10148085076351682,-0.07854188621362967,0.8065413733956794,-0.09747804510853962,-0.08584960285953758,0.7461007937136112,0.7285501027530467,-0.06553624086096267,0.9184319624626777,0.4145126589547098,-0.07918512293769676,0.8432696293691131,0.24849255852524224,-0.04868587494839592,0.7329852377344596,0.22779056271350642,-0.02570079774624033
SORRY,0.0,0.0,0.0,0.30987213570734357,-0.6176254116854832,-0.06756905886843086,0.6818741886637916,-0.8831960918776792,-0.1078871947723527,1.0058396227661388,-0.9322850556886829,-0.13801071676594134,1.2378609033673063,-0.9691416901936405,-0.1548932547607253,1.0042639392938641,-0.2495096667655688,-0.0888695386612179,1.248447644778447,-0.536882969583724,-0.08521569677844805,1.1994644822557494,-0.7138838016482207,-0.0649272074891279,1.1048120047048027,-0.7853128964159535,-0.05489230658662358,0.9749503698525236,0.2092919520481692,-0.07529047172314787,1.2141207946492396,-0.14357612684897197,-0.061525687951959715,1.1680575587529216,-0.37269637391095756,-0.05139543230994922,1.0785515581545844,-0.45890175217588497,-0.0604327376178065,0.87728066627613,0.546153807471556,-0.05786952502390721,1.1073540695872315,0.22272966031741825,-0.05892609878509297,1.06062579702156,0.005613136206388606,-0.03654299343510169,0.9570104389041012,-0.08810224421956026,-0.034396089279588926,0.7447957262664728,0.7902572173355492,-0.04519287237361445,0.9425751756308222,0.5626503065580865,-0.0464984068393009,0.9352399345263779,0.3682243801713002,-0.013160777722437067,0.876705371770965,0.2644021427490283,0.011383040895482014
SORRY,0.0,0.0,0.0,0.3107006967172156,-0.6122271602636473,-0.08725474353378493,0.677202546699106,-0.8752442444251569,-0.13745414849382806,1.0219521145292492,-0.9072264782994003,-0.17117502494486084,1.2655776746288183,-0.9658782664357188,-0.18549211215359285,0.998400046507055,-0.24943980341481112,-0.1261717195141813,1.3298236023970882,-0.41157538346140743,-0.12094128204501232,1.294762838687086,-0.5795573458566466,-0.07721482602014744,1.2099167644189834,-0.6419382357775651,-0.04860745315219917,0.96733523594989,0.23516228130401576,-0.09466384072950736,1.3046032263683598,0.010868836750100704,-0.08769854219387109,1.2785706093136833,-0.2019889553737353,-0.052471205617219255,1.189733451443259,-0.2878634787106644,-0.03703409896395525,0.8772563426980697,0.5959735745537521,-0.06094017569993731,1.1864650091374043,0.3697985356807336,-0.06824076941890485,1.194832844742858,0.1610584354726168,-0.03624326113425605,1.1280907853804565,0.038013659142466905,-0.020829718540282382,0.7561691256750617,0.8645877200775223,-0.032342960410016997,1.0120893269156048,0.7239794489488673,-0.04279588428540419,1.0573313468429506,0.5395403536321943,-0.019850752474230824,1.0406200233846192,0.40559557542864594,0.0010228239235693995
SORRY,0.0,0.0,0.0,0.3046103708716473,-0.5537564040951687,-0.08799187448621651,0.6760553638210113,-0.797474366761558,-0.1394013123241248,1.0199470857665576,-0.8581051932800708,-0.17945722957317864,1.2677170590057838,-0.9565952083686846,-0.19581568446636974,0.9888399118462718,-0.19932123638503046,-0.11610903223375793,1.3968532228196535,-0.2586892547606359,-0.13667290132786045,1.372839823530716,-0.412338929977182,-0.10098628615942536,1.2806418001255726,-0.453082532702273,-0.06960720289899369,0.9563757202867031,0.2764547604282364,-0.09443647114677806,1.4001655886230733,0.219859908823603,-0.12677327004460878,1.3934957567254156,0.011775184818269105,-0.08847674176206931,1.3100491941963575,-0.06138650694688762,-0.05146356731047661,0.8588047489020941,0.6499122285767734,-0.07640085701869967,1.2924961610099446,0.645685830212773,-0.11899787811871383,1.3298702708965795,0.4426232741472082,-0.07400426201623572,1.2734668449707518,0.3266153038761512,-0.02952403168513688,0.727678158920118,0.9352236838930041,-0.06305650310633555,1.0688037296954862,0.9743867719820911,-0.08912139404395084,1.1461838019951645,0.7899897229431195,-0.05571598838568085,1.1196087061877575,0.647960889327376,-0.016184224993934675
SORRY,0.0,0.0,0.0,0.3072455880902933,-0.5413034467979839,-0.07511108831977113,0.6790851674584975,-0.7448977417057507,-0.1161204059238393,1.0174187673379798,-0.759805679624225,-0.13801748175128903,1.2584536703270222,-0.7463861104568632,-0.13525157754317438,0.9628957681458375,-0.08561303184861023,-0.17729136379134,1.3527594627770037,-0.05450784268754829,-0.16859478248776896,1.4271991194390552,-0.17484543699422295,-0.08619369025303596,1.4072511385263187,-0.250440019306323,-0.021889977614147876,0.9086263877972319,0.3889583460900957,-0.15201806604943918,1.3606822729450094,0.484553451864191,-0.1817621537338999,1.469668655744558,0.3126503976284469,-0.12166032149122367,1.4573767305189758,0.17082290067502506,-0.06582458349195638,0.798492152383112,0.7362938992646632,-0.12087298054763916,1.2334525107827083,0.8685172244738056,-0.16308191970228197,1.3605721356782943,0.6976084369394157,-0.11127388465359624,1.3678937378307454,0.5288144870126823,-0.056149322215323136,0.654082997480544,0.9770761938438087,-0.09102922305744851,0.9933805510521928,1.1898977687482886,-0.10822372493823233,1.1332417441429774,1.0691893452958854,-0.07271999973385382,1.1681017047087465,0.9030154497966024,-0.031418806926672226
SORRY,0.0,0.0,0.0,0.3343441168342538,-0.4980356931673765,-0.026058229544890187,0.7083198070800799,-0.559818911080329,-0.03390560829549567,1.0252477760403582,-0.4373975901661897,-0.035264650322244594,1.2474805311532082,-0.4151546897206842,-0.01625665388983713,0.9041531006795241,0.06286357054179058,-0.1025879488356923,1.3163925064217543,0.1872532723582452,-0.1111824281338991,1.3658345844501505,0.006390859828903177,-0.05599719359877023,1.2813541488644882,-0.12998477056271687,-0.005016542288084153,0.8527004481402386,0.5123736701088678,-0.1018585682238139,1.3069538943084087,0.6479682281185123,-0.12309219509911115,1.3915295108250405,0.44172881314865226,-0.076076717189109,1.3349900753358035,0.29383629010973655,-0.03393287238868129,0.7579846281118787,0.8543656238088474,-0.09714545628700447,1.1914307377727724,0.998066260898266,-0.1262559261452027,1.2974416886917364,0.8083255281275734,-0.08977966652277891,1.2705859474577044,0.6374757570375263,-0.05434319877647422,0.6350138090395656,1.0992759716601868,-0.09176055832065981,0.9452329942365688,1.2865586814197627,-0.10470809334064946,1.0539394298707174,1.1480105708099342,-0.07965725577367802,1.0513116511785936,0.9805382508992336,-0.051274878641049966
SORRY,0.0,0.0,0.0,0.35173910423705274,-0.3978910167866451,-0.05618813536935879,0.737144015732152,-0.350942034629498,-0.06087879977085843,1.0294134203167098,-0.1627001030319181,-0.05716613100116247,1.245270945947746,-0.04760661402938517,-0.03489505139462233,0.8709221612671154,0.3092699301719936,0.0005373242606480823,1.239680580573668,0.6112623972645888,-0.016062052017186076,1.3462624342012337,0.5165634076623052,-0.027543330458785636,1.3356889003997758,0.38274669424310537,-0.02367852251112783,0.7450761439234628,0.6664896296510666,0.025556081932241455,1.1000351720342105,0.9296442373174871,0.03775198552753488,1.21028493034468,0.8331988148033653,0.03336568060431158,1.2192129010853798,0.7218335546103626,0.03087917812657043,0.610385225128235,0.8910704195603164,0.04355959656203888,0.9287294862170056,1.121362223096897,0.05255282444100067,1.0464752589508806,1.067386963567943,0.06155589902838783,1.078452979583498,0.9817247259183085,0.06723734935262737,0.48513058200954234,1.0297150409498415,0.05749982775097056,0.7396430168466567,1.2498209673675464,0.0687935387585682,0.858285740119058,1.247750168660078,0.09190155767751132,0.9059299331125711,1.213130053497205,0.11314314441018478
SORRY,0.0,0.0,0.0,0.33548884532101303,-0.34928678532044405,-0.08648906376571962,0.7120807907070167,-0.3232502213274768,-0.12876160495130362,0.978078762273801,-0.15370470547748724,-0.16306433936264367,1.1607879200869253,0.013184197918014812,-0.18180386056001668,0.8196158426690979,0.3573359099384436,-0.0822071008297463,1.1097592303798922,0.5843901355576282,-0.13016558890529298,1.1577740255595241,0.40750908038047234,-0.15936293685324127,1.1122817397001628,0.21582088570477834,-0.16970915883985885,0.6780068483559814,0.7318595347215247,-0.06847141753741266,0.9678252562086732,0.9830983306844907,-0.08290457324969706,1.017805592216828,0.8464149347026126,-0.09827269607492044,0.9882960507041402,0.7029656930002416,-0.11400281171271755,0.5143667646865088,0.9745764191042519,-0.0613836929408501,0.779287016904586,1.2293665009864811,-0.07793397817794012,0.8252765611010439,1.140862347823275,-0.06422266684550322,0.8056143008308557,1.0349737299615798,-0.058764976704520216,0.3515714328771035,1.1165847862550364,-0.06117106345890809,0.5656147179122617,1.3821109497145756,-0.06757347867355434,0.6273364195768562,1.366327891786736,-0.03684898693034366,0.634129673237189,1.3085911088038729,-0.012658109472058055
SORRY,0.0,0.0,0.0,0.23337435427751385,-0.5700699285748649,0.047395586859324455,0.5179424006047808,-0.9263868814300646,0.0576009339007296,0.7273154988941057,-0.9658097143870904,0.03786202633578447,0.8642380836890111,-0.8656580259788293,0.025064006925705713,0.806285151453006,-0.7317494974789436,0.1232191436503255,0.9356937519616662,-0.9275224416535229,0.07349761619188236,0.7863597104089801,-0.9206893998929562,0.008970531967875941,0.6577511189658933,-0.8622395370565643,-0.02720290223636959,0.873520353695841,-0.48203842671108854,0.06783175401676936,0.9698461684916188,-0.660414863788165,0.04821482661637154,0.8419431200989822,-0.6673905885924072,0.007306423703951325,0.7146304843008646,-0.5728015708455062,-0.016095381879739017,0.8879618457577761,-0.22023669002847485,0.0066163655306952385,0.9694692884521174,-0.4029890684519281,-0.008471874327485975,0.8570950753163219,-0.43575499940575185,-0.006539104789584233,0.7401776372657025,-0.3643947811692108,-0.00043628288028048194,0.8599339758749676,0.01602379781524614,-0.054898042333978,0.9299342771021331,-0.16914140007780817,-0.04529280203138469,0.8276384069547772,-0.2336597203648647,0.0002258646582869841,0.7220814912436947,-0.19554268326271693,0.04318203203943237
SORRY,0.0,0.0,0.0,0.1187209376681846,-0.650732966632161,0.0298544467947881,0.3270542226176891,-1.0558626484720497,0.023075288855028662,0.5098794806204302,-1.1648358645005776,-0.0029802982599147067,0.6345367827520407,-1.0891740134058108,-0.024108042542584907,0.5801083315783473,-1.0492450748726574,0.05274952832898486,0.6810789281593559,-1.2418609278173187,0.0013204225076561035,0.5824179322502888,-1.145849740173155,-0.05212332650531937,0.4878592762078155,-1.0114181190754836,-0.0819330616174841,0.6706416609082929,-0.7417228172362098,0.009328721527972903,0.7413699064425769,-0.9033261875934854,-0.002367445392559967,0.6415727680235241,-0.8515082441576206,-0.02435801740314627,0.5491982685463691,-0.7373918197575433,-0.0430723704602628,0.7121517509499274,-0.40749565296480633,-0.03630096904024883,0.7617720406697613,-0.5712875466126307,-0.04559217560853693,0.6636977738416721,-0.5463317119200217,-0.032821486082907546,0.5667898196251614,-0.45510605815352306,-0.026707174464969174,0.7156760951860045,-0.09679044961030672,-0.0827828920963375,0.7497214669335196,-0.24197056637547337,-0.07307406160326549,0.6625314612300935,-0.24455725561204444,-0.030567787557472286,0.5812301829875784,-0.18170420054355185,0.005405790722926633
SORRY,0.0,0.0,0.0,0.046404596608569555,-0.5265920795451557,0.04644323745849498,0.19984995498550318,-0.8692273848601741,0.05298100835593384,0.3565559597095122,-0.9669937485995185,0.04075623743191366,0.4648575047320787,-0.9118499610643531,0.034600769084713975,0.42480227582845054,-1.0694544550040006,0.05585251282354773,0.5398958459994402,-1.1664000580668892,0.03967520142457142,0.49492593378358374,-1.0620320382284765,0.02365628559680192,0.42507564314845786,-0.9649125340270771,0.01618123712090966,0.5328686590841674,-0.8461070967518916,0.012400523856942323,0.6074702713559508,-0.8929059351460621,0.03198659116270111,0.5449745497036727,-0.811386153528792,0.03221212434792929,0.47300714445046593,-0.7309838843413831,0.02408803304934964,0.6007395068358667,-0.5768188782605748,-0.029366684613453754,0.6433848087570102,-0.6055300221003326,-0.007355537961446114,0.5716650808828944,-0.5376934276031883,0.012452763157872188,0.4932495004596834,-0.465913756533601,0.01533073771326995,0.6308250625146493,-0.31268215163942015,-0.07180845087590086,0.6523308366438043,-0.3140038661637447,-0.037425851173531664,0.583354662716268,-0.27314335641985393,0.004154599287256851,0.511201499428743,-0.22653916873185737,0.03248954174475978
SORRY,0.0,0.0,0.0,-0.02236300056629642,-0.500659922183852,0.002288688731619741,0.04668399995057904,-0.8843851253174531,-0.03372770988697475,0.16286756855914739,-1.0249920375579833,-0.0826985839340451,0.271020087028725,-0.9973844420119883,-0.12313298286801005,0.2891084156231455,-1.1276780586882151,-0.028068566421818923,0.4584990998096056,-1.0834891301214253,-0.08065507817938687,0.4176928520651936,-0.8983565235327511,-0.11746752846766546,0.3341630450739745,-0.78069412749212,-0.1413395100703438,0.4208583252181847,-0.9045654078919599,-0.06811529152691699,0.5119791333813087,-0.7936176708412707,-0.09609318076721034,0.44786406147278157,-0.6603119408938961,-0.11532858846255518,0.35891345212741904,-0.5829018191469361,-0.13315391659633966,0.5082202513793883,-0.6232874226440057,-0.10941609554846032,0.5322489280501161,-0.5071148083127119,-0.13218387622126038,0.4617403139654664,-0.38878482731703534,-0.12256891583320896,0.37813789576488466,-0.3188092170666297,-0.12070685496681735,0.5572528483776286,-0.3359470273729709,-0.15360286260160927,0.5426029109300106,-0.19530975613542265,-0.16190236099805919,0.4673025829861267,-0.1029010379441635,-0.13781967582812604,0.3917894290837661,-0.04852619640880584,-0.11600220805070638
SORRY,0.0,0.0,0.0,-0.013754673093285569,-0.5242719509857566,0.02144095352593868,0.06736319278265877,-0.9087269881973996,0.008714717584956214,0.23055835430598726,-1.0871409748587315,-0.01760798326978318,0.37393973571156564,-1.0832017013820348,-0.037130069699683806,0.20460495557456096,-1.094374209225867,0.008538516285111316,0.48314028787907376,-1.1696269278149933,-0.024736679085070695,0.5541557791177919,-1.0595325140263505,-0.042068852432719545,0.5637323886800142,-0.9735043561129135,-0.05078475612888145,0.3267989803555347,-0.9448312515004638,-0.022278523888496084,0.5613249701753271,-1.0007977848556895,-0.030960337864652025,0.5718854069602656,-0.8800008191284239,-0.028330259261178468,0.5310245555627494,-0.7987390082899495,-0.0318802456710751,0.4294591857721536,-0.752172202975193,-0.054779271725235446,0.6212463303824381,-0.7850581374867747,-0.05447359358032877,0.6085822233612024,-0.7022821598284661,-0.029608001912302073,0.5465388948293368,-0.6428316704309872,-0.019766702638086258,0.5106783010708945,-0.5485669329666777,-0.08757492137171326,0.6370882054324096,-0.5868065831926984,-0.06606117259425305,0.6165193241976586,-0.54394605569495,-0.02949512319656805,0.5606448912210008,-0.5078122104822134,-0.005874144632790278
SORRY,0.0,0.0,0.0,-0.026194994735979103,-0.49160448627804143,0.022140323288298555,0.01882257111620064,-0.8787465550331915,0.01038689590553387,0.13148983483565,-1.1211782365340548,-0.010946759297825017,0.23732541146612185,-1.1816775097379106,-0.02143823494549571,0.12785434464161893,-1.101803461391294,-0.011052505137625693,0.2903946295330503,-1.2184593553664884,-0.0235934740478117,0.2750552367441298,-1.0369324259579935,-0.014342736876102652,0.21858811147223348,-0.8990113842698808,-0.0035308180018320105,0.25944474059392686,-0.9650967981002494,-0.03572949586541232,0.3915920451864398,-1.0218438478840122,-0.021241516395947974,0.358519787416799,-0.8664251718974201,-0.0024968105981952675,0.29774617642977985,-0.7511615495227383,0.00024050775337402676,0.3774252773484895,-0.7805592099974255,-0.0576219100831417,0.4605716785234281,-0.8021010478003293,-0.040837038534899506,0.4197179897852628,-0.6716715152648796,-0.014865955153165647,0.34866185760079405,-0.5587307958773253,-0.009554187341729435,0.47296304278716617,-0.5882631259175953,-0.07941811862731402,0.5201703122526546,-0.5930491881861366,-0.05321504702533142,0.47490134360883013,-0.49179825755253725,-0.019236233407798523,0.412604613954302,-0.3977159819602254,0.001879054385140828
SORRY,0.0,0.0,0.0,-0.04467701855336917,-0.48636854095961296,0.013560242113075105,0.0042730417163349965,-0.8918866963146777,0.0032635243374190192,0.11861977850978109,-1.16111817311212,-0.016473058847923428,0.23655567135382632,-1.238045214634289,-0.02454085943662077,0.10655360065129316,-1.1204809669744478,0.0027587209653455974,0.2973451181294531,-1.2903494458499343,-0.020912995680474403,0.26544684123263207,-1.1328558737064278,-0.025404335504669327,0.19721366331480475,-1.0139244399831215,-0.02196649180960989,0.23525403530710273,-0.9717670001982528,-0.018012112519457606,0.38145925077291964,-1.0867493380468884,-0.011132228803455333,0.34057769524248327,-0.9409186941053087,-0.0005186703483085297,0.2759377702513014,-0.8300004572946444,-0.0005758097451553079,0.3543572451903522,-0.7831313174224789,-0.03927690877254364,0.44822896604019286,-0.8816960097834046,-0.025008842935398793,0.4083072500406138,-0.7521454733479789,0.0008785207740784758,0.3413280088269705,-0.6396841774378602,0.00783968344161245,0.4535285678401399,-0.5973096032225355,-0.0613401409002394,0.5040810919119705,-0.6900783865139001,-0.0345155020563407,0.4595006425796937,-0.5930713849525943,0.0027803658794517644,0.4020472234418028,-0.49889473947130447,0.026905896994246933
SORRY,0.0,0.0,0.0,-0.051108678966651847,-0.4802324953977063,0.008107125712462533,-0.013785526371666043,-0.9309429689426728,-0.009381290263130419,0.08724569115548018,-1.256036353254777,-0.03872033785523326,0.21547881793535908,-1.3843369021102117,-0.05594246189659196,0.10842659550699787,-1.1298570066225966,0.0029111420930696577,0.29856417042860434,-1.3954450704046044,-0.04817631493633853,0.26503800947328826,-1.2480177024226158,-0.07685452644202977,0.19154123541767912,-1.1124984153237403,-0.08464875481115615,0.22717853104650593,-0.9735503648439995,-0.024281724478856355,0.3898021026733275,-1.1997200053752888,-0.04427271309306272,0.3460265659244758,-1.0621014816162357,-0.04700557616522919,0.2724294214486954,-0.931459769829512,-0.048184609224479584,0.34018189568240664,-0.77431233510869,-0.05476537370490567,0.46490663391526627,-0.9855847477148055,-0.061733433773196185,0.4228132932053941,-0.8648406576351204,-0.03414333515154941,0.35089102291423424,-0.7382372536046482,-0.01785497039037118,0.43543433965671474,-0.566722510167885,-0.08652620029970888,0.5216153111574908,-0.7570812661065861,-0.07750107096945696,0.4733255461190527,-0.6661679360717785,-0.037606577030187126,0.414990807054601,-0.5563733741087081,-0.006179988200869037
SORRY,0.0,0.0,0.0,-0.09277252660517471,-0.5312898722346289,0.015428930654775014,-0.08368237106069396,-1.0220999424780834,0.005103645210549253,0.005895683097341004,-1.36996902069342,-0.015512741316331043,0.12377225530750181,-1.4869148624178408,-0.02293478744052865,0.04624773155113354,-1.156908137976344,-0.00657035404659941,0.2297629934467032,-1.5001793568711175,-0.04143147576635408,0.1869123013660023,-1.3785992001020668,-0.04840578764629794,0.12051152854444935,-1.219893801968579,-0.042138300742486055,0.18619016102318356,-0.9820278105838646,-0.03089665318481231,0.33030883144180684,-1.3074924688129352,-0.03676135139330823,0.2831284673671559,-1.2054928399433071,-0.025033802528636625,0.23079770199760766,-1.0502203029917263,-0.01839622811025456,0.31765711015914855,-0.7823988016444762,-0.05559548053841522,0.41492890712675795,-1.099504003841883,-0.05006784670422409,0.3703996667075034,-1.0123963797503919,-0.019264270600914523,0.31423280814723986,-0.8681800713925287,-0.0035599796006558796,0.4312271518349843,-0.579963018958241,-0.07995183212117217,0.4909882277819374,-0.8621905544315027,-0.060534161253215875,0.44512977996257796,-0.8064304149493061,-0.01977757190133718,0.3991676710843503,-0.6871517238909068,0.009511653360961905
SORRY,0.0,0.0,0.0,-0.11855539055358925,-0.5776669446234575,0.008947725435686815,-0.12291726379039224,-1.1949143943235865,-0.007917714333090778,-0.03425635972733564,-1.6213011611553307,-0.03112055039203665,0.10660121295513669,-1.7833856126741376,-0.036505873867556125,0.006126666727446958,-1.1909869375886435,-0.056173717170159405,0.228245745658553,-1.7153566666699331,-0.10593158501768175,0.16182561011657098,-1.5857016142388094,-0.10690486589618504,0.08260657729081965,-1.390619593567441,-0.09217474259623937,0.17527858116203074,-0.9810646765224237,-0.08239854043475352,0.35622755985484533,-1.527829650070809,-0.11328263845448547,0.292372855328618,-1.4101280216969379,-0.09703653743594584,0.22730796363502334,-1.199924689763079,-0.0791725245903763,0.3395735457913431,-0.7786431645620406,-0.1066201686115207,0.47272653647335033,-1.3061476250357635,-0.12047607226557365,0.4139081245580192,-1.2021205088201827,-0.07835573302578838,0.3481552497487294,-1.0054319383101922,-0.04773406455955364,0.4848947197726325,-0.5914333888081605,-0.12951776602929857,0.5664798719667109,-1.0526209488843157,-0.1337199827243295,0.5055613407266895,-0.9840886373584417,-0.09401582624635325,0.45201960106508776,-0.81032279015562,-0.06085994279728224
SORRY,0.0,0.0,0.0,-0.20799143258247124,-0.5727783137088001,-0.006728208532499813,-0.23051360329485587,-1.3134177643988239,-0.04516225838647448,-0.14160128457063215,-1.8427228772581798,-0.0791110417811907,0.03132573533027126,-2.0824691716525225,-0.09551488536553232,-0.06034454245203276,-1.2107310830070868,-0.2302486527509266,0.23148287157754222,-2.047971783405459,-0.344802896687034,0.17514085454553935,-2.0017236973954122,-0.35081427667188675,0.10556013620820627,-1.778932379463181,-0.3210181756287696,0.17629879908869725,-0.9501756390409469,-0.25707000683279135,0.4180164866003681,-1.8414116021392297,-0.34756287816545245,0.32984891638713504,-1.7567751156081202,-0.2964416303368738,0.25466416463521535,-1.4916237369805727,-0.23633480005997345,0.3937096077249478,-0.7220406509770492,-0.2744111877940955,0.5751768420015493,-1.5574085279139596,-0.323721280424447,0.4798898543714198,-1.4503170772540104,-0.2244330119406495,0.40380453439999336,-1.193265336510031,-0.13951460001439916,0.5721157065776981,-0.5217590580935833,-0.28929607702637644,0.6944361690690072,-1.2272390112319862,-0.29728721983734147,0.6111089663506685,-1.169889393273349,-0.21453374665478195,0.5523091796670875,-0.93960877280145,-0.14362997648929884
SORRY,0.0,0.0,0.0,-0.23454054040491884,-0.6710149917712932,-0.06416831665646254,-0.2877549537645077,-1.5129719481325568,-0.14921504437926142,-0.17217297207198093,-2.1331644134925933,-0.2085059724185264,0.05687497986447539,-2.389054008326581,-0.2505413244383106,-0.06728348427569397,-1.1911202894837905,-0.40371353447021524,0.2418773218148869,-2.2069124257599757,-0.5256307999602269,0.22608518816619352,-2.448590954935348,-0.5205343478448502,0.21824360095734072,-2.44829885146504,-0.49123710148059974,0.2250894862574863,-0.8838100516088686,-0.4101396297012394,0.4676941688962542,-1.9985928083781848,-0.5360278216333394,0.3322671179045161,-1.976521609258633,-0.46083838161373103,0.24634522985576243,-1.7065044069004034,-0.38207657845607634,0.4765158096136192,-0.6702928470808106,-0.3990433925907078,0.6538944828171535,-1.7267743012863912,-0.46403695808137757,0.5173627706857203,-1.6586330528518576,-0.32839151772673214,0.43761388672872503,-1.385628744767506,-0.21761406579501746,0.6765267060622163,-0.5113155333658999,-0.3904203633971147,0.8081900270218562,-1.386739201610977,-0.39530893086267804,0.7033683489597478,-1.3789961413663152,-0.2927553471385626,0.648866130221144,-1.1468364760725542,-0.2108523630922175
SORRY,0.0,0.0,0.0,-0.37304001921471286,-0.6322062554702518,-0.1176214362954001,-0.5102873077639822,-1.5818304126809914,-0.2943883920132429,-0.37583295958150376,-2.2975026755369305,-0.44990455889768727,-0.14269191888157826,-2.7261510689435826,-0.5760755731598428,-0.35464463587488443,-1.1325670958453198,-0.5797822986394632,0.017654773127748886,-2.4850938976469137,-0.8427726509108153,-0.06848812024098096,-2.1933667715930794,-0.9149996120098141,-0.18710257207314687,-1.7410677164035642,-0.9184484123479209,0.014628960477778345,-0.7825776150869811,-0.6223811291163257,0.3039731540863543,-2.2116651884412235,-0.816016579968075,0.18016832264417074,-1.9381463843849915,-0.7435717783008968,0.09495386434542934,-1.5040984080713016,-0.691589769562989,0.36326778199367504,-0.5777966008999261,-0.6586270796367486,0.5698598553797536,-1.9037973408581494,-0.7572854266344807,0.4662507772568662,-1.6102102906016085,-0.5647762091342321,0.39754810910908694,-1.1815603701635913,-0.4415135692661239,0.6792449296411791,-0.45025130612889935,-0.7067697497649222,0.7987313163828244,-1.5345764270875832,-0.6896311609583115,0.7060618909596034,-1.285120583282795,-0.5144395289725029,0.654239791037461,-0.8547008334926125,-0.40956692783444526
SORRY,0.0,0.0,0.0,-0.37375221937727265,-0.5907355801982964,-0.44064202400019875,-0.5798077440772648,-1.1930588486046063,-0.8334232903097524,-0.501629839932858,-1.5819293933306275,-1.1404731938790367,-0.33206327869220775,-1.7926004548364443,-1.4287408255558753,-0.3536267307243219,-0.26808847648239786,-1.0754998297934402,-0.0012108714271500708,-1.0804366655197397,-1.4341131570036687,-0.06132682435425879,-0.8689566424942983,-1.5974751804874732,-0.14590786459467775,-0.5117092947991986,-1.6910578457729317,0.020500833086844406,0.08574306547411713,-0.9961063409926906,0.38243998620561476,-0.8589148934614995,-1.28851229501959,0.2376495854049948,-0.6174038879215167,-1.3156739921442127,0.08725901137265107,-0.27344270484533745,-1.3588395661115904,0.38044072007713553,0.3266045023362658,-0.9078460897731205,0.6554199376393025,-0.5197097871161647,-1.10122559879696,0.4679268234017999,-0.3433801704593301,-1.0104154905841238,0.3184386185221731,-0.023915781874666794,-0.9704604826477565,0.6849744555299973,0.442352841802055,-0.8623740863883967,0.8428213581452375,-0.12261765677650038,-1.0077881866657135,0.6825535696264594,0.01441391182212611,-0.9677098849384184,0.559829650955432,0.3381219205817697,-0.9385719522370536
SORRY,0.0,0.0,0.0,-0.3029883713049113,-0.34477750140978414,-0.4325598789178234,-0.4336290844821688,-0.6945952431949215,-0.7523936386043374,-0.2589788947315589,-0.9309570528740736,-0.9868011930938478,-0.016521910645002923,-1.074417302852049,-1.185365494468997,-0.22745684609698247,0.37096223054503913,-0.8553416597914578,0.09743184792949147,-0.3107137758257012,-1.1503151260006916,-0.02882745340583911,-0.5649501829546825,-1.2825517132021689,-0.15650680642671427,-0.4462505685335744,-1.363808074385752,0.09557661911450582,0.6521392007709361,-0.7520502461248753,0.36820027043558334,-0.287670944727154,-0.9846354121787502,0.19388959968379438,-0.3496884012141579,-1.0091417453109055,0.05024207533742184,-0.14474826649731176,-1.045470362390843,0.37159680772140674,0.7472435920716057,-0.655263627443515,0.5468054523331725,-0.2383935344816201,-0.7980794060282671,0.3811437586168231,-0.27681172595534254,-0.7256803477737455,0.26568776320230764,-0.05710790398024455,-0.7036516949544143,0.5992267815618356,0.7290106134563547,-0.602142166588935,0.7236268121893374,-0.009300395431986885,-0.7145351650832843,0.5890108974008852,-0.0772526979102848,-0.6907462679307804,0.4737462182476101,0.08363080481670607,-0.6715866432781967
SORRY,0.0,0.0,0.0,-0.27557912728781614,-0.39916642631806243,-0.5183717163693858,-0.34871400776130745,-0.8320275656195308,-0.8865831422796071,-0.22293610803041403,-1.18947435240171,-1.1534725619660215,-0.0798072475186297,-1.3773967095891113,-1.3834425641145012,0.07913993285679556,0.13941575334552725,-0.9627198668181978,0.33969746409451573,-1.1005609102979346,-1.2631441869813875,0.1307663886573849,-1.4103851292505292,-1.3710802871534025,-0.04476699118671242,-1.2518168214517995,-1.433962610646623,0.3857920684460687,0.4206031302562813,-0.8211318327422957,0.6023964829210892,-1.1529996813761303,-1.0721685338974836,0.30762270422710436,-1.3103004031466565,-1.071432227007177,0.1148334715328916,-1.040357590117089,-1.0826543781587752,0.6208598946627713,0.4782104716708795,-0.6885612680763641,0.769056760567761,-1.0683770101820924,-0.8691973930445289,0.46339390337319286,-1.1723393333980714,-0.7878927802960884,0.29067166449939214,-0.8922776601925609,-0.7527050871821392,0.7880487229411295,0.4303867739549011,-0.6047526661996394,0.8705306861195173,-0.7837532745921737,-0.7576778871979187,0.629553695023489,-0.9672835163534377,-0.736681252332837,0.4737185708747482,-0.7961765531564131,-0.7080509879398974
SORRY,0.0,0.0,0.0,-0.05677624160245224,-0.33045164927111165,-0.38961250410700765,0.08570056118552763,-0.6396648703216639,-0.6317897887567389,0.3651750262679687,-0.9000457023109427,-0.7818526496781562,0.592863503116849,-0.9871340721083155,-0.8892804558046187,0.5119301546304519,0.16738976971944755,-0.6559797040220311,0.6607061666371317,-0.7602769286649075,-0.8541933000386157,0.49760598717247834,-0.843856350551649,-0.916343850203629,0.40969980158598246,-0.6219950928172778,-0.9522494553970213,0.739842798617122,0.4055915726838725,-0.5367756603109046,0.8448115954403217,-0.7753986354874803,-0.6855954637622155,0.6075289903876383,-0.7690791498442567,-0.6671998184215813,0.48810873521917736,-0.5021681826903136,-0.6625262433773692,0.8721656185908385,0.4180041238964717,-0.42951872530360546,0.9476164471796297,-0.6891393461595215,-0.5402534543401063,0.7157814415156503,-0.6533773656398388,-0.47277516802510994,0.616419076073257,-0.39977449178162533,-0.43998695749586053,0.9253315301600409,0.3091095859918755,-0.3583028884723234,0.9775951408379381,-0.5162253772253915,-0.4747190294178172,0.7976677819546618,-0.5315611129734925,-0.46741476430228307,0.7029430853880532,-0.3772045783506755,-0.44386665419656773
SORRY,0.0,0.0,0.0,0.06628033427739154,-0.5033579512061866,-0.32368357500869543,0.33661481855101627,-0.8915334993081859,-0.4923138622272475,0.653089644880001,-1.150585022000756,-0.5851888730976562,0.872035176348057,-1.139613475035582,-0.6336707815463539,0.810873789084013,-0.15884251060317775,-0.446547273122797,0.9005478996127039,-1.0100727524888897,-0.5949218958754298,0.674116226755784,-1.085289910476096,-0.64953727310767,0.5705348492709343,-0.8625087705184977,-0.6803745236207464,0.9297499463331423,0.1421048061774175,-0.3396634530749483,0.9492416198708681,-0.8609461562537607,-0.4263733411405829,0.6956404070747348,-0.8740976055300964,-0.402140802591463,0.6057047525981873,-0.6562592028921624,-0.3957768551303534,0.9647026351952263,0.2566300247007616,-0.2510716918882054,0.9854499413300775,-0.6517242968132237,-0.31643151406786696,0.7568139849465181,-0.6658886747689704,-0.25656439185246244,0.6819248651311999,-0.4679143133233379,-0.2287946895927536,0.943960870245711,0.2834349546448696,-0.19347907040736936,0.9930856947230119,-0.3873698597541526,-0.25405037338174763,0.8416506406769275,-0.435203588048178,-0.2315722953234177,0.7814002242821131,-0.3418988928873749,-0.20306952887617144
SORRY,0.0,0.0,0.0,0.12927541308760773,-0.6435510315078856,-0.27323451597868054,0.4248642948258545,-1.0525961212583124,-0.4074926315841818,0.7546037388183043,-1.234857201186254,-0.4813036305466512,0.9991517040557245,-1.26311424802107,-0.5164864840055106,0.8513583606755061,-0.30528848867987507,-0.3474693514376163,1.0580111315151572,-1.1184454555531411,-0.4397755077979195,0.8304522945258028,-1.1851179065266553,-0.47319466229005414,0.6772274785551659,-1.0201620316513946,-0.49299761490420585,0.9688379630131001,-0.020017100136723014,-0.24688523067762347,1.0780490839410735,-0.9000078488525255,-0.3248387186599542,0.8516623651021672,-0.895379738140504,-0.3176884412583276,0.7284977702371196,-0.7065578695389875,-0.31387055173035866,1.0024068561476989,0.08668845362133218,-0.15720404485044032,1.0932130881402677,-0.6782207060141129,-0.221197062403928,0.9077264883207843,-0.6806867635834543,-0.18825824793859874,0.8141249520874001,-0.5080989508634229,-0.17081769163706642,0.9926095726935332,0.1053633248273456,-0.09151589566438874,1.0599053973650383,-0.4930403055991005,-0.16228836798162322,0.9069066641088137,-0.5167043613668522,-0.156831807480769,0.8087845710760895,-0.3961463026509748,-0.13728999720706228
SORRY,0.0,0.0,0.0,0.17156181367666423,-0.6372165243944785,-0.25831008148746043,0.5015167648307156,-0.9809692384571941,-0.3582221826092237,0.8189054005889226,-1.1455473673240941,-0.4029108847558304,1.0547851627836546,-1.1910060775135274,-0.41473722663056367,0.9083528961402999,-0.24623296699366415,-0.24135006891194863,1.0056999527401078,-1.0615437332317263,-0.3125172857091725,0.7868055316988263,-1.120902998275802,-0.3553140378450827,0.6524287044798037,-0.9531629891506103,-0.3841849868546196,0.9901444475552151,-0.011646327479338808,-0.13956480943211305,1.0481931152880677,-0.9045557616558624,-0.2207088037098482,0.8327689503430129,-0.917546607788597,-0.2379135896067208,0.7023958694198443,-0.7296449863792258,-0.24239753490270882,0.9947145774734093,0.05670620491837641,-0.052067807116915145,1.0570208876086822,-0.7251807321653893,-0.13265576924249484,0.8841371695067374,-0.7492751643026975,-0.1237409610538716,0.7796029000441284,-0.5952578799656055,-0.10928835723498036,0.9652842154203687,0.047643039041471706,0.01238675029123367,1.0091825438698518,-0.5615657638323056,-0.07314867653110908,0.8626145918578056,-0.6013616657177956,-0.0815635223618597,0.7619144619801864,-0.4843165885101705,-0.06541394798948919
SORRY,0.0,0.0,0.0,0.14870468473250112,-0.5838733326409847,-0.3114421757882902,0.44050375341341286,-0.9508876701490114,-0.453674816155173,0.7742654985279173,-1.167216735339198,-0.5255110782634601,1.0248108511040794,-1.2505558915708466,-0.5603173027412528,0.8942905384425497,-0.21255510465180044,-0.3465251620611222,1.0176680502152173,-1.0404396922927281,-0.42781918385931067,0.8201709355781921,-1.1171987145631677,-0.45716063368111953,0.7177461171605495,-0.9398440529053469,-0.4778398900911321,0.9737892371352713,0.04981852977440788,-0.2219293485112385,1.0701863582115827,-0.8643351742450748,-0.31028666252504616,0.8668794517888445,-0.9343708382454483,-0.315060252011947,0.7548821343856559,-0.7789213115965525,-0.31578107310386716,0.9804532596202394,0.12235141190278373,-0.10957161256966183,1.0820606764466187,-0.6775502148797876,-0.1959473719143486,0.9103316610345517,-0.7463388043623262,-0.17077408516225695,0.8049513067005638,-0.632079565909972,-0.14852370923562022,0.9494605422143276,0.10597985036963284,-0.022335500325910446,1.02902573790759,-0.5107757375234007,-0.10559250239066487,0.8967233056315663,-0.5941506998322635,-0.10150340841065321,0.8069411015629008,-0.514991647357689,-0.07822393545365158
SORRY,0.0,0.0,0.0,0.1569966317467471,-0.5523325915940519,-0.29109085765860565,0.43304996283368624,-0.9426008431018568,-0.42804628974753844,0.7509306307451454,-1.2050670017495653,-0.500371977041132,0.994198867496576,-1.2589182415275406,-0.5483112175816578,0.9099221280897484,-0.22788376031494428,-0.32163486258730506,1.021614338841411,-1.0504056494355545,-0.37945949673632723,0.938816778598052,-1.3072144543512023,-0.40555079878893385,0.8650168828415178,-1.3439153209242491,-0.4243975422759396,0.9791011086650634,0.025501656660045894,-0.20176888887644912,1.0865563829361606,-0.8356582158559069,-0.28148246187761755,0.9456635544793673,-1.0941042492155035,-0.313284623929114,0.8130784446119181,-1.1483840456963195,-0.3289679122865082,0.9910905649804653,0.1097054502451134,-0.08910375847798432,1.115359851167264,-0.6450963747353836,-0.17492197702257234,1.0118639139994785,-0.8903716347216302,-0.19426408089467284,0.8981737982407201,-0.9695452060144912,-0.19641572935249227,0.9546672977846722,0.10333383534165193,0.004010912191657142,1.0548918174738002,-0.4799794546357595,-0.08241012449764702,0.9881322066535283,-0.6953550327916744,-0.09788212642209157,0.9201770948655215,-0.7846082982608017,-0.0863833922266421
SORRY,0.0,0.0,0.0,0.1937412416553769,-0.6198589890673436,-0.2260964417002691,0.5025334737352231,-0.985572715726053,-0.3187894378564413,0.8195541632561025,-1.1930917015588771,-0.35960492905962455,1.0496630695832287,-1.2727257965313676,-0.37509975898523856,0.9506722630760724,-0.29161012069612324,-0.22907300604188668,1.0643807000861518,-1.0546137971334189,-0.24080439508411725,0.914321417422779,-1.2058424962564886,-0.23361043094737408,0.7982939345738417,-1.1310176512083534,-0.2330491271237224,0.9914277128567532,-0.004094936316993683,-0.13059219607689765,1.1117905450512007,-0.8206632291201639,-0.1683321875357816,0.9524827809451467,-1.0157173435691262,-0.18093757810876457,0.8206642184741907,-0.9827115038804994,-0.1876673651617074,0.977396694048441,0.10423042543317673,-0.03346192005780404,1.110197685068026,-0.6076315626499179,-0.08428026355512344,0.9854896099878003,-0.7947471003877044,-0.08542486887086684,0.8604481226005376,-0.7918779737099364,-0.08051970571120874,0.9279408649559355,0.12133239914072753,0.04828535395801918,1.0504476273264942,-0.415157683502893,-0.009823873656361814,0.9711637636794967,-0.6034911160476907,-0.004886787887599198,0.8878136549822833,-0.6450479425900929,0.017532105275562395
SORRY,0.0,0.0,0.0,0.18536839236008862,-0.648836498321659,-0.25237372800697533,0.5079914712151588,-1.0307036334691777,-0.3411471116820635,0.8179958331219518,-1.2639923225884206,-0.36949992325085135,1.052787615343802,-1.3722965130613995,-0.3738010361906707,0.9671083631788482,-0.33351191334299846,-0.2398385690694948,1.0368730894174367,-1.12645783104168,-0.24314574512781062,0.8740373487868984,-1.2806304145609138,-0.23391974113305805,0.7535375851456707,-1.210010564813265,-0.23168438409702316,0.9922348568268105,-0.04493472776827973,-0.11597783899637712,1.0712174414196645,-0.897301420739468,-0.15378995582799193,0.8954174000576237,-1.0812364258168612,-0.16980552758088888,0.7488741676163533,-1.0589089644586007,-0.1756183854900476,0.9654079338818423,0.060100161573619956,0.0056066879105655665,1.057206571617372,-0.7108354071587948,-0.04575756666303534,0.9207284668625358,-0.8744712920601528,-0.05958515955436878,0.7842356355260279,-0.8794194235017864,-0.05943828491247914,0.9056121216627673,0.07904541800798588,0.11069396687500935,0.9858719917725987,-0.5184983963517388,0.0463520895743119,0.8906057349394796,-0.6951731966650683,0.036239181033438816,0.7988385139115158,-0.7346590892148824,0.051434524372752026
SORRY,0.0,0.0,0.0,0.1744691579042421,-0.6859330584263962,-0.2505692415056854,0.47918199909766607,-1.0719364653360681,-0.35051370049450004,0.7926280188620968,-1.298237912405735,-0.39142022651460345,1.0329344395765523,-1.4732707666417688,-0.40928794727424633,0.9497696864213909,-0.371350388211911,-0.2606156756617182,1.0455486879648037,-1.1736641090085895,-0.27474505081221146,0.88706464136721,-1.3392128753265218,-0.27130523667166057,0.7629969302971475,-1.2852410088433475,-0.2726669349102001,0.9880105164043997,-0.05759063235040653,-0.14324293539226157,1.0944781467500895,-0.9114805102201445,-0.18374721380470785,0.9131551409284601,-1.1051318016923646,-0.19727774196540213,0.7644020565548619,-1.0915362279381837,-0.20512942175341622,0.9657650841574514,0.07314577090762245,-0.027634711544383,1.0894491114104368,-0.6989484775617256,-0.07996293518784621,0.9443487381211312,-0.8851719383553546,-0.08779806025352493,0.8030749165731855,-0.9050761792680729,-0.08758097641156141,0.9045916884427556,0.11605561120085496,0.07131006723101974,1.015427965359831,-0.48147381557071706,0.005447674995203074,0.9232348131095313,-0.6748031418023335,-0.0014717201548980453,0.8275206160714157,-0.731500912079756,0.012980753727389048
SORRY,0.0,0.0,0.0,0.1869051041926349,-0.7439158761344088,-0.1901592378371102,0.5208219246424091,-1.1105190316182243,-0.27126742806872256,0.8491262732603156,-1.328794194163671,-0.30930819136343607,1.0832977701659208,-1.5488164898138037,-0.3264063561673435,0.9698928549383891,-0.4134118920914875,-0.20392799312835977,1.1310558339649885,-1.16221252562006,-0.19267426879668498,0.966566602119025,-1.3023769231666213,-0.16773727758194348,0.8392938822953596,-1.2167962622328332,-0.1601940851614267,0.9915614284644719,-0.053843653091142404,-0.11792707324145901,1.1627145042760965,-0.8773040772029724,-0.12840884111258152,0.9860108020522392,-1.0404770323677064,-0.12014040646058825,0.8432499276380058,-0.9738592078509742,-0.12297965075869441,0.9383877674193744,0.13027222267595828,-0.030222440888240856,1.123717874925307,-0.6028444124332022,-0.058957550173861534,0.9789573319428783,-0.7715947936920107,-0.04718297144869905,0.8391485455592176,-0.7443673476977436,-0.044122545221113446,0.8507589923386771,0.21765258532112194,0.045213328523681956,1.0203030564828002,-0.3243111960234795,-0.0008186799055594654,0.9341266180065294,-0.5064944024269894,0.00516330276926044,0.8293305851921764,-0.5302667509776531,0.019691886014207086
SORRY,0.0,0.0,0.0,0.19548501049159026,-0.6568408199185171,-0.17275804117158697,0.5232489060275747,-1.0715314778209977,-0.25688305514304993,0.8673953614797214,-1.3298590057715092,-0.2947633559387165,1.111838805456895,-1.5632772601626874,-0.30883392854858455,0.9334497495017372,-0.3952099878172161,-0.2965282700418917,1.288264165639118,-0.9831066930700592,-0.2719268871283319,1.301412528185888,-1.3279729222299896,-0.18659107583260898,1.2501565600141584,-1.4847198606140268,-0.12783828440701264,0.9793749268746066,0.02199509374687286,-0.2008506122978602,1.3953903086174102,-0.5364429853681921,-0.20545069855668668,1.3967883919641395,-0.9335879630645317,-0.14132048586699403,1.3251703764490173,-1.157418448922778,-0.09731479087795157,0.9426260668900426,0.28128905345569377,-0.09384613712412412,1.3139793305876686,-0.17830612781748104,-0.10250274992045273,1.3487113357366844,-0.5378400055336692,-0.05414816600869041,1.3002036911020618,-0.7836113628949227,-0.022517608005871197,0.8661312389707775,0.4262336167583293,0.004910498717783595,1.1578862486737749,0.17233742826726137,-0.01158275456364137,1.23258855300172,-0.09780416975842654,0.007533853812442725,1.236190611084396,-0.3254929403811449,0.028481435771365502
SORRY,0.0,0.0,0.0,0.25339193670151733,-0.5811521243912913,-0.0961043231101856,0.6378952639713757,-0.895563628534277,-0.1371664189019319,0.9863614304533298,-1.0352383255288597,-0.1577017409722335,1.2118437184583366,-1.155105804229989,-0.16489775247042465,0.9400480929398662,-0.20729074846856713,-0.1849178875179277,1.339476069840327,-0.5685621619166841,-0.209441214362967,1.5027505454189207,-0.8388790128936446,-0.1804916390247156,1.6063609097965679,-1.0203105406872153,-0.15400865831536473,0.9603151421861565,0.23835546454374779,-0.14484992305871663,1.4132569912933692,-0.06269481520828134,-0.18270952324016937,1.4952020022999626,-0.3930802196106156,-0.13223323780874296,1.4852278509047894,-0.5974531316693625,-0.08370532274772151,0.9113839034525641,0.5398990174997292,-0.10162575633975508,1.3302010705075356,0.3410001839204372,-0.14094247034684632,1.4292570183114017,0.015160835529104986,-0.08360582062019623,1.4227859427205685,-0.2331426536511321,-0.026378337880631462,0.8290114586739018,0.7342643359121876,-0.0651565895970122,1.1694577553102399,0.6986640145294785,-0.0893476820469371,1.3014177430006346,0.45483342643592845,-0.05478317234147615,1.3366930475053158,0.20612654010161166,-0.012099934646652377
SORRY,0.0,0.0,0.0,0.3271886857939127,-0.526931178645904,-0.037856462535173815,0.7244150866596223,-0.6799409806065925,-0.05312739301176816,1.0525564596290184,-0.6611609752245844,-0.06690650358219526,1.2878888336380527,-0.6763578564409223,-0.07372894657527324,0.9420712380594796,-0.0721128266847192,-0.0785984069201477,1.3555826046704778,-0.1665308956428082,-0.12519676591496529,1.5504350945537668,-0.2973119842690432,-0.13765255591814013,1.6867988711599207,-0.40242742529128944,-0.13936168689028755,0.9179381315143015,0.38815183476267456,-0.0820228009909583,1.3835382336005,0.2781434473509986,-0.12220517733363478,1.5193643453537546,0.01599356709326124,-0.11343116974661006,1.5525886973860905,-0.1878648090760867,-0.10178167006351388,0.8452925456778959,0.7240324419650408,-0.08666945051888379,1.2924570226072096,0.6531715502297727,-0.12408819241829383,1.425824396912718,0.3965435272569181,-0.09964601136640684,1.4567705413019305,0.17477737938115925,-0.07302883402581442,0.75373744394747,0.957660575372824,-0.0953750772301,1.1003379894395713,0.9949841313383936,-0.11098250431666584,1.2505299566237524,0.8133839027107747,-0.08647462519432098,1.3150340407277563,0.6180977488402933,-0.059536411867734826
SORRY,0.0,0.0,0.0,0.3577691608678478,-0.5172683640844805,-0.13848649485448902,0.792536472087783,-0.5556779975293181,-0.1845923796405576,1.1226133549525692,-0.37133188138361917,-0.20888641339951772,1.3647365934141558,-0.27295380320834356,-0.2208975644460963,0.9147228210884935,0.13237599822837018,-0.11184682549101564,1.3335829204134164,0.32239719221909885,-0.17255058781340568,1.580207313997952,0.3337238694547166,-0.21875828244507375,1.7542083759080205,0.33247056719619056,-0.24530657974310305,0.7891376863019496,0.6105136049101636,-0.06734129697000431,1.211619057719081,0.7932766024135138,-0.07981140026710641,1.4354000331535681,0.7598097426394557,-0.08373221481341503,1.5668313030960734,0.752285457001739,-0.09583983016462645,0.6467565124165324,0.9322310399720958,-0.037489446620061595,1.020468661871875,1.1745912990213785,-0.06466584061439637,1.2173466825811945,1.1643681091445164,-0.041429564508749656,1.3380270564327215,1.1678541006182759,-0.02663001945182729,0.5135576502610657,1.147597784543365,-0.021085171475142387,0.8074452906582068,1.396954623016248,-0.04101023651736836,0.9601312700002117,1.4454946505418214,-0.012924349387919252,1.0556572749716513,1.4884669302998121,0.011290352874587775
THANK_YOU,0.0,0.0,0.0,-0.22020307122310215,-0.39649185737500264,-0.12656542415346664,-0.3003257604177376,-0.8858674381369168,-0.2207275305581188,-0.24256591711830644,-1.3106542495268578,-0.2948745059705168,-0.16021359746514038,-1.6702097209850624,-0.36159470771122654,0.05834928012666408,-1.042829449801955,-0.2526430115212076,0.21518168521048267,-1.6615265766202816,-0.3668384360485246,0.304336612358395,-1.9422673425425967,-0.4163231350111237,0.35591556249138284,-2.0881517158403966,-0.43462255388219695,0.29552535114321304,-0.9256839703030417,-0.2361650989364813,0.45035456485293085,-1.6018300832566479,-0.3302994358275927,0.5149587281100295,-1.9582630789190305,-0.3610157921079001,0.5306143092828791,-2.1729412351128206,-0.3765907726362507,0.4660692386815855,-0.7980607173798531,-0.22566316394049163,0.6030877273008541,-1.4429979628373053,-0.3010234009604185,0.6531585732684616,-1.7942844350983045,-0.32235594281425534,0.6591602021597314,-2.038173233183543,-0.32940814229323745,0.5753911484980602,-0.6711684257116661,-0.22313246819433608,0.6919094513223356,-1.1412331224487833,-0.2766246516852213,0.7402055313080305,-1.4298635027864959,-0.2925792342477908,0.7585098538763816,-1.6615643164676865,-0.29550078259945173
THANK_YOU,0.0,0.0,0.0,-0.2536680559883138,-0.4259224396506486,-0.22808080824241117,-0.34685390701573127,-0.9976097481469354,-0.389581265110459,-0.30548930494539883,-1.4844973688113496,-0.5195517413798727,-0.1905535157141516,-1.7947938580003484,-0.6441706511290526,0.09392249250394911,-1.0154285843220843,-0.3829258308524563,0.23362450621434674,-1.5767676998392532,-0.5744752386583865,0.3568084263950582,-1.7811793713614272,-0.6939207561641609,0.47775002682311474,-1.9118494281535463,-0.7654813205569131,0.4068803279069187,-0.8435235067518717,-0.35059448415424793,0.5781670773543829,-1.3960750387660168,-0.5146964043055291,0.673221997673115,-1.6889118573181374,-0.6036361351967408,0.7205910024479498,-1.8913051593644605,-0.6655841357330612,0.634136336155418,-0.7143013800512912,-0.3309868187338954,0.8124035734760968,-1.22848135614736,-0.48116592447718853,0.8968342363235501,-1.5488316634233252,-0.5562077096527066,0.9347966252264591,-1.796992514491488,-0.596140315200723,0.7865675990898223,-0.6376371437843273,-0.3248708590371446,0.9631108418268016,-1.0688710079244619,-0.4267168690291919,1.053866339378587,-1.3721686988402557,-0.4682508422994344,1.1018973355376855,-1.6328947097786661,-0.4914143785948209
THANK_YOU,0.0,0.0,0.0,-0.31803473915270064,-0.7358640694433476,-0.3963490147357871,-0.366248247027486,-1.5208999116010908,-0.7033149958383397,-0.3527607053269441,-1.988426839090837,-0.9893166438673884,-0.4067654659280699,-1.9416916738246859,-1.2617316193504182,0.35087865594180245,-0.784107747575452,-0.5495111544776426,0.6714548801039043,-1.479897095225562,-0.895440720917496,0.7846019651239167,-1.7497973438440748,-1.1470459409995661,0.854266525952557,-1.9326492167024862,-1.3095229232076018,0.7869509351580438,-0.30416791421729056,-0.536833405829577,1.1786413291790212,-0.8892525310113124,-0.8057965357263326,1.3885401193845142,-1.3509494154438795,-0.9667331287548785,1.5062342931861854,-1.8120601348771046,-1.099096512668755,1.097194564527826,0.017036138632831866,-0.5658079871175087,1.5041381786419705,-0.5310539959723368,-0.8205083972439741,1.7654241004564304,-1.0206195780942,-0.961232623924964,1.939561078986392,-1.502154125053512,-1.052470804377818,1.309611852880001,0.21103376655225778,-0.6281440487754563,1.7409430916603892,-0.26594938158863535,-0.7889817354396064,2.0281969849530443,-0.7102509576583816,-0.8536185485954301,2.238870145096393,-1.168548659766334,-0.908701626518415
THANK_YOU,0.0,0.0,0.0,-0.3043032117546118,-0.48773709832509127,-0.4276246683544195,-0.34305594227133396,-1.1327536068164596,-0.7649617882941412,-0.3448065440200581,-1.4084320485881137,-1.061004500008918,-0.4773283120941355,-1.1757843703566264,-1.3585892456859503,0.21509181722223347,-0.6462224785849339,-0.7599746247967016,0.427206395775977,-1.1076713739833506,-1.0764829650801568,0.5649678121396386,-1.1542398118907309,-1.291725528564086,0.7541069584370365,-1.0607965807699438,-1.4558304620068991,0.6383058684545924,-0.29083330385470646,-0.7127282845975628,0.9317200941930082,-0.7851302959548779,-0.9732255748675424,1.10806890646379,-0.9336785798993933,-1.1105399191526668,1.2778602563508095,-0.9531807696584439,-1.242705564379684,0.9546712125361771,-0.011281655714000116,-0.6844281053555145,1.3115751440573145,-0.49494374219067233,-0.9239129319532754,1.5019761824485842,-0.7450998693007189,-1.0530324237641422,1.6799187717281006,-0.8577948568748365,-1.1587274357346808,1.1578103100407329,0.24795085518491763,-0.6894314528014123,1.5172355943582965,-0.17304212007874747,-0.8605888647040703,1.7310035190080573,-0.4173531824611095,-0.9404365153862199,1.9073681353224041,-0.5807937382263685,-1.0167878253535565
THANK_YOU,0.0,0.0,0.0,-0.2902133814256037,-0.5068821008869088,-0.448866137739232,-0.3190155834461101,-1.1601000685145575,-0.759746738110196,-0.2926389252856126,-1.5043236595580172,-1.0200086407574638,-0.3678715123614473,-1.4011611159449162,-1.2746226549105055,0.27687402151265383,-0.776312055888901,-0.7103228173039001,0.49402581337518264,-1.2818976673804878,-1.0064601993031763,0.6190012819718801,-1.3483874359161412,-1.2062622535518461,0.8004928275604632,-1.3361533728088018,-1.3520211485721552,0.6658989009890478,-0.3889128790836044,-0.636651730653801,0.965911751125191,-0.9045219600713099,-0.8723385976205452,1.1415170538482768,-1.1420012575665996,-0.9995840539761549,1.3127079572515146,-1.3401537100704581,-1.1152569141906792,0.9393054355936199,-0.07276179053187043,-0.5881534747100081,1.2717814298822605,-0.528854541581448,-0.796445745602874,1.4849340158002318,-0.8247822056735185,-0.9181088591486742,1.6837720464660146,-1.0942958781408283,-1.011945814501031,1.1026031395979388,0.20456475782033728,-0.574947539507408,1.430989422574111,-0.2246071715441792,-0.7111395575419762,1.6525047044870385,-0.5316602079866821,-0.7805938011206197,1.8417095700558177,-0.8296717581748982,-0.8458819694826203
THANK_YOU,0.0,0.0,0.0,-0.23426492819736205,-0.5608912582605261,-0.35866598369759173,-0.2640211125184983,-1.2469439485199132,-0.5926156900918306,-0.1745292185465986,-1.7360362555697928,-0.7824838772207909,-0.1490975569594912,-1.8942314247485723,-0.963656136117253,0.29326936095956446,-0.9399980134834343,-0.4967591663573924,0.48661670861399087,-1.5704152334504713,-0.7418342823288663,0.6215938365809591,-1.7585588298437718,-0.9118303027213192,0.7766396148298793,-1.838573337645236,-1.0297557098572663,0.6565349248207326,-0.6143272436844465,-0.4376801687964691,0.9165528617946342,-1.2754788250477826,-0.6397800456088051,1.0811975915730418,-1.6470673753519542,-0.7596390722882008,1.1973641293691777,-1.9334753612785127,-0.8604334819587839,0.9117100371421666,-0.35253011757961306,-0.40634077825731063,1.1821533816136844,-0.9319143882900371,-0.6050656555604033,1.3441924662930314,-1.353857383521229,-0.7285557405661347,1.4500504501149807,-1.6969619451222506,-0.8082225148986828,1.0692464917009665,-0.13346745583362452,-0.4014817566698918,1.3460960478843884,-0.6231986877938707,-0.540147280112923,1.5003323327734197,-1.0115010614170084,-0.6181185003968327,1.6059594366498828,-1.3535181313564326,-0.677326484457913
THANK_YOU,0.0,0.0,0.0,-0.2624645132385381,-0.5561202149599246,-0.209557647702411,-0.34020206978912226,-1.220035393370136,-0.3570227933931356,-0.2607816106427812,-1.7136129549266728,-0.46756728171066203,-0.12837445804982844,-1.9031238148526686,-0.5733945470146317,0.031159830049387032,-1.0702814522404642,-0.41434548711985014,0.20044240983060801,-1.5626771492825482,-0.593375356855341,0.34201737465949356,-1.8559231008067067,-0.6984057259689752,0.4939559533203032,-2.0925008787958963,-0.7684806315363895,0.36443377660579085,-0.8492254019605457,-0.3821050106106825,0.561136867459657,-1.4241620707054092,-0.5287161398534543,0.6969181874930466,-1.8196699643091263,-0.600486752710289,0.8214906096992106,-2.1150357459352693,-0.6624778461117962,0.6232655895413556,-0.6667276814646524,-0.35532079264033317,0.8172397998300109,-1.2094041875726755,-0.4939845842328242,0.9262389271252122,-1.5809709625097987,-0.5524940640059098,1.0059172222800128,-1.8613432318169747,-0.5878493475787613,0.8056281203463268,-0.539967137456966,-0.34018647224444887,0.9973647321939986,-1.0113666211615113,-0.4489258689591688,1.0938156081261379,-1.320132906686787,-0.49142495210154485,1.168869579626511,-1.577790520502745,-0.5165771160470625
THANK_YOU,0.0,0.0,0.0,-0.2201911998090833,-0.5092100752690232,-0.1280944793997401,-0.2782281854562704,-1.0990176713966093,-0.22163248068542096,-0.19101695900885726,-1.5610178901713647,-0.294531312939616,-0.1148791198359069,-1.8776541143934196,-0.36471930390760526,0.03958819701890904,-1.1093381788293126,-0.27623827228797043,0.20933527197369228,-1.6695242729860413,-0.3994132309598786,0.3339847856342725,-1.9910280622740215,-0.4678875717552569,0.45760342400800974,-2.2484353880314907,-0.5104881697335236,0.3261057012013099,-0.9049721489025173,-0.27327729754731206,0.5154764334835724,-1.5619276934461839,-0.3685871800150276,0.64047270679024,-1.9924268554226454,-0.41692253603854523,0.7603251827705397,-2.3464884368371655,-0.45848384686991034,0.5473342413075869,-0.7053291029010752,-0.27262289891436214,0.7209838316013879,-1.3122360636782668,-0.35549659931208066,0.8219690564652498,-1.6963434868339415,-0.38383993935017774,0.9074752833646975,-2.015740858203994,-0.4012417636317626,0.7029294086045075,-0.5380181613921095,-0.28047436012128046,0.8599927209792695,-1.039054112664889,-0.3406322181271511,0.9411638645744107,-1.346672235175816,-0.350805095579174,1.0040190461175718,-1.6110029992907593,-0.3533834592527087
THANK_YOU,0.0,0.0,0.0,-0.16709362621633023,-0.5199269446138622,-0.06925836549881695,-0.17205745136113734,-1.0348770615601823,-0.11859732773688661,-0.0552073664443361,-1.4399424105099956,-0.15874899184057598,-0.025990249495893243,-1.725712751905971,-0.20058885417626648,0.07942882448541369,-1.1119138702252054,-0.15385506926680872,0.24984481944196799,-1.673433643254132,-0.2230878282384328,0.3598569224887075,-1.9724889759824742,-0.254444000290178,0.45671988814751835,-2.1930234190025897,-0.2743724120371126,0.28922004518643196,-0.9441203495954487,-0.15807761050232816,0.47496780789898657,-1.5683696726523468,-0.21482095599009512,0.5741618120301895,-1.9180263402368578,-0.2359454176812426,0.6556230653279427,-2.1700654474810737,-0.25393421172639463,0.4502006922658911,-0.7645250219508233,-0.16378657267469035,0.6089135200352215,-1.3533976191857027,-0.21635386655025124,0.6909787180958737,-1.6907942529196482,-0.23496225602413742,0.7516112750606837,-1.9501129794440637,-0.24547377282764282,0.5704843399104434,-0.5787180753416816,-0.17407179233951764,0.6996343629717207,-1.0546740749685297,-0.20753779184108967,0.7639125582937185,-1.335841523316308,-0.2119103244622539,0.8102105064874483,-1.5713737037669895,-0.21252168122356546
THANK_YOU,0.0,0.0,0.0,-0.13119684568769807,-0.5269154604030586,-0.033643597454070535,-0.11580609430746827,-0.9967202821289328,-0.06761916475671394,-0.0017695828191818248,-1.3661400102065289,-0.09840416125779675,0.03362575253081471,-1.6520803126083354,-0.13084818636152312,0.10138209353185038,-1.1290764109940852,-0.11535358082675454,0.2916999286254776,-1.6698452236129147,-0.1771709587682557,0.40633447653429144,-1.9605297575230198,-0.19973698474363777,0.5000753569363275,-2.1626950906181133,-0.20861717921451853,0.27333003204169104,-0.9530149793196738,-0.13058768233034118,0.47091259937428787,-1.5615143801750186,-0.18322729107402663,0.5765790536194311,-1.9058304769078251,-0.19690289045333906,0.6537490519877429,-2.1512126278343713,-0.20428846651788515,0.40690594264221847,-0.7566947062226125,-0.1453240886660329,0.5841511839364845,-1.3366109911046449,-0.1919813915277546,0.6729364966515395,-1.6616726042310939,-0.20012707014550132,0.7301497376127651,-1.9013311010494895,-0.19990059655314976,0.5093332713943617,-0.5524384939128933,-0.16198964021258472,0.6471011597751408,-1.0012315124344284,-0.18895716621209854,0.7094690413808301,-1.264712542756238,-0.1850967425008572,0.7495293060753642,-1.4807790546297828,-0.17688491913376217
THANK_YOU,0.0,0.0,0.0,-0.11675895459689253,-0.5126618733952504,-0.023499921179894825,-0.07945310381796632,-0.9442899471825128,-0.048855513839267596,0.032394133576657574,-1.2911265431818892,-0.07377458807276656,0.05499184639887122,-1.5829895667221636,-0.10106129204195247,0.15528637852342278,-1.1087693091884412,-0.09017595800428761,0.34423851847569187,-1.6278258697241734,-0.15261411829282887,0.4490081795458562,-1.9129231656947423,-0.18586722635352115,0.5317374829567625,-2.1318672106631613,-0.20429680496962507,0.30285996268563187,-0.9466409292597553,-0.11021249499165049,0.500326566791591,-1.5345036401406293,-0.15949917270292824,0.6073522649041109,-1.8703075436342307,-0.1826685544466258,0.6860704385357138,-2.127381355709423,-0.2009178392942068,0.4155009246815282,-0.7609777012063523,-0.13066489445955212,0.5925547435463541,-1.3284033940129212,-0.1722811480245834,0.6871354914166005,-1.6319533965546142,-0.19118706568208535,0.7439440057842499,-1.8624298865555355,-0.2036524127199027,0.5030207811288432,-0.5643596435209728,-0.1533541631960298,0.6362600485804846,-0.9654495803968154,-0.18179135568026705,0.7051230070427346,-1.2094575255371474,-0.1901014173758748,0.7482209022093247,-1.4157599767809954,-0.19431322530488362
THANK_YOU,0.0,0.0,0.0,-0.1082685822702525,-0.4888874450728391,-0.014882582184005769,-0.07592259724717158,-0.9100396068132134,-0.03725721887153517,0.020095681119518503,-1.2582994511311076,-0.06110355409332966,0.04818547425220754,-1.5394588183644418,-0.08703269158536295,0.16005129192725492,-1.0933322441536513,-0.07157544934756332,0.33815316151232966,-1.6044708748942997,-0.11892354764979628,0.4304657200731638,-1.842939138618918,-0.14068037220199306,0.5093679966470053,-2.0114629472679098,-0.1528581415374874,0.30351252057139894,-0.9486876538625973,-0.08872364546769235,0.4874457142163351,-1.5173368173014297,-0.1245774824637531,0.5801492766255165,-1.8054802032730373,-0.13920979522824578,0.6487727520330996,-2.007925129114579,-0.15265389473557803,0.40856107114937984,-0.7790337674244611,-0.10535849330616616,0.5655866832972181,-1.3192082672759564,-0.13549141331859993,0.6433742155661637,-1.5957603058295988,-0.1476180071504135,0.6881916900030975,-1.7956407064305102,-0.1569300201554935,0.4827690015204168,-0.6035834406031295,-0.12324725478802165,0.5896932205591459,-1.006974060863776,-0.14150463083536408,0.6418565839626276,-1.248378303484955,-0.14377296826501473,0.6724384516228711,-1.4434612402014877,-0.14451560005332945
THANK_YOU,0.0,0.0,0.0,-0.11409540027884536,-0.4835559057945035,-0.01332901937087903,-0.08685758316001022,-0.896243203266819,-0.034070397949024826,0.005019737616847842,-1.2367108437733465,-0.05743210947555128,0.029836565761532072,-1.4991412381616707,-0.08297928957236113,0.1478257671520163,-1.0992616563427335,-0.05993065103765433,0.31912558169667693,-1.596370139657546,-0.10479809685372259,0.40371550768965414,-1.8258334438890143,-0.1269826232787387,0.47620124043838225,-1.9908428962093132,-0.13939174200092969,0.28475482904083704,-0.955493169067298,-0.07711997927681011,0.45818287403576413,-1.510519736014879,-0.11396633127008968,0.5433782351789055,-1.792360884907223,-0.1299124281646071,0.6094232804021759,-1.9932353233762559,-0.14284002824560948,0.3873849186050913,-0.7875910821406595,-0.0941760523574592,0.5296208394358531,-1.3222891586210297,-0.12464211706149488,0.600271476071452,-1.5983608224573096,-0.1357669879457602,0.6435448688714491,-1.79897294327593,-0.1430027318957176,0.4618414160511878,-0.613110008411555,-0.1125597209859047,0.5557022791760075,-1.0172903970948484,-0.1271691206054109,0.6019562468834853,-1.256517705445754,-0.1251841102369308,0.631497047615111,-1.447230153560698,-0.12247447319634729
THANK_YOU,0.0,0.0,0.0,-0.11308531651263495,-0.4763095980223088,-0.01447971678301861,-0.08976517818352102,-0.8788586160401539,-0.03720170915466095,0.00019245566392332613,-1.2111379550557977,-0.06255948399309966,0.027631293529061126,-1.476782394294243,-0.08995523139663468,0.1469449054776425,-1.0957238879276745,-0.05973998765798884,0.30849196728278544,-1.5868785294833985,-0.10578946088765007,0.3923306976419854,-1.8060050627169777,-0.1304110157505172,0.4677807343031633,-1.9635869445330414,-0.14466669857755743,0.279499763760278,-0.9570449346745307,-0.07710301597066105,0.44359361843599016,-1.5035585765304196,-0.11215263056928551,0.5265872496466714,-1.7758948364069387,-0.129242283305873,0.5924130198310361,-1.9693324321184518,-0.14398929125903828,0.37849057674678255,-0.7892921974633051,-0.09485537068873016,0.5140045799197999,-1.3151125910155768,-0.1250070303577742,0.5800498756398922,-1.5847259184447184,-0.1375310989109667,0.6174456056668898,-1.7782347116272783,-0.14615734927507917,0.45211988641400375,-0.6089074714437018,-0.11412870803473525,0.5423126202439671,-1.0089134047925947,-0.12960137627996116,0.5852647195739071,-1.2424518636107211,-0.1293640513764719,0.6111620580268499,-1.4293619120157943,-0.1281113745177224
THANK_YOU,0.0,0.0,0.0,-0.11634138283063343,-0.47467862482979356,-0.005327257749003611,-0.09184896481158036,-0.8617738970571375,-0.02236944529633909,0.004045803729393347,-1.1860865566625955,-0.04409727062493229,0.044150893514755304,-1.4503793306960204,-0.06676588160601594,0.1368226649006544,-1.0930913422620494,-0.040891973284914125,0.3036447616113647,-1.5755558342323372,-0.084981483622075,0.39169059715608057,-1.807070590740369,-0.10712110265373838,0.4652132143726486,-1.9788265764475994,-0.11902177485375334,0.2703887712843951,-0.9607164798205092,-0.06256003328487174,0.434101094335466,-1.4994751773925175,-0.09547253252407652,0.5196777725448775,-1.771286065284072,-0.10781984052606612,0.5851799618942517,-1.9733350525159068,-0.11754078756106007,0.37187132216848995,-0.7990989758380759,-0.08563541730685141,0.505427101979357,-1.3198414918074528,-0.11374594490791884,0.5744001262327714,-1.5860848816954594,-0.12185439067358977,0.6132667648856537,-1.7857347847650604,-0.12612112082643553,0.44907757545152843,-0.618572779311796,-0.11036604377616932,0.5355227922008416,-1.0101446208798306,-0.12638571620593478,0.5790492968629203,-1.242349413739521,-0.12595425908306113,0.6022615886518252,-1.4348252991113863,-0.12305543102978872
THANK_YOU,0.0,0.0,0.0,-0.12070603385016698,-0.46043609797507495,-0.005877086366925141,-0.10092299475382294,-0.8453695368870513,-0.02278354503503347,-0.007438373115932459,-1.1705247356221682,-0.044420261361626974,0.026767497177998686,-1.4319819829085216,-0.06698290340319155,0.13125764429758396,-1.0900691161248013,-0.0375125637986643,0.28965904305459206,-1.5655565991280618,-0.07858571908962982,0.3759327959792725,-1.7934660617725895,-0.09965678766953577,0.4473658971205968,-1.962027136308863,-0.11126577860568736,0.2654349284301051,-0.9623819055064805,-0.058011780898545244,0.4195965055536861,-1.4939707346137556,-0.08858167099734478,0.5019829957510814,-1.7603094826181376,-0.10011168254048397,0.5652073442845623,-1.957986745618207,-0.1094619676562179,0.36598166590250253,-0.8024284454635924,-0.07999859799451745,0.49164722281393947,-1.315792130206627,-0.10628833364810922,0.5580591851182565,-1.5807716852408984,-0.11478540889293633,0.5951661011372869,-1.7798103287534124,-0.11966956428473467,0.4420133456200084,-0.6223382936470514,-0.10364049594815532,0.5229312657305996,-1.009820948558763,-0.1182518545571931,0.56424482565766,-1.2399999863746798,-0.11838124996493138,0.5869952659298974,-1.431840886427987,-0.11622167854996683
THANK_YOU,0.0,0.0,0.0,-0.12516516367146335,-0.4555137330094417,-0.010595309713531818,-0.10804303894820241,-0.8469081061472802,-0.027625760821681677,-0.025295130182870648,-1.1746680542212866,-0.048489950854270436,-0.0071547877710286855,-1.4339082407384798,-0.07108654061087546,0.12307492743107037,-1.0932473545887678,-0.0415188028329378,0.27383730586205945,-1.5770697931607076,-0.08294094056893861,0.35407002427134265,-1.8028134895264203,-0.10520611428164567,0.42298747599284975,-1.9710760528006719,-0.11804882110208899,0.2579871353309959,-0.9643161304911355,-0.0594730062995789,0.4051793902633937,-1.49939697798705,-0.09036327289874782,0.4816776744296235,-1.7683122319021667,-0.10509380952364282,0.5417772373714413,-1.9660638480558825,-0.11741012897087369,0.3589331860842083,-0.8063800612831177,-0.07891352677285335,0.47928026434172927,-1.3133903083882659,-0.10585745007011943,0.5388774435471605,-1.5733844340293852,-0.11666887894412432,0.5726702019657576,-1.7656690827362715,-0.12344320963946277,0.43624502654713365,-0.632904630584999,-0.10021422118032276,0.5140501627627918,-1.016817048540269,-0.11508259411729825,0.5514861120685572,-1.2434288291046007,-0.11549207594078306,0.5727868916758734,-1.427272922113107,-0.11392149060571907
THANK_YOU,0.0,0.0,0.0,-0.13493484347365972,-0.47741527296012715,-0.025214899965784653,-0.13416884440864885,-0.8862517070696171,-0.05275550701191445,-0.04791786551271026,-1.222054422725273,-0.08275992918740158,-0.023209882203605196,-1.4955599339984835,-0.11278933084478417,0.09731467294314715,-1.0986714641411208,-0.05472862126115163,0.236846984590547,-1.6122180176742285,-0.10419644664242106,0.3142515769781108,-1.8702786444807766,-0.13354877135448792,0.3860414220103592,-2.064349426354297,-0.1516868803476157,0.24598444337470754,-0.9665478630272653,-0.07264215095288697,0.38136768553144484,-1.540611290263582,-0.11010027436277418,0.45521824858707266,-1.83042974458795,-0.12837339575724152,0.5167881407259725,-2.0452458739147836,-0.14396409269623575,0.3600254556898118,-0.8143259054933625,-0.09400047727559391,0.4749746871945513,-1.366403427868049,-0.12947167547125957,0.5315897186185563,-1.6409328503493716,-0.13822259994488198,0.5676808385863968,-1.8415221774168185,-0.14239853144580594,0.45387194720008384,-0.6528802728303196,-0.11893601048131107,0.526246147459416,-1.09531971161856,-0.14156759378762135,0.5596800354614757,-1.3401114955543834,-0.14025472886775603,0.5810863748929653,-1.531487463978414,-0.13639338109780588
THANK_YOU,0.0,0.0,0.0,-0.15106001650573392,-0.47515411961486625,-0.030762908872230304,-0.15322375254294274,-0.9271913616671393,-0.0564389026861064,-0.06519672232757641,-1.2858817141170191,-0.07971026222724736,-0.056314990872167396,-1.5577950663865763,-0.10473928365881907,0.0625597413496091,-1.1089035339812683,-0.08270387636923525,0.20426786700076152,-1.6422255121907174,-0.12812263871721574,0.2907571404281864,-1.9274888458249642,-0.14869400473581204,0.3623332199848954,-2.1415344084191803,-0.15893467620193416,0.23000321229180576,-0.9684674228489599,-0.0957568442240267,0.36428135380377985,-1.5513316281492242,-0.12947249084372622,0.43389271475557945,-1.8845168938489179,-0.1457645240578058,0.4857047433756233,-2.1332188738448092,-0.15855310559439206,0.3585245045896303,-0.8050903100244624,-0.10963016839510906,0.47836423994244004,-1.3623159789009442,-0.14343744716288612,0.536978730681602,-1.6829122349296048,-0.16165725685312038,0.5714434588122446,-1.9227513824123017,-0.17214983386279012,0.4591185599922292,-0.6381501680534881,-0.12530888995447956,0.563910109029934,-1.0662721486577809,-0.14698710964678907,0.6132849454897065,-1.322737736976841,-0.15096698822980148,0.6469343192562387,-1.5376511081421302,-0.1513884659787161
THANK_YOU,0.0,0.0,0.0,-0.21139321495225882,-0.4395001575191591,-0.09943333085788361,-0.27427910798372157,-0.9161909796672267,-0.16629661879712407,-0.206642800224569,-1.3064068466437817,-0.21812109672209506,-0.1525244253356276,-1.6390618628699183,-0.2671084262367339,0.03252151522047966,-1.0725791141168322,-0.19271935814026692,0.18263683257091382,-1.693991448371838,-0.28305322885385575,0.2828792868889481,-2.023316029087905,-0.3276213659350265,0.3693753998950612,-2.259678854887896,-0.34888598148202726,0.2639978429475098,-0.9469660118134104,-0.18319528211519479,0.4092838845503795,-1.6286108542970252,-0.2476522645807141,0.4852506088236022,-2.0075688298266043,-0.27014577765159903,0.5419983255215332,-2.276758997729028,-0.2845007673531926,0.4366351943703003,-0.8131802150356677,-0.17820132688653173,0.5603012950305987,-1.458375878821146,-0.23117113790483765,0.616824450165838,-1.7983255393856827,-0.23782284253356656,0.657429700783341,-2.0491199318227253,-0.23749246174413005,0.5566087720329339,-0.6913995659542004,-0.18125308907084423,0.6582808227661339,-1.1867602536977013,-0.22211070096269442,0.7095347153660937,-1.4732411810675075,-0.22433467789513348,0.7503058626412598,-1.7077411557029,-0.21759807144432158
THANK_YOU,0.0,0.0,0.0,-0.2349395862043547,-0.3829619709705765,-0.32793231376044235,-0.3370911084853544,-0.9495351741499131,-0.545447218321675,-0.27793163306165775,-1.4511920135698768,-0.7065797758899505,-0.16451372652326637,-1.732263970156493,-0.8561201322772679,0.18876709813334286,-0.8145465807065848,-0.5796386329394092,0.3617493715837446,-1.5734930164858238,-0.8344158126081834,0.47057974612151654,-2.001226328101798,-0.9828168080619867,0.5638243985797751,-2.2806638603319183,-1.0654345447923326,0.5266464449106255,-0.6933985898821293,-0.4917742547271808,0.7023700937589683,-1.4845951898956826,-0.6780957989846064,0.7904039042006528,-2.0123047535581926,-0.7359750372390613,0.8202796955970755,-2.386779604597583,-0.7739471725614355,0.7441021480214454,-0.6091113258176309,-0.41867049288949604,0.8994200087789356,-1.2913393681432723,-0.5959124848190155,0.9739861625230931,-1.7850335892664524,-0.6356530951546244,0.9939692290417428,-2.162120547595588,-0.6439322438729488,0.8654492414493284,-0.5627545935464323,-0.3663079475958265,1.0115214607901857,-1.055145732705388,-0.505372154615616,1.0667204288300276,-1.429604239501213,-0.5339162151890654,1.0672152136579487,-1.7295998584554046,-0.5312823774845802
THANK_YOU,0.0,0.0,0.0,-0.6531849461628805,-0.07643942043014447,-0.5534330620822058,-1.0621275256053015,-0.044072300579788296,-0.964949777164206,-1.1638162831922432,-0.17344036789162226,-1.3106055751080952,-1.1520322072495612,-0.3204522738029679,-1.666622107624718,-0.28743390982869477,0.6415672673972346,-0.8718092262792342,-0.06374159447218698,0.30341664557469145,-1.263205510294889,0.1609835309486825,-0.011048198771824289,-1.5649315569647482,0.3550255907074744,-0.2813431993658065,-1.7589569411443757,0.2538259834426819,0.5938715248416441,-0.7634716642493131,0.5955570134883454,0.2588996628838586,-1.0410745132778654,0.8898791926629633,-0.09010407136501829,-1.2475714375992657,1.1753794525378256,-0.3392752372259591,-1.4402244036829517,0.6861889655529263,0.45518234669894614,-0.6793523327312043,1.0440289636857862,0.1686291943418042,-0.9189731433745996,1.3841060631700484,-0.058743941327414735,-1.0632038137115851,1.6896313626261448,-0.24403006687389614,-1.1929514745835326,0.9924013705935079,0.1748117101437469,-0.6380370164130669,1.2995920762783875,-0.004779615464518116,-0.8000522367554682,1.5636098868145272,-0.15760968473843442,-0.8585002313795447,1.8056618355234861,-0.29592303477437853,-0.9279346534096168
THANK_YOU,0.0,0.0,0.0,-0.6165659695651369,0.2781708321171375,-0.38419771036894645,-1.0004340460007572,0.4924515585224252,-0.7772208380738286,-1.2228847123268796,0.7102372231822778,-1.1204466729120697,-1.3937373048515784,0.9313453094532534,-1.4765670959311668,-0.2988029465821151,0.3151876822090367,-0.9872354312825711,-0.043055366837627694,0.36353293820403926,-1.3952826127364082,-0.05056793749182936,0.5578543869231384,-1.6341371557357451,-0.07073138633847811,0.88592960026061,-1.7884230760217865,0.29604508916468836,-0.007071746557753765,-0.9551477872989576,0.6155977033041671,0.2825636055694605,-1.2473336355087563,0.5302000219393064,0.48679044907330477,-1.3031173147715622,0.4308939536437104,0.8578622527022111,-1.3927473908220778,0.7888415732081939,-0.23262519582238303,-0.9239348311277694,1.1097058323785072,0.07454103458251737,-1.1718018101006917,1.0185898117695484,0.23540934801047508,-1.1308541818101812,0.9190764788110611,0.6309600363775727,-1.1376624973015268,1.1439880263212137,-0.3790746944184552,-0.918859457029609,1.4660479241811908,-0.358063625905654,-1.0738821142540342,1.4583853186590754,-0.14190514352461975,-1.0456523578179966,1.409795675972007,0.24804321193955048,-1.0573529507323554
THANK_YOU,0.0,0.0,0.0,-0.35327066663231926,0.12788192142209256,-0.37037993396257757,-0.572741902349412,0.3080488631876322,-0.620986516649686,-0.6485445954318314,0.5009214824169448,-0.836193195413573,-0.7477442563279328,0.749158086969245,-1.0476099745021894,0.003735916376203611,0.919617186710603,-0.5206739835504839,0.13378755829962416,1.0133079539672178,-0.7799377745357761,0.19978050274060857,1.0275748803826987,-0.9607943792274246,0.2625342018914206,1.2051239104079219,-1.0847148664134088,0.40473054019140353,0.783038574359795,-0.4722751114561878,0.5921467031668064,0.9168864851220644,-0.6888346191150759,0.654135607995901,1.0189039134544549,-0.7881163989357601,0.6566041226565547,1.2881313023916958,-0.8681057967680347,0.703569221825519,0.5540356070832887,-0.4559746904361078,0.8944818700958115,0.6412063296049506,-0.6495981598474591,0.9594745466722986,0.7971907321577866,-0.7042098418297276,0.9673777511249243,1.127116868362001,-0.7422859384318343,0.9037138181112659,0.2546201142078262,-0.4746321657542204,1.142428584950488,0.37493720072195985,-0.6080127159502268,1.235419857271198,0.6140694878765309,-0.6411407763269783,1.2552144756342027,0.9806186856754362,-0.6710204396056973
THANK_YOU,0.0,0.0,0.0,-0.39149016888762656,0.10552571540850451,-0.4466983167871472,-0.5931538027916695,0.36894696925743925,-0.730794224325299,-0.6502093360577381,0.6142804399570133,-0.9561502236885776,-0.7868400610808348,0.871683350385948,-1.1709130302517403,0.05607294658525229,0.8518473817669682,-0.6178441581623111,0.305598787122976,0.9100758778832613,-0.9090271960325552,0.3557424372061772,0.9802735080052485,-1.100809692627639,0.34115307205163964,1.2170830392487408,-1.2266030495016174,0.46880950538994715,0.7140027527819464,-0.5200170349861974,0.743909211351501,0.8387728377453558,-0.739168408871238,0.8089359790656923,0.943739706979146,-0.8303278242134866,0.7862382267388348,1.2577866925015575,-0.9074136044676522,0.7692016066323891,0.5255180627343525,-0.4567291450357621,1.032904330624266,0.7047132145370618,-0.6639438499372776,1.1017826334216987,0.8382344621264919,-0.7010256221552988,1.0854901180204128,1.1479560191977265,-0.7222380437437529,0.9561817108249829,0.27406184877994166,-0.43360349412114557,1.2414358360160982,0.49169661035842016,-0.5872419565757929,1.317750068226167,0.6537988480260953,-0.6122262060206463,1.2958097264657722,0.8918468478985332,-0.6267136022188543
THANK_YOU,0.0,0.0,0.0,-0.3589950835098516,-0.005985281889340292,-0.43004586560605745,-0.6138339750320482,0.10746434100686769,-0.7218032368127223,-0.6896517107534548,0.2677278649436047,-0.9534321100410499,-0.7795912963327656,0.4073157178304564,-1.1731899268846686,0.04463450038040564,0.7076481663716643,-0.627916090738873,0.27124947652150116,0.42422195247821715,-0.9297544915995761,0.3084898421252531,0.41559806510738967,-1.131192600224686,0.29445545985237065,0.6056193110054292,-1.2591488262248158,0.4767962187608879,0.7004633290305982,-0.5310522483322065,0.7521712497092446,0.40821746698079886,-0.7425243988164247,0.7719389239241431,0.32442768565313107,-0.8177636379877884,0.7309270393567184,0.5467078099317834,-0.8866858171831746,0.7777149083778958,0.5913933330701183,-0.4646794498719797,1.0700461554511687,0.3696484271093367,-0.6629783572834692,1.1123679712323702,0.3218432267718954,-0.6788122028940371,1.0817616054402026,0.5375112181352187,-0.6874485856341535,0.972462527709428,0.39347709634309863,-0.4372458991384201,1.2683205927644676,0.3229365715846663,-0.5683873704863986,1.330122689266925,0.3271058598040328,-0.5699322406748246,1.2948617984146755,0.4935337659232497,-0.5685286592714299
THANK_YOU,0.0,0.0,0.0,-0.18386614007312588,-0.29854695381699636,-0.4412876080096432,-0.264923686025852,-0.4339040512927221,-0.7401010677249265,-0.27841092600475037,-0.34489593063652607,-0.9714081912636008,-0.3488549336786274,-0.1301480341941029,-1.1967850122627253,0.28324545016480007,0.31935063832422045,-0.6857751140675575,0.5075110466377868,-0.07388478650940283,-0.9821789449729567,0.6517909878921658,-0.24002114499379074,-1.1926296396044538,0.796387994234117,-0.2614685386818259,-1.3344797463338705,0.6141694431356861,0.5373113332672989,-0.578007289107083,0.9947490856822919,0.22074052238759279,-0.8020807067788789,1.1660351176131682,-0.09408882526188331,-0.9069476496107244,1.2675697039798797,-0.2941674324261211,-0.9996314143476398,0.8491740628617573,0.5922105305450421,-0.49323045472906796,1.2546284673239905,0.3039188601949553,-0.6996505432511043,1.4456338403206057,-0.020173385934346623,-0.7701423262157446,1.5600244101927712,-0.2614915282954263,-0.8196683000022498,0.990737398109023,0.5146972166890436,-0.44137789013805306,1.3472517047188486,0.2947689939819981,-0.5823550201729014,1.5115086622914042,0.02441688544475287,-0.6205516644821035,1.5918209616032508,-0.1999464168860355,-0.6505790334147049
THANK_YOU,0.0,0.0,0.0,-0.4788125157724137,-0.2383611498109128,-0.5271696433237374,-0.6001659361638402,-0.8004028287332435,-0.9860220102679466,-0.5789623306011029,-1.3100269055658633,-1.3976180482380625,-0.6478338816419659,-1.3987861134948616,-1.8239014505723214,-0.03231113048010088,-0.12500594304988452,-0.9511550129034905,0.3545181031105405,-0.8834422504463575,-1.4433462126866137,0.7222722016109688,-1.245471972212269,-1.828251732062894,1.0862467731041112,-1.4313206492150694,-2.094543127405786,0.43974261169264406,0.11307671529733354,-0.8909770434300192,0.9466797049524727,-0.28398478432477375,-1.2659925773203564,1.2205423956929564,-0.5982608709314228,-1.4679625819450746,1.4598400113048648,-0.7363467317376958,-1.6521152535848382,0.8724112341728659,0.2467220144132651,-0.8540860098919244,1.444400566971458,-0.09656614994971616,-1.1615631558608717,1.7658041988412396,-0.36966222407860067,-1.2467430981579197,2.0159461496355915,-0.4971256247696597,-1.3237505783881507,1.2176289465343038,0.24633029015663951,-0.8619489944942785,1.7049186200477553,-0.03961005510550727,-1.0280194219696805,1.9888804517793675,-0.25428718911934667,-1.034528107939692,2.1737819517710304,-0.3949743438172741,-1.0695369332027262
THANK_YOU,0.0,0.0,0.0,0.34203502329569685,0.10325964859158375,-0.07808780292265566,0.7183609729532849,0.17282108638666926,-0.21188177715902484,1.0428966594746019,0.04023806119218227,-0.3440258659031442,1.3066817249762814,-0.12091276448098899,-0.49553151715167726,0.745654949581523,0.752594988934025,-0.3812938787396537,1.2812906135390851,0.7096688203768328,-0.6389168440684095,1.6000365769226568,0.5437859570539053,-0.8170326392269872,1.8366693363193891,0.3268496384017377,-0.926118942161106,0.5524859802149847,0.6889485982011347,-0.46915783133459354,0.9982232211301533,0.44995526884580456,-0.7089088936570453,1.2502102802755382,0.05995690283145549,-0.8073896594846008,1.4264084528968977,-0.2817051758388256,-0.8707462008028518,0.3328294664297113,0.4436612228623264,-0.5584436731532803,0.7427155889380268,0.18035989560043134,-0.767817570837804,0.9579391472893807,-0.10940960233342402,-0.8025918570459879,1.114971235484137,-0.3452147394851185,-0.820174667424636,0.12797994404670088,0.10140582319706565,-0.6499165158359235,0.36255061027108565,-0.11998161377662293,-0.8387278300733898,0.5141090095723612,-0.27358273250347126,-0.8636246839317324,0.6394311177333878,-0.3927639683664584,-0.8652375483507383
THANK_YOU,0.0,0.0,0.0,0.08467475959925073,-0.1779611026903818,-0.22170065661987565,0.23111205292750703,-0.10239663682572173,-0.34030110380458156,0.3851630504671514,0.021847821304386783,-0.4320341675064889,0.5063794611254213,0.1816369688031652,-0.5183358144292456,0.41716951224448506,0.7447877320748448,-0.23566650763216618,0.7615755025357608,0.7454759246820809,-0.40241587744972407,0.9766480797639532,0.545828496552477,-0.5345163122636597,1.0992101363669053,0.3259592168518494,-0.6108577475818893,0.4469306309419433,0.8738192579808872,-0.19155394933952144,0.7991893576768537,0.8176049330514186,-0.3267117084857951,1.0041927594710398,0.5842379023475348,-0.4232048284038023,1.1230505046667763,0.315232588080397,-0.4819070843071971,0.4535872886342018,0.875161692360069,-0.1704438705100917,0.7967370980197359,0.8244896118942079,-0.30098919075451763,0.9858212284233381,0.5997185656497738,-0.3636417295728312,1.09935006886371,0.3573352942009549,-0.3910293866667002,0.44082498613054516,0.7724209592307293,-0.16725495801631168,0.7291313502602249,0.7116306122582124,-0.28681004304602187,0.8828263228243924,0.5476480778060091,-0.3274355150604556,0.9761232182021679,0.3461985026355898,-0.3348744470242977
THANK_YOU,0.0,0.0,0.0,0.30598574188958955,-0.14814449524918777,-0.15560826050152532,0.5910089347756465,0.12274584544998127,-0.22820368411195616,0.7486380399626846,0.4689664154378951,-0.2746891086040302,0.8318752558204652,0.7753352699252033,-0.30983163049968315,0.454223442143894,0.7585652307223772,-0.14795723031540578,0.6452508168944436,1.1624825579267244,-0.22049822477599282,0.7852624606848959,1.3302744395305597,-0.27869688808592996,0.8683773092353453,1.4387216079379241,-0.32019200295685224,0.31497287726025297,0.9431820452743834,-0.10582871095514892,0.5107388402157201,1.3105813083881248,-0.15654204385129142,0.66252404876293,1.4694026371068696,-0.1917211258390588,0.7513707192231288,1.581543697128059,-0.2219707602163008,0.18968476522899225,1.0410987635331101,-0.07889361703066516,0.3775466006646604,1.40241396987114,-0.14264605495913577,0.5300740183937194,1.5420202004798271,-0.15096341337345637,0.6266132467302008,1.6658833623715135,-0.15341013410305665,0.08403774964405832,1.0941512811694374,-0.06451734360485827,0.23176539551453426,1.4249501395745559,-0.12615635446849763,0.34531082052079376,1.58042294982727,-0.131647462301574,0.4184315765594117,1.7111158085356009,-0.12771626960110247
YES,0.0,0.0,0.0,0.5061404611291479,0.2513397640577472,-0.048263563618201694,0.8849202797436285,0.8741970503911878,-0.1834553034276747,0.9446648230308557,1.474606765555011,-0.2988289382186081,0.7919483060354928,1.784947724112776,-0.3961220132351851,0.6711632409712539,0.6560463125700712,-0.5894668619222722,0.8563488684776314,2.1516458467207826,-0.7565676986848388,0.796834099377694,1.9194925527609197,-0.7230939770228091,0.692704733759264,1.4520941025476346,-0.6541954872267168,0.24670327245416362,0.7407698485973686,-0.6248179949148699,0.4927504191837151,2.428536760772503,-0.7911715773799615,0.48172125819380635,2.062628853074892,-0.7046517507249034,0.3987877477048853,1.4820122639368685,-0.6134451897039914,-0.12331843938982465,0.8729485889429675,-0.6316258688613011,0.09006627407056768,2.475812962536967,-0.7547722217050501,0.0989786484965492,2.139284255811944,-0.6087005236025318,0.02859028789894733,1.6143491774482222,-0.4833371834471052,-0.4125930755752214,1.0091578158826122,-0.6285901075954107,-0.22048948755180253,2.2322614368671005,-0.7039870816965854,-0.15712128165652395,2.050940962686861,-0.5971838654302057,-0.19492271551676726,1.6085358254179531,-0.5050018218556758
YES,0.0,0.0,0.0,0.5703666204030718,0.27750425587807376,-0.09222067453082573,0.9667383236106031,0.853316213640029,-0.2722537709606742,1.0588413657669686,1.4077596286316472,-0.42751843124219624,0.932807007214597,1.7782327383983338,-0.5636012306888674,0.6667809411583149,0.49856145204457686,-0.7644469892845641,0.8857965223383315,2.219191426678028,-0.9649017314545311,0.8488967085746206,1.8885085503776167,-0.9224242928027576,0.7608374710355632,1.3280237794150056,-0.8400088722317394,0.15646764094086116,0.5780174585406171,-0.8008830719653447,0.45676593676272176,2.540529720639685,-1.0013602324748074,0.4586220206637267,2.078936110423496,-0.9028187784983638,0.36902210206898295,1.4004775335264965,-0.8038883373424379,-0.28327813786749734,0.7456726239360154,-0.8018802049190343,-0.017364936554883127,2.6349634970574125,-0.9627183591230438,-0.0023747978941637787,2.2189432788511962,-0.7927853648148779,-0.0915874203479648,1.5984368825967368,-0.6502897607031561,-0.6158178711151029,0.9293947813341156,-0.7933372714787987,-0.3839449857112152,2.3925957365847856,-0.9020597437710421,-0.305632314529455,2.121165304617664,-0.7722678492684139,-0.34897005695937544,1.5453440703014345,-0.663379945091616
YES,0.0,0.0,0.0,0.33905005055884857,0.4932883763256073,-0.358916711041324,0.5730188598827003,1.1401044920597665,-0.7056131843899265,0.6520549220793087,1.7929259044477381,-0.9911922850352831,0.5913863385445962,2.219637390571154,-1.290240364876518,0.21131491209927505,0.40199048981510765,-0.9863383235056981,0.4709510436397578,1.8879262489782027,-1.3518965287408236,0.5418076169889124,1.6523119775945412,-1.5982487366322693,0.5196723467745911,1.2218650299141443,-1.7867023007028655,-0.148795436325366,0.1873206671468959,-0.9709638952033107,0.19396717537702385,2.0306443197015778,-1.2308739055854105,0.23310465548728362,1.7460891706306896,-1.2164415093638261,0.21300954269382327,1.295957296974034,-1.2745517294309046,-0.4093139073248544,0.23547148057044837,-0.9537951521537548,-0.03247615396555314,2.0266124998530226,-1.1226782923152918,-0.036060742210459996,1.7001522883535123,-0.9667364115281589,-0.062394197041561704,1.2312865294199236,-0.9117303761799295,-0.6082228572138816,0.45435767347787787,-0.9864951744992216,-0.3444754279193756,1.830500094569943,-1.1452632357214594,-0.2913606131119517,1.5586398570435875,-1.0990740279329616,-0.2631183414664821,1.0935243775815584,-1.094958688929508
YES,0.0,0.0,0.0,0.20905431332388866,0.4910939466359781,-0.3511834308352948,0.3763945409816689,1.1841572238420224,-0.6875034131453576,0.4313821385520458,1.890859925984494,-0.9655408310114437,0.3495835799040337,2.352199611087439,-1.2554553426734163,0.08369144209305968,0.515293528369354,-0.9400779661936816,0.35500362503612065,2.0326342299855367,-1.2987471366933478,0.4002408733397366,1.8101204489541511,-1.54285086969802,0.36910627320998046,1.3578012865784153,-1.7323714923297495,-0.1713919313417395,0.3249014461938218,-0.9300880905226727,0.17833561434543868,2.132475833612733,-1.197289167233521,0.17578222121939036,1.8329456906651018,-1.205285766653528,0.1483067514112226,1.3625921479175005,-1.2757401881692967,-0.34427084260104984,0.3841133730862802,-0.9196857295551661,0.01782842932097807,2.1353184913215806,-1.0985133936200788,-0.028089323911297613,1.8005540559658526,-0.9753704114470533,-0.06434004140872467,1.3120708221658786,-0.9415811089364433,-0.4749891076632018,0.6062792368083999,-0.9564073351349615,-0.26010418012196235,1.938417289524804,-1.1106370121568938,-0.2683475542234935,1.6713694263991423,-1.076413312890893,-0.27082229937541663,1.2120799206894954,-1.0855778014012467
YES,0.0,0.0,0.0,0.4358888107210659,0.49905282531967426,-0.3741391143593576,0.7768600871121817,1.390851786301656,-0.7601957234939821,0.862237698560139,2.281034151381669,-1.1079069595065765,0.6714365040197733,2.786651888727624,-1.4727728598485457,0.5538245906506676,0.39003569185601505,-0.9346175948123016,0.8836603311617411,2.228033160681444,-1.3661141363629214,0.892220443660712,2.005005874921464,-1.6840768603436962,0.8127180453102045,1.432953526865975,-1.9279210113921255,0.08039827711785147,0.1776330538806466,-0.9808071243651916,0.4546019118165459,2.3810924971718874,-1.2874991780031817,0.44167188150130415,2.0340133711398667,-1.3302110193064633,0.407662243448535,1.468020520816251,-1.4469390278479615,-0.306840302415682,0.28116361411945123,-1.0406201464003575,0.06673202056508767,2.4192010998903153,-1.2483838520467048,0.006896989288310701,1.994658566388657,-1.1272143101255583,-0.0312709129411939,1.3627648009551983,-1.1125478304734597,-0.621899517066601,0.54828692861627,-1.1584212480173022,-0.4301796362546309,2.1825285404814907,-1.328466473305594,-0.4725039780605301,1.823789305971441,-1.2794491553369922,-0.5136158729399526,1.2138135521321178,-1.2901441642722473
YES,0.0,0.0,0.0,0.43247810252943625,0.3874079882343318,-0.3748329540921544,0.7153425918808106,0.8957158659054812,-0.7160425728500827,0.7613043825258298,1.5652251827717765,-1.0052204917132468,0.5748940470929296,2.0671358379467417,-1.300750117120125,0.5461168588427947,-0.3473682295751778,-0.8451987982404022,0.7982565928274502,1.3457752240103686,-1.1994720655461852,0.7647735112430686,1.1966701202097936,-1.4552124187774378,0.7008234988593367,0.711412552167753,-1.6647814493210364,0.150650464592064,-0.5140656952402599,-0.8444174906379803,0.46101571225850874,1.4972301012526226,-1.1245723429496066,0.39935518203300946,1.2516287982964331,-1.1664051723115136,0.3358065826680113,0.7446148033002932,-1.2632541944712423,-0.19110432917172987,-0.37970815669316543,-0.8551933675944438,0.15709925200172206,1.5670180551479393,-1.04511289371582,0.0713864662130018,1.2886444731069444,-0.9637317589854816,0.007378542464907095,0.7659634707847696,-0.9591335569897588,-0.47335638601230884,-0.07953848238001453,-0.917101508567912,-0.3055443249098336,1.400573654212059,-1.0838833621971595,-0.35058746678865954,1.1872892724893844,-1.08459366888026,-0.39562822874840203,0.7077728625828703,-1.1151862395745549
YES,0.0,0.0,0.0,0.3428152449416996,-0.22307914170628776,-0.1626431899913434,0.5817572511075293,-0.23046743022398072,-0.3448354120486448,0.6425332587629013,0.05569548068220117,-0.5288669012410515,0.6060774336328082,0.3818194831109866,-0.7213943889124947,0.44088744041672595,-1.032549274256156,-0.3567524848509652,0.6422221376074392,-0.13049590960574783,-0.5839840633039605,0.653106584194139,0.26276171028386286,-0.7501297713329214,0.5950117793469332,0.23458247490577908,-0.865759219131867,0.11066421302591138,-0.9073002383738801,-0.40565959794149603,0.3038349760447903,-0.012792400667962387,-0.5805266156098435,0.3544350688049464,0.3564456113719854,-0.651746334856071,0.34088332158805945,0.29577410974417995,-0.7269516647132575,-0.1696712883798114,-0.6149388736308328,-0.46490307024422084,0.021958250425183328,0.09731284892610173,-0.6325522808446615,0.11352039152243452,0.43180404495648417,-0.6356768552686336,0.11601223707881708,0.37115459505926623,-0.64110997023848,-0.3737097194947258,-0.28184748310730623,-0.540430157621487,-0.19381985091486623,0.30507370804126827,-0.6264033834784369,-0.0845568815521534,0.5303393267738471,-0.5928205153355313,-0.06282202474552996,0.5165627477820576,-0.5774584888223209
YES,0.0,0.0,0.0,0.18844492833375062,-0.17146216050895569,-0.10859424629136451,0.29368847649415,-0.3956938470455897,-0.1964159503603317,0.31002446679309054,-0.5539683576428696,-0.27091348222285627,0.26393342973214523,-0.6527928344317674,-0.33013968003223987,0.17558710215453352,-1.0387640733945953,-0.17339161360456695,0.29085179051360793,-0.8523912052499943,-0.28090512881117846,0.32149814364366486,-0.5791964664273862,-0.33502861658984434,0.29599295264167336,-0.4768711138615948,-0.36504140911676114,0.033380079598094685,-0.9834960127264627,-0.17782396699313222,0.1548369751087162,-0.783243798533484,-0.27776022671645756,0.19650908073960438,-0.48001264075170846,-0.3028358204142835,0.18158499846140336,-0.44021323743036594,-0.31749575350200926,-0.09362603081441456,-0.813259524649452,-0.19104943812278985,0.02517511491778646,-0.6320288280399017,-0.2969139135270285,0.08000231708507335,-0.38212539834869563,-0.29248214370187664,0.06731533303812448,-0.37259104466869913,-0.27973500530739537,-0.1985417740563259,-0.5956313786108897,-0.21154123584028175,-0.08455045260925356,-0.43370634765114013,-0.27892117092546775,-0.01651616944582312,-0.29147207110609724,-0.26846784681722724,-0.014024700654266158,-0.29363851084837583,-0.2545121012776469
YES,0.0,0.0,0.0,0.18394835403493814,-0.23709379245000314,-0.05641547318814282,0.25876507765510054,-0.5891555733608554,-0.10343581500820384,0.19230388884485553,-0.7915390192772239,-0.15326610574630384,0.07107940245905668,-0.8449666092898609,-0.1881227531083093,0.17968401738981532,-1.0180150766084934,-0.06288063459925458,0.241521767521664,-1.1298972100969071,-0.1473263603960906,0.2796048706522015,-0.8428827724909577,-0.19119686660801344,0.26001813475004165,-0.6767517693397352,-0.21303910824983416,0.044959717066649314,-0.9952441601771683,-0.08641577098267349,0.11433243486227784,-1.1302905123238256,-0.17946119781567174,0.17634213596773102,-0.8053905727061771,-0.209115125875583,0.15920261392195353,-0.6676666303987224,-0.2156804200802197,-0.07355535397815474,-0.8808559124988724,-0.12023319410110692,-0.006165534909907483,-1.0289714886448513,-0.211579142952107,0.07592419239076711,-0.7213397968018389,-0.20436713258569536,0.05736274979392584,-0.6167318545006613,-0.182576102171338,-0.17533133024444264,-0.7176238507617614,-0.1597863489146068,-0.06609994926486869,-0.73604089254099,-0.2197231382830156,0.0003667020763057455,-0.5646109968868805,-0.20855929850967997,-0.02385226005400649,-0.5307528051782361,-0.19143355154189842
YES,0.0,0.0,0.0,0.1854766390960018,-0.2679378905669811,-0.03311459783498376,0.253903568152403,-0.6643726646216687,-0.0565175768853806,0.16934978795339065,-0.9144670371132304,-0.08832831746035602,0.049888215417782336,-1.0270158269480072,-0.11010653798299613,0.164929940840281,-1.0129924134509687,-0.014573043655247727,0.20372081196105393,-1.25057400959477,-0.09208337141965882,0.24350662594741887,-1.0046158523602904,-0.13732338075021258,0.2382170405904775,-0.8146318468809188,-0.15704067586487905,0.03844674435839023,-0.9984002486622112,-0.041458308208071476,0.07221579446182791,-1.272216310273379,-0.12770545767295927,0.13767525001753866,-0.9700286334413896,-0.15699922507735323,0.1384140812508963,-0.7694748785860104,-0.16035976051313913,-0.08206778664972475,-0.9218231185540765,-0.07972066241836315,-0.03497126240228036,-1.2153282887443932,-0.16695395323582812,0.043261543872418894,-0.9208499935235634,-0.16305071464807316,0.04382979930424967,-0.7389708179161588,-0.13995604035704484,-0.19726223691777656,-0.7823778966657525,-0.12182087144146951,-0.10023113435300691,-0.9199118266151658,-0.18477280228181148,-0.02533224203634801,-0.7403532752843475,-0.17825912480846237,-0.023055997219751864,-0.6362603841223544,-0.16134642871684748
YES,0.0,0.0,0.0,0.16733333597912595,-0.3158548170615666,-0.02245196841342028,0.2208043714537853,-0.6987018268882632,-0.04235433615083763,0.1568126445347242,-0.9370629421309948,-0.0739813862797454,0.05577680739942021,-1.0639838372135617,-0.09461578075580775,0.12358243065612018,-1.0278631527165547,0.00631845202501548,0.14705584930718196,-1.2613951618051538,-0.06415205004941016,0.20002668573329377,-1.019125209531588,-0.1088736845028875,0.20224868645817654,-0.8339949856571984,-0.12955252931308806,0.00729489321141436,-0.9996783932213338,-0.024287747105205603,0.028887709128980674,-1.2770096278322884,-0.10318574902667112,0.10557745024405793,-0.9952562451280582,-0.13292876665918987,0.10860341167269841,-0.7992918555511723,-0.1380259103010485,-0.10417203660668262,-0.9164508562896826,-0.06564355680579062,-0.07298948223118605,-1.2229230561498292,-0.1469883360201814,0.01585145353751464,-0.9458064700626201,-0.14044767195056812,0.020130340738245052,-0.7557993054648922,-0.11703397821927451,-0.2077530613278484,-0.7714538359789251,-0.11016241032217172,-0.11956335558254795,-0.9440591728037133,-0.16996163150240567,-0.03984571051825334,-0.7743809716732167,-0.15957500432969293,-0.03490539506109405,-0.6514262179785021,-0.13975397964143257
YES,0.0,0.0,0.0,0.15884369100133333,-0.34570463165536136,-0.00989666703639248,0.2145944846129801,-0.7342563550754334,-0.02060698760498648,0.20613101652796664,-1.0089875452960049,-0.04514322381564275,0.16838834482348194,-1.213807079188215,-0.06014693338148813,0.10513544143900522,-1.0380693189676986,0.01648943803515964,0.12294658988381822,-1.2882431908400362,-0.054648455841499244,0.18519476884041466,-1.0748049838171612,-0.10021681772798466,0.2029045775201257,-0.8966998901650285,-0.12174820116021168,0.008651996566937391,-0.9998190354668474,-0.016942233428583555,0.03247688404532378,-1.2660312946228562,-0.0951560276890937,0.10924654920706063,-1.0053493564317586,-0.12528097042083974,0.1202266214587729,-0.8140413347343821,-0.13326017879218252,-0.08964118478597162,-0.9163739556430898,-0.06074044289682454,-0.054311495055941836,-1.19299910390604,-0.1412181891214446,0.027199684250453188,-0.9420074383887463,-0.13379500853221674,0.037887149342569246,-0.7616824560983667,-0.11222926030633393,-0.18911232678683387,-0.7757851169229618,-0.10718544581931112,-0.11147579579658967,-0.917838360897356,-0.16908257321630815,-0.0411706490289586,-0.7621836770987359,-0.1618100042881088,-0.03179421008717067,-0.6468982821595406,-0.14466967544548046
YES,0.0,0.0,0.0,0.1661906564597705,-0.27152572373106926,-0.046510359878413315,0.2485700282928172,-0.6872071050191703,-0.06475553497368894,0.24212177073876784,-1.020881958525796,-0.09063674752851987,0.20930078514986447,-1.2842400584453422,-0.10946544258716058,0.12122025295151821,-1.050270975210665,-0.007498099273433212,0.12380902502841597,-1.338160128276917,-0.10533814277685777,0.1844941148584593,-1.1475452273594395,-0.1784991268545712,0.21236103727081296,-0.9499936798165797,-0.21401789490563197,-0.0035689320250199396,-0.9996526747730519,-0.02611115744818092,0.0021099647876914314,-1.295433834506128,-0.12301583506433124,0.08710629040977283,-1.0740191403942072,-0.17313915895539939,0.11666242464761364,-0.8673806815899179,-0.1900670327575448,-0.12785197345157895,-0.89368098262458,-0.059589699440607824,-0.1056986113578651,-1.1273462670024212,-0.16033411111675505,-0.009889244605967679,-0.9260245700098838,-0.17483518723250968,0.022949495461581943,-0.7547535963031903,-0.16270250220474206,-0.24764454086624066,-0.7332560226509026,-0.09758988926228726,-0.17917171670428,-0.8495935121575775,-0.17289836383875945,-0.09227904367250506,-0.7013498154379637,-0.17731966936093072,-0.05796020008352423,-0.5768655565867471,-0.1649726800259319
YES,0.0,0.0,0.0,0.21930788880098745,-0.24433433825188802,-0.03351256469785027,0.38922923269449083,-0.6674522776084121,-0.04864870416262278,0.4278308077359113,-1.0435218254221268,-0.07417156986497153,0.39299866712388215,-1.310500729159215,-0.10375761776343717,0.3236637991977138,-0.9776377320539414,-0.0232605419291864,0.34632879619322926,-1.4374054995454542,-0.11217686740798075,0.38564009738244304,-1.4656031344658131,-0.18233911068854397,0.406003861110871,-1.3574738467166523,-0.21787015681296923,0.1922196490459923,-0.9801017005084522,-0.04952033098713851,0.225873931010724,-1.4228446431941102,-0.1237669664774052,0.27077486328513445,-1.3675985561967385,-0.1684126616936777,0.2851819456377898,-1.200429372587456,-0.1926432007641283,0.04791368392703819,-0.927480883362817,-0.08629595740973448,0.08610340273420886,-1.338023765791621,-0.15780381279070993,0.13787219005494267,-1.2372240135323984,-0.16375142096288856,0.1605533171901807,-1.0399280302919367,-0.15620430781046998,-0.11208368111403774,-0.8419108505821014,-0.12791627689874907,-0.07081346406740448,-1.1708581666578322,-0.1805913652436592,-0.005454137911526992,-1.1149374813725073,-0.1757807638996334,0.02978591601170863,-0.9694952375219851,-0.1636270844691937
YES,0.0,0.0,0.0,0.21316225766112398,-0.3483538854979929,0.0015945166231870823,0.32116507668351163,-0.7400096390956126,0.00022280215642115866,0.3241621918476613,-1.0483297327740346,-0.01980896639343865,0.30104350421631826,-1.2745805532223364,-0.03772141249167703,0.22655344123143498,-1.018072218016359,0.039906629784848754,0.2262878993378469,-1.3731781693005067,-0.031772975928944985,0.26295150531999933,-1.2634277936916378,-0.08542377378896893,0.2684100883054863,-1.0853587084293195,-0.1097894351715458,0.12439111775684834,-0.9922327955590905,0.0009639710545199249,0.1219784229363742,-1.336977478993213,-0.06759808427039084,0.1771218622455558,-1.1641037166006116,-0.10809809410342046,0.19343315097865366,-0.9675137260105373,-0.12606744203599912,0.008719243487633803,-0.9340959489747137,-0.04782231701417812,0.01817493076607789,-1.2605886916413955,-0.11531033030049655,0.07693812536153885,-1.061317326892759,-0.1157727468364575,0.09741679605727387,-0.8657829437658097,-0.103034499336729,-0.12638966990332692,-0.8416611295611592,-0.09880574111606126,-0.0996423850966591,-1.0926775107810591,-0.1435909876273553,-0.04779782606807852,-0.9565697491502001,-0.12947219324208478,-0.03142378844498132,-0.8064755451607182,-0.11005488793318784
YES,0.0,0.0,0.0,0.18661045095938886,-0.3247710186967687,-0.004844474889849452,0.26293763348532034,-0.7051545032102545,-0.008954183441259832,0.23674210504139082,-0.9745635952475484,-0.028238760039604575,0.1830268844666966,-1.15370631976687,-0.04142158896374535,0.13893359881228987,-1.0227359046382964,0.03194749876145378,0.1741707535302448,-1.2709083233887877,-0.03412363015524186,0.2263043118398271,-1.068218130129167,-0.08258298011373622,0.23029473679299833,-0.8899643378119843,-0.10469389720924387,0.03672513246914082,-0.99932441227821,-0.0014084281785340397,0.06528820241500219,-1.2633327259226856,-0.0653653933860842,0.12887777075750473,-1.0111423122049248,-0.09531575114238276,0.12768155334968864,-0.8204314239060114,-0.10453727677721246,-0.0720144828448546,-0.9344690323175463,-0.044880918916876275,-0.04489468975353436,-1.2262922781466736,-0.10721547445438538,0.022070197790704783,-0.9841962369694275,-0.09709078828186461,0.021661465639947305,-0.8025269749445396,-0.07646149177409783,-0.18973764003424123,-0.8174527917032418,-0.0907011782092453,-0.1351495474597958,-1.0364424843657607,-0.13110034127983825,-0.0754992790928648,-0.8759073780024363,-0.10797275482039158,-0.07696129285019115,-0.7356276665600486,-0.0817207898215103
YES,0.0,0.0,0.0,0.21988494915184656,-0.30873210391538375,-0.00522845860429944,0.2984074250485098,-0.6715391426521252,-0.022338159090871827,0.20795405623456176,-0.9096882091634043,-0.05977365426592419,0.0635890009898935,-0.9912664322342429,-0.0953540094479273,0.16229454467693183,-1.0176485605595176,0.030450525202900616,0.19589181403745362,-1.3706969732781475,-0.05833971398263278,0.2607361388588014,-1.1551887697718424,-0.13082791209790098,0.2691506239133877,-0.920957351899484,-0.16267074990966365,0.045362099259744264,-0.9989078329561548,-0.011199161110899802,0.08039013756119864,-1.37769757715635,-0.08969756607927401,0.16037590698236978,-1.1265114691498455,-0.13663898406070343,0.1606492385789545,-0.880981824058018,-0.1533226099370238,-0.07813874835775085,-0.9508974820260679,-0.06359693958852544,-0.0422303571450997,-1.3730353031953832,-0.1282327767471894,0.042320737959073366,-1.11930320831497,-0.12519179659398225,0.0397688090939346,-0.8654888637664769,-0.10513206421367936,-0.21105827754771952,-0.8621716689781771,-0.11989798083156739,-0.13768031511080292,-1.1744054821463745,-0.1556017154021962,-0.05718259623470137,-1.0067418792884741,-0.12880792827002288,-0.05590381717470721,-0.7996159489895603,-0.09867257245789199
YES,0.0,0.0,0.0,0.2374372127703836,-0.31802542547264345,-0.003165568275093817,0.3217625794009086,-0.6603951587541768,-0.01683790152428151,0.25544618712998163,-0.905635223769445,-0.05135373681303715,0.12221358584162857,-0.9900320264806619,-0.08557109504818261,0.1942251580628885,-0.9951236947148048,0.03453236721366303,0.21037402309722908,-1.3377757852635557,-0.04440767009871912,0.28208691860180307,-1.1693024105476717,-0.10780599854547804,0.3093810438806426,-0.9491478026784717,-0.1359272100737615,0.07948403259294465,-0.99682122537366,-0.00545281645746311,0.09678264902945562,-1.385548356312118,-0.0877609419290906,0.18158405092183258,-1.1644031886515998,-0.14039113759775107,0.19089629828547447,-0.9109522851547365,-0.15911807151078997,-0.044540396311395225,-0.9652036776422563,-0.05438735985205826,-0.028861100341947474,-1.4028799195617068,-0.12423398774855655,0.058271211597143414,-1.1664477385472642,-0.1347385845113008,0.06364862415405384,-0.9014759195539878,-0.12254071015377271,-0.18141839311402122,-0.8857664479987305,-0.10625174418531656,-0.1161861665332501,-1.1895496127975689,-0.1491304625906392,-0.03642685869832894,-1.0335603090108751,-0.13651376726756756,-0.028038969585708878,-0.8196800675910658,-0.11563515820477704
YES,0.0,0.0,0.0,0.25781528593110836,-0.30088256214560305,-0.025673317949591233,0.3322825662389153,-0.6477660941818755,-0.055313439916118506,0.2179589349334629,-0.9014718856216043,-0.10284461880829807,0.044546681672771114,-0.9662947735551887,-0.15080257493562269,0.22864443692136213,-0.9888227404159082,0.012481780299993896,0.2491843742061466,-1.321292744061146,-0.0773311343402796,0.3063223284805135,-1.1338073010165441,-0.15320725635917543,0.3261398311389197,-0.9048715041067947,-0.19131149342342244,0.10334990898421319,-0.994420117434192,-0.02115245506135332,0.12486502312668159,-1.3746806943470462,-0.10950959627971989,0.20016117236696934,-1.140901665561369,-0.1661415853317962,0.20834217152365647,-0.8855802076343119,-0.19001267699889648,-0.02506198244937612,-0.9664709082033408,-0.06633378611480971,0.00597225183092845,-1.392938416377966,-0.1469307130856338,0.08846386250856339,-1.1373480469961097,-0.1615793035254893,0.09091718896250486,-0.8682555910834429,-0.15089194717882778,-0.16320743246053054,-0.8913348813704641,-0.11609867259037379,-0.08307024910284791,-1.188045940837504,-0.16610591100132152,-0.013248402402990632,-1.0053919559624027,-0.15384334066033153,-0.016851156569739865,-0.7856481271345634,-0.1331324589696449
YES,0.0,0.0,0.0,0.2578603586276341,-0.29254235788937455,-0.03267294720946457,0.33153909344946214,-0.6738640565863604,-0.06589458585698597,0.21083879618767995,-0.9481388632579165,-0.11399074077636405,0.03317362183111045,-1.0355404339939662,-0.1569871345192764,0.21922679892101585,-1.003565907482978,-0.0010622120771834641,0.24818181923852103,-1.3274849435755354,-0.09469174343058608,0.30831817317135823,-1.0936385362785896,-0.16108610365713016,0.3179445990913015,-0.8453999101218119,-0.18980762488257083,0.08847604689076566,-0.9954934987399562,-0.03412745365631519,0.12538209364732553,-1.3680174080454135,-0.1328914726676343,0.20141888202755254,-1.0707712431127094,-0.18142868536126447,0.19633959905728524,-0.8096157595400512,-0.19442288353515627,-0.04691442232631931,-0.9601181637579562,-0.07863948500891355,0.0012073493167918078,-1.3918123856997453,-0.1702561321141575,0.07913155160216977,-1.06770156556692,-0.16516705763803685,0.06148903832824551,-0.7982737970573742,-0.13703940944994675,-0.1940857724372259,-0.8793846894295659,-0.12799204792627009,-0.08971447007737303,-1.1582121417152447,-0.18771539856985955,-0.027032324622667837,-0.9409905784557636,-0.16279239493437836,-0.05548401298638985,-0.7316773150643411,-0.1293520557206844
YES,0.0,0.0,0.0,0.2591344531094293,-0.3040517030486282,-0.025579129229072396,0.334049926220767,-0.6772986272572585,-0.052637530122856165,0.2359641066031502,-0.952777972127037,-0.09553777487058716,0.07957040321625483,-1.055376635880361,-0.13210300365815597,0.21036215248743467,-1.0122693674353043,0.004766206471722619,0.2348610028058282,-1.345527164377725,-0.08294514852034987,0.30440724089431076,-1.1028265682207297,-0.1395769880132661,0.3114337149944073,-0.849877214227813,-0.16071882520841113,0.08686458019924949,-0.9957421858349117,-0.030855211156630785,0.11935931843494114,-1.3782997775600194,-0.12854179241083322,0.20643315251611824,-1.0775414012318212,-0.17635826214989875,0.20001635639299592,-0.8087949937666575,-0.18868286774024715,-0.04425364387845629,-0.9539267694803664,-0.0770430255192921,-0.0018848995506348418,-1.3874969377624575,-0.16735292809722738,0.09091693662565288,-1.070289688578261,-0.16527911879207455,0.07867332407428745,-0.7955412791432713,-0.1399012931831883,-0.19122446412546393,-0.872582713568915,-0.1272081924755334,-0.09095374980858459,-1.166990815841394,-0.1893601980139248,-0.010385192658628835,-0.9539542179062365,-0.16900484904195642,-0.025205082169899144,-0.7350669072661961,-0.13888655918930184
YES,0.0,0.0,0.0,0.24418805451134137,-0.2802972655026744,-0.042431000555005614,0.32092558206534155,-0.6782430843548212,-0.07996079798081514,0.17745261598806183,-0.9677088557162475,-0.12650869893086233,-0.0023628795256311675,-1.0616211964213809,-0.16306106346236407,0.218043359190742,-1.0072872392760535,-0.023019459866251795,0.2493971160559843,-1.3064257267463792,-0.11011383601042597,0.3037015296319673,-1.0342505187257234,-0.1590534025280298,0.2991760608303128,-0.7972230678960892,-0.17716275831791117,0.08480489155636026,-0.9950458991944974,-0.051882452373881116,0.12284610047734504,-1.3471370683141788,-0.1453005111726035,0.19541419711666388,-1.0192675354089904,-0.17948086797307403,0.18499031681899294,-0.7866888916061986,-0.18398349732304287,-0.04719880638490182,-0.9483546361803871,-0.09200873184318424,0.0028192140428920723,-1.33985101809187,-0.1844331466608303,0.08287137857187034,-1.0029200937049891,-0.1701970475029508,0.06847260040074088,-0.7753417368901385,-0.13688020567659578,-0.18895733640729293,-0.853502809970096,-0.13674250612999037,-0.08172963324581516,-1.0975814775221204,-0.19704048611492048,-0.016111396160212208,-0.8744635936563664,-0.16918457423096364,-0.043286328770776455,-0.7077775633703726,-0.13513252363710182
YES,0.0,0.0,0.0,0.1917642641834172,-0.24890197642828124,-0.038773911867293544,0.2810527003848169,-0.6304210178140721,-0.07051410224490481,0.19409167079708856,-0.8860980724923354,-0.10620092301790578,0.06591133313924995,-0.9919159271750256,-0.12911461850891318,0.19490582266905754,-1.014168165978658,-0.04262366986832694,0.24404722885598612,-1.2010453834499415,-0.11497357627277169,0.2661657332045838,-0.8843205520610431,-0.14300056260574437,0.24216159973349793,-0.7066363104319697,-0.15162686872493586,0.06054727351065422,-0.9958303960689565,-0.06823378881149164,0.11416838353869221,-1.192758251665937,-0.13785855956354018,0.15514024282673192,-0.8402961571231996,-0.1468521015639977,0.13636136276344704,-0.7080366516517563,-0.14349517655140553,-0.0683100114085986,-0.910241145651736,-0.10282385275151437,-0.005412641805873874,-1.1206971356078812,-0.18044831212895826,0.05269484543927326,-0.7892799326829024,-0.15204302045228,0.03271902865667398,-0.6703430215898318,-0.11886707408262341,-0.19695615071121947,-0.7761915738021209,-0.1401194159350541,-0.0993324009510972,-0.8959378319364406,-0.18820576137642284,-0.041465155241940915,-0.6787752325680707,-0.15293992218664584,-0.06370084407309412,-0.5903492634808781,-0.11918732939685123
YES,0.0,0.0,0.0,0.22608700425705708,-0.1809342386418902,-0.03749823098690741,0.3833580274784807,-0.411771710648706,-0.08131195156404189,0.4201545787240107,-0.5811629512370475,-0.12432618243985173,0.40345436626650133,-0.6494788976486415,-0.16499840980950223,0.26650540540297296,-1.0534541217467353,-0.11676108510683587,0.30610420509960257,-0.6292473468329101,-0.21018001556713004,0.31211267222833006,-0.3812357261646785,-0.27679397710937925,0.3085058150373824,-0.2970930314417318,-0.31912998743885124,0.09405398623264191,-0.9853260006672694,-0.14243075539641809,0.1486491047234104,-0.5139317551175814,-0.2063063089713906,0.17797651024106148,-0.3081620932913741,-0.22493745746529,0.18551589958908585,-0.24588071242864074,-0.249218167753068,-0.06114526665864148,-0.8163344268425619,-0.17086460237262385,0.003704032159528384,-0.42418039885092484,-0.2404411510641308,0.046679800835720535,-0.2599799674413962,-0.2373861609313566,0.059145405805250954,-0.21713052622435894,-0.23667041522974094,-0.18524797431857054,-0.6122556094696586,-0.20330485183470057,-0.11826304733376457,-0.2995243491556206,-0.24918285506359267,-0.05783076730173796,-0.15910068905841426,-0.2395517398115231,-0.022552089065438274,-0.12352826477423352,-0.22977680560595412
YES,0.0,0.0,0.0,0.6417209646669749,-0.08516259728160736,-0.3146190619185241,1.1186283955113543,0.24162214186489028,-0.5920312099968202,1.203306603274012,0.8516380825540474,-0.8416930285270083,0.9512328925565008,1.436648279308716,-1.1051366479139262,0.681021389298179,-0.7538017795016376,-0.7486836454063992,0.9059381476282956,1.2703054585762938,-1.1425081642821702,0.9230241229279582,1.439606515299444,-1.4237150933753266,0.8505706956497906,1.0696791046589313,-1.623034244327488,0.10989068222398356,-0.6108255631708299,-0.7841021421583964,0.44156083566160126,1.68772207166211,-1.0605125878486772,0.47525099168582857,1.664712704530721,-1.1000528285408255,0.4022889554127638,1.1546124819003214,-1.18498944946203,-0.3556560844384604,-0.19826409003119957,-0.835323684782133,-0.014862108418913805,1.7743715717706359,-1.0783895885324102,0.06716060680235965,1.7338471986228001,-0.9876750007578248,0.05510882257463726,1.2821306177076506,-0.9395184652520397,-0.7046691126170409,0.2962119756692244,-0.9322654890643931,-0.4217103801787906,1.7917620204822098,-1.125540799541054,-0.3110195902672564,1.7063970175801841,-1.0878657828648428,-0.3219071096869321,1.3143183012418505,-1.0671305596513259
YES,0.0,0.0,0.0,0.5287582777146772,-0.03640057881406405,-0.255854745660666,0.9034468124251613,-0.050757469621888276,-0.4389473986535186,0.931221600280262,0.01565911914533631,-0.5885590185774117,0.6719162656394008,0.1055323018907849,-0.7414319860700225,0.6088470866041353,-0.9046401292606664,-0.5021712246627489,0.7343767176850696,0.5704248748284906,-0.744915167235227,0.6958797396350741,0.566962077775486,-0.9263844685345651,0.6340709904689829,0.20318294330118472,-1.0713902725507742,0.18147482046329114,-0.8461316929608015,-0.5011267780762712,0.37372304896296166,0.7883821049100566,-0.6847056510161754,0.3714971333462649,0.6836734094587741,-0.7366994133635498,0.32525860799143935,0.266229751325227,-0.8245754682353693,-0.15897488157026476,-0.5655633008632217,-0.5127594831457161,0.057273320996021976,0.8535977236010945,-0.668934088103902,0.07239494716118264,0.7769640585239594,-0.6431518656135626,0.04639512243338713,0.4115712676874878,-0.6475799276475316,-0.4165635354551652,-0.20725034636803416,-0.5578394256035146,-0.20511803577198137,0.8543712896207559,-0.6865636223693345,-0.14409050586623312,0.7939424786206359,-0.6905502248759112,-0.1579040165856651,0.4880665857215329,-0.7070530402175391
YES,0.0,0.0,0.0,0.6560346268172067,0.2589693709707155,-0.44259784728287116,1.1095038771681711,0.735809322821013,-0.7972411339326868,1.1197904933060279,1.4339541193512826,-1.092094954108095,0.7433895620075954,2.0178819763050186,-1.4073509425080537,0.6555893814112562,-0.11462642913726444,-1.0036582981836035,0.776261102379599,1.8492395323261697,-1.422189511858035,0.760370183168374,1.727014134750065,-1.7340497591241797,0.7136492120812623,1.2373608203663833,-1.9780513714708163,0.02720253624538049,-0.1136133468560388,-0.9931525710775702,0.27477090056889114,2.1939437581669607,-1.2902514007430914,0.29184516799095955,1.9477605071808908,-1.3531472094790657,0.25077872842645343,1.362059330570186,-1.4851027728517951,-0.4534479671097624,0.1983870505534224,-0.9907082972417013,-0.1270924491742283,2.309264020967418,-1.2014073835819894,-0.11239849944821612,2.067036898856016,-1.100867799715444,-0.1365004931152573,1.5215201842943973,-1.0846078291017724,-0.8067157178806786,0.6327882194464947,-1.0514260854892465,-0.4950984188128574,2.270934606221517,-1.233385879153148,-0.4026610456233786,2.1333452624863543,-1.1976655769462272,-0.40005512557057893,1.7132770795485044,-1.2054386422981018
YES,0.0,0.0,0.0,0.6469430150386737,0.1980475121746811,-0.422496788021912,1.1128332103511778,0.7458533559513708,-0.7802297614640697,1.187424348583157,1.4595337281748146,-1.082522853391967,0.7920625665256756,1.9686324674642737,-1.4101086282496054,0.7087129634115406,-0.17154264961672588,-0.9813927840902695,0.8103197720810709,1.7858810576806532,-1.3901659105493394,0.7923421481189827,1.621141560167734,-1.7079087428665063,0.748813579928305,1.123104756749313,-1.9595234948673366,0.05992453401955985,-0.1791827881256532,-0.9819890929445481,0.28933178157685635,2.113376605931332,-1.2638693217098493,0.29404774279226326,1.8412971187112857,-1.3299014607011244,0.2555252676591035,1.2462411064782923,-1.4697919352261977,-0.44406085134954015,0.12013392475682884,-0.9880248243462856,-0.12549872627368433,2.2316932503316647,-1.1887413296715392,-0.124414688209069,1.9484428080029381,-1.0896826258850354,-0.16189444708542922,1.3954567920634637,-1.0791604011793787,-0.8223980485868986,0.5499686447815183,-1.054608873228122,-0.5205202628072353,2.1846505701018404,-1.231431372879146,-0.42700461578300514,2.017071297285833,-1.192882192428701,-0.4185274908689572,1.5991170366018954,-1.199863709676351
YES,0.0,0.0,0.0,0.6203512232793411,0.09762928124524799,-0.38646766887043493,1.091581618766447,0.49597322981886677,-0.7148003805012859,1.1815053107966405,1.1342306858863223,-0.9929038826455033,0.8313321041759533,1.6998551851024866,-1.2933047606452108,0.7278954419071466,-0.41030461010359925,-0.9178054382118566,0.8784015632165342,1.5816881220622445,-1.29565367671067,0.7978239395664447,1.4205600041332704,-1.5872821241675095,0.713208278571069,0.9103192684391528,-1.8250508217245613,0.1145435963986815,-0.35079294319415016,-0.9294213659741429,0.3806479684123428,1.9290686990345225,-1.183013163312373,0.3230200972159371,1.6445358538370518,-1.236429623525636,0.24232971711677712,1.0784298082819996,-1.370004473824587,-0.3654419558519707,-0.004180466544112106,-0.9451558714024801,-0.03168456218882615,2.0413105378450345,-1.1154544586174695,-0.08476487253700278,1.7376938755905846,-1.0121966806400455,-0.1585109814005468,1.2055733020196782,-1.0035055322366861,-0.7318648080315702,0.44847224421755727,-1.0194301552116705,-0.4215675381179025,1.9644123351646157,-1.1750536601386972,-0.3701149900420226,1.7565648966421747,-1.1352761733764019,-0.3964338712822206,1.3248153663939162,-1.143149095705256
YES,0.0,0.0,0.0,0.5700871191458551,-0.03831459234020307,-0.3121352902726716,0.9706822323723057,0.21090327726389066,-0.5737334796982607,1.01485297896835,0.7282673380415301,-0.796526364335631,0.6994651310402091,1.2046523078302502,-1.0335734240371919,0.6210431709495725,-0.7923323697956187,-0.7110956003163897,0.7221608578557184,0.8548416995202136,-1.0548207576593638,0.7506891788395421,0.8298775780275298,-1.3180307423697102,0.7376243740532834,0.46528595980546567,-1.5135416438565754,0.10078931818624326,-0.6896464645634807,-0.7170978087085778,0.33602869335968566,1.2693836483097016,-0.935555269114678,0.3684819776749011,1.1159058756337976,-0.9837836885976351,0.33077921135765553,0.6161964191937009,-1.083544921870753,-0.30629365414285664,-0.34378511592509764,-0.7322856902883994,-0.01846227358806557,1.4002017705541216,-0.8956038028809247,0.026869543571401058,1.2349027239617245,-0.8114201129477372,0.004318122291992525,0.7910078511249803,-0.7852227681235807,-0.6065492996042758,0.09922698988213274,-0.7952830175290492,-0.31548871455286426,1.4024289350781247,-0.9387732457570866,-0.22239544620774596,1.2710519970076821,-0.903000289890412,-0.22836719214301474,0.9338062778766982,-0.8900439903510046
YES,0.0,0.0,0.0,0.33130818439502485,-0.2991753563612511,-0.10671266040404076,0.5662549227442388,-0.3056968319852513,-0.2650589272294874,0.6491081269696993,-0.006779353085491665,-0.4320922529550506,0.6028221319739997,0.42589874841174286,-0.6079075910019471,0.4666656101606934,-1.0814940908040953,-0.2965060593246433,0.6213198628472999,-0.15736266049580716,-0.5130255837859313,0.6290098891226544,0.23149108777009023,-0.6808735441808581,0.5810169027436175,0.271939422241651,-0.7928034738847873,0.14628504106832924,-0.9224170313138488,-0.3574178326577781,0.33900608125717535,0.10246300271546148,-0.5041263228701228,0.37926691057271456,0.34361361536267376,-0.56287747544786,0.34847023039147984,0.24162608868482752,-0.6298035634683299,-0.12164732654278636,-0.6123899876637334,-0.4251193760295169,0.100718047325226,0.25837469738664726,-0.5374459890951591,0.1759478937752507,0.4124831017301686,-0.5179821436926539,0.15284586962630933,0.2530458471500831,-0.512874306477956,-0.31390909484330304,-0.2651285868089755,-0.5101547293801403,-0.08731536396308039,0.38276561789136926,-0.5546165422699891,0.005216347142951212,0.48013264714428844,-0.5016714521252833,-0.0016727311819901241,0.3771168514503337,-0.4701220602737416
YES,0.0,0.0,0.0,0.22695969798839696,-0.1801107841803715,-0.037132271316470344,0.359495403089065,-0.48030253213454704,-0.07505965838051379,0.4235436538946307,-0.7158786016075717,-0.11627308397120992,0.4903567819336326,-0.8671915427952988,-0.14406714118654718,0.2497570229269508,-1.0264167239220003,-0.08131563734951026,0.4043560692755827,-0.8477513995532137,-0.1836592443667784,0.42368106853005433,-0.5566936971843562,-0.23901175488967014,0.4005243332433323,-0.4123680532861319,-0.26598710666478637,0.12649325189059482,-0.9862400014291444,-0.1064430214113822,0.2999860998446106,-0.7160598467732596,-0.20168152918525614,0.30872709218826033,-0.451518430605445,-0.22572217522977325,0.26557060440278,-0.3965679763520598,-0.23679243448952175,0.0168621972971821,-0.8392108430398542,-0.13879013784166253,0.19272497386868387,-0.5811490007758309,-0.23241148414392437,0.2009883318933441,-0.3672749668283202,-0.2245099353005076,0.1553332669610071,-0.36439020717156634,-0.20777102617730575,-0.07642267564724252,-0.6503529065494175,-0.17447368310078804,0.09319413190068802,-0.4038616135098431,-0.23393229989081843,0.11243241778177165,-0.2757568196362292,-0.22482587050108918,0.07395276603639664,-0.30135527084135677,-0.2090057884837782
YES,0.0,0.0,0.0,0.1978420199441414,-0.2216669831309466,-0.02436427839994677,0.3029975629225627,-0.5867650530911316,-0.049960012209684136,0.25185757661137786,-0.8299996245647367,-0.0856463918749555,0.1601881459149629,-0.9494081757936611,-0.10982634989692117,0.1964478952584326,-0.9943314638884604,-0.0065063064651170515,0.2929544915864048,-1.1073169429028322,-0.08628208198399757,0.31765034841306133,-0.8351853792728835,-0.1411238439821389,0.2863695165382736,-0.66597282963561,-0.17117465440096108,0.0823001438278974,-0.9958726676862186,-0.03826638317690774,0.19787074090460458,-1.1129112764356326,-0.11816281857757285,0.24821696325202064,-0.8120057112139043,-0.14878769353654006,0.21863923800856985,-0.6445664492645835,-0.1589151761229302,-0.02175983348124284,-0.9362491118678968,-0.08143964698267796,0.10752548545793163,-1.0410972942452323,-0.1594026507311143,0.16154382157295485,-0.7516122483586501,-0.15384550678875245,0.1294808067668432,-0.6189501319792118,-0.13678815153173343,-0.11085920145750082,-0.813036886342792,-0.12889079941066336,0.0441297557516794,-0.7854392860267585,-0.18047600403789918,0.08479076066548287,-0.6050677167669433,-0.17156536948306858,0.04401927270215571,-0.5492513095545355,-0.15827054690446976
YES,0.0,0.0,0.0,0.21502143130243906,-0.28065089061474957,-0.0279723965602677,0.29416913945721657,-0.667680246943174,-0.05039915273670897,0.2077522747841332,-0.9527663383017442,-0.08532363139484846,0.07859024360562632,-1.0588999139959783,-0.1096257598036137,0.19327125375424584,-0.9912873518276528,0.030989632605379732,0.24784175692204183,-1.2520451253354306,-0.04802093072646955,0.29692821591128526,-1.02407570051327,-0.10811899668141428,0.28776682432437384,-0.799557652765969,-0.1341749933006843,0.08191051525114453,-0.9966330957667171,0.003624901894057252,0.14851740284561885,-1.3065868492626393,-0.07778415320179134,0.21793506293743875,-1.0462210596706367,-0.11958055408306634,0.21107707649529936,-0.8035672938133296,-0.1298346241517151,-0.032607679008597665,-0.9669486414733148,-0.037935380765390894,0.055515954515974034,-1.2956070360297394,-0.11814148379846326,0.12935842284806923,-1.0235371556500603,-0.1208980204179315,0.11716988151050879,-0.7867839335364698,-0.10091013000739399,-0.14916040569318187,-0.8800833003010816,-0.08449273907813959,-0.015945831080883606,-1.0510461125346333,-0.1412388562373365,0.043915522289301144,-0.8670031354542191,-0.13278387176240672,0.023406316254204102,-0.7057693053858254,-0.11332471662439261
YES,0.0,0.0,0.0,0.21640956388377605,-0.32183756069087327,-0.014603945774532768,0.2848369345749114,-0.7012674704877072,-0.03793026081390278,0.20687029724122985,-0.9960363562818295,-0.07777157200742443,0.08187056781999313,-1.1238976313350084,-0.11122625379209451,0.20267758214250367,-0.99987570734174,0.03186035544709319,0.23517822008250833,-1.2773719401817847,-0.04909090153437571,0.2872815783452885,-1.065185297902632,-0.11609151934863295,0.28958690762725997,-0.8430700896161363,-0.14746930041465126,0.0944765760138528,-0.9955129504468851,-0.0053049106718411464,0.1325490122873426,-1.3445285544179306,-0.08726422688656016,0.21204394257887918,-1.1079142233007364,-0.13811545549715237,0.21695041657988526,-0.856840610692519,-0.15615663292050594,-0.017679399180039548,-0.9609978510446269,-0.054392025325186125,0.03472185772710697,-1.3323456977075459,-0.13099397878083965,0.11893733576783355,-1.0829472441720633,-0.14249100458685385,0.11998102262676745,-0.8349122498165652,-0.12973887079321034,-0.13174723787649992,-0.876326411005399,-0.10720416639155107,-0.02948285176031782,-1.1123129155215727,-0.15805414182274993,0.0442384694902302,-0.9419990004388842,-0.14997935363933934,0.04255002997093695,-0.7505423540344844,-0.13176947711206424
YES,0.0,0.0,0.0,0.21503850962241763,-0.3211801855153323,-0.01838674754146781,0.27203414788326025,-0.6934306004989879,-0.044908796851373875,0.18094551075904167,-0.9531117642934086,-0.08817855473625265,0.041442252432200094,-1.0448444845420675,-0.12539482391603474,0.19735169591427348,-0.9914994304147043,0.027373276648847138,0.23943023385439513,-1.266914364899899,-0.057249422530283006,0.28378177700970214,-1.0610910784792176,-0.12826870046411948,0.2842504137624728,-0.8406041142746712,-0.16321381636263935,0.08647530727123681,-0.9962065915864605,-0.009718441852083981,0.12979860472828503,-1.3403785692481227,-0.09250551712258713,0.20226887289093184,-1.1006442283495004,-0.1418862630118704,0.20812280353203025,-0.8550122901572752,-0.15961995988933292,-0.027923004832721768,-0.9596310915440982,-0.06009168624139841,0.03292517582943337,-1.3280713311761925,-0.13889543846104038,0.1094348692692896,-1.0806968856126007,-0.15130476032922704,0.10731833622557836,-0.8421366058411358,-0.13879993390372136,-0.14018191088451443,-0.8649963583477499,-0.11448572285344956,-0.02745488792105237,-1.0992786057765347,-0.16204799146792964,0.03955003082367526,-0.9294259842769192,-0.15193510015455314,0.03075613883449659,-0.7444379291940607,-0.13372441657663126
YES,0.0,0.0,0.0,0.1992421033914724,-0.3438019755767001,0.0013982718706897865,0.256614418310956,-0.7171023552219307,-0.012918852853636939,0.19806093029209493,-0.9727208874583257,-0.04857376327937081,0.09391669534348511,-1.0828974697442928,-0.08100246200140114,0.16682371775538218,-1.0194114434177308,0.050775868905747985,0.20392826825441035,-1.2850233084043525,-0.024485228245616053,0.2578939380117409,-1.0765305411856527,-0.09407603312006345,0.26787662499583587,-0.8712162955691402,-0.12962105809036284,0.06542583699813609,-0.9978134651720537,0.009367420906102382,0.1120423795358635,-1.3017325987599668,-0.060547212490577436,0.183798391852423,-1.0656951790285307,-0.10792688774356689,0.182102673390012,-0.8359334384317484,-0.12772589785307772,-0.037351177414413204,-0.9373178852460188,-0.043465340122745146,0.016632488757092407,-1.2761759163370199,-0.10560733055421938,0.0970455367037245,-1.043625491954969,-0.11512690294871332,0.09813267220227172,-0.8126022280715771,-0.1048504989602057,-0.141546359958082,-0.8257669852465701,-0.09933940603641297,-0.053514745520465194,-1.0775753470902951,-0.13691093655203046,0.019132469503693274,-0.9311747712467672,-0.12602888035372803,0.020919690860712714,-0.7533859143757048,-0.10868541442236641
YES,0.0,0.0,0.0,0.19705766169980282,-0.32645949715045064,0.0002718477403244302,0.2699589301596799,-0.733657512083618,0.0007604672343334669,0.25749727866895783,-1.006289122569883,-0.01567954763286671,0.22709778259865204,-1.204767447869906,-0.02620455044166445,0.14906423922474807,-1.0259725036965412,0.0474303107868718,0.1808145663926793,-1.2915121129113742,-0.019242613931426584,0.23908827171020644,-1.0774597594437136,-0.0721707451132689,0.24487884906964336,-0.8717867542518423,-0.09594071635626675,0.04176673699664598,-0.9990359269051095,0.013518743784162714,0.08602619071635192,-1.2831374569381306,-0.05418982019349126,0.15046226936562931,-1.017311617267998,-0.08903425942318922,0.1421566178415902,-0.8000469686809737,-0.09849471765577637,-0.06851506965064824,-0.9320486157598468,-0.030746069640496275,-0.011458878834883642,-1.2220787320507138,-0.09894686068363209,0.059012052924014284,-0.9611309549037388,-0.09086066918473144,0.049786158065385215,-0.7598350399338014,-0.06742765529275485,-0.1870445640846499,-0.8104252378413164,-0.07680966409215274,-0.09167627501720868,-1.0135467345194056,-0.12600152133876502,-0.029264234871994903,-0.8333628687924545,-0.10584809052968237,-0.04017301023782102,-0.6781232833995058,-0.07839904357067783
YES,0.0,0.0,0.0,0.15434567780335637,-0.2691022685818348,-0.018415939852419204,0.24336139869356144,-0.6716840358230515,-0.022364997721050314,0.25847322440524884,-0.9578403274965513,-0.03770403141029869,0.23340155797796355,-1.184072051538472,-0.0463460089751709,0.08174321697990942,-1.0334554837140681,0.03802747285369866,0.13055866587385392,-1.2310994502159984,-0.025204195345480233,0.19218539360488643,-1.0485550800382408,-0.07569491701723602,0.19642927547690675,-0.8628492709857092,-0.09750169248350234,-0.027457819014488797,-0.9994953277983597,0.015973662204295636,0.03436486332114243,-1.199011812611869,-0.04155330223169388,0.10604585401556205,-0.9653184557597133,-0.07557235651299907,0.10394581221533432,-0.7749336261631208,-0.08590612674960936,-0.13898386065851617,-0.9121928587776795,-0.01705365296272578,-0.07247902933085501,-1.12540910165145,-0.08641985878923289,0.012308451927174334,-0.8830192282544186,-0.08166077841760361,0.016178626469089127,-0.699064212447039,-0.06117274153423608,-0.24870336580267266,-0.7588334952976155,-0.05200230956025024,-0.14893829769125863,-0.9168212553455163,-0.11048445826252305,-0.0722881940047509,-0.7395423475038118,-0.09359227902743192,-0.06930678309037018,-0.5904171961475003,-0.06547442859259121
